timestamps,open,high,low,close,volume,amount
2025-12-03 09:30:00,0.995236,1.002469,0.99419266,1.0,648918700.0,647604300.0
2025-12-03 09:35:00,0.9999652,1.0036165,0.99822646,1.0022606,202830320.0,203036620.0
2025-12-03 09:40:00,1.0022603,1.0029558,0.99840033,1.000541,176617440.0,176801000.0
2025-12-03 09:45:00,1.000452,1.0019108,0.99819165,0.99855685,149393200.0,149360000.0
2025-12-03 09:50:00,0.99850476,1.0004867,0.99798304,0.9993045,124291496.0,124175870.0
2025-12-03 09:55:00,0.9993741,1.0012866,0.99860907,1.0009737,97962160.0,97968110.0
2025-12-03 10:00:00,1.0009563,1.0023298,0.9998957,1.001078,117201740.0,117326570.0
2025-12-03 10:05:00,1.0010432,1.001669,0.9994784,0.9995131,100347260.0,100390010.0
2025-12-03 10:10:00,0.9994088,1.0011128,0.99920017,1.0006955,88764230.0,88773490.0
2025-12-03 10:15:00,1.0007303,1.0010432,0.9998261,0.9999478,64273624.0,64298480.0
2025-12-03 10:20:00,0.9999304,1.0002086,0.99916536,0.9997914,65300824.0,65286060.0
2025-12-03 10:25:00,0.99972177,1.000452,0.99906105,0.99920195,69891016.0,69863704.0
2025-12-03 10:30:00,0.99913067,1.0000695,0.997218,0.99913067,154341700.0,154169940.0
2025-12-03 10:35:00,0.99911326,0.99911326,0.99676603,0.99728763,87467010.0,87298200.0
2025-12-03 10:40:00,0.99739194,0.99760056,0.9952012,0.995375,123121380.0,122677170.0
2025-12-03 10:45:00,0.9954446,0.9971555,0.995236,0.9956532,98318460.0,97912640.0
2025-12-03 10:50:00,0.9955489,0.9963327,0.995375,0.996123,62242228.0,61983604.0
2025-12-03 10:55:00,0.99614,0.99662656,0.99464476,0.9946796,73414610.0,73085910.0
2025-12-03 11:00:00,0.99460995,0.9960705,0.99367106,0.9956358,101757224.0,101248120.0
2025-12-03 11:05:00,0.9955836,0.9965226,0.9947839,0.9961366,73566160.0,73253990.0
2025-12-03 11:10:00,0.99615633,0.9968004,0.9954446,0.9959662,80806024.0,80490220.0
2025-12-03 11:15:00,0.9959662,0.9971137,0.99579227,0.9961748,67651416.0,67398510.0
2025-12-03 11:20:00,0.9962096,0.9962791,0.9943666,0.9954967,63478204.0,63198140.0
2025-12-03 11:25:00,0.9954793,0.9962096,0.995375,0.9959662,43794324.0,43608530.0
2025-12-03 11:30:00,0.996001,0.9970442,0.9955836,0.9967833,62887250.0,62657900.0
2025-12-03 11:35:00,0.9968007,0.99697465,0.9960705,0.996905,38841790.0,38713136.0
2025-12-03 11:40:00,0.99692243,0.99739194,0.9963491,0.9970584,56189456.0,56016980.0
2025-12-03 11:45:00,0.9970094,0.9970271,0.9960013,0.9965493,47539348.0,47379936.0
2025-12-03 11:50:00,0.9965921,0.9966269,0.99450564,0.99460995,49845084.0,49624950.0
2025-12-03 11:55:00,0.99454045,0.99457526,0.99328864,0.99398404,79299150.0,78831060.0
2025-12-03 12:00:00,0.99394923,0.99421006,0.9928017,0.99360156,54940824.0,54591436.0
2025-12-03 12:05:00,0.99353194,0.99412316,0.99294084,0.9931495,38709224.0,38455150.0
2025-12-03 12:10:00,0.993219,0.9943318,0.9931147,0.9942417,36094348.0,35867920.0
2025-12-03 12:15:00,0.9942623,0.99471426,0.99401915,0.99443614,36222030.0,36017664.0
2025-12-03 12:20:00,0.99447095,0.9954098,0.99447095,0.9951921,45377972.0,45145904.0
2025-12-03 12:25:00,0.99516636,0.9961226,0.99504465,0.9958793,65703132.0,65410970.0
2025-12-03 12:30:00,0.9957576,0.9960705,0.9950273,0.99509686,42100824.0,41910868.0
2025-12-03 12:35:00,0.9949925,0.995236,0.99443614,0.99443614,34531980.0,34351556.0
2025-12-03 12:40:00,0.99447095,0.99457526,0.99353194,0.9942449,43189276.0,42939028.0
2025-12-03 12:45:00,0.99429697,0.99457526,0.99401885,0.9943492,34353690.0,34158220.0
2025-12-03 12:50:00,0.9943666,0.99443614,0.99356675,0.99408835,45231890.0,44965670.0
2025-12-03 12:55:00,0.99408835,0.9949577,0.993918,0.99407274,37035280.0,36822668.0
2025-12-03 13:00:00,0.99412316,0.99413186,0.99342763,0.99401885,45677332.0,45399860.0
2025-12-03 13:05:00,0.99405354,0.9948534,0.9926626,0.9926626,48744556.0,48430544.0
2025-12-03 13:10:00,0.9926626,0.993493,0.9925931,0.99304515,41148390.0,40858230.0
2025-12-03 13:15:00,0.99304515,0.99342763,0.9922453,0.99331814,43449816.0,43146064.0
2025-12-03 13:20:00,0.99327123,0.99419266,0.9930261,0.99391454,172437330.0,171333920.0
2025-12-03 13:25:00,0.99387974,0.99389714,0.99337554,0.9934252,23872050.0,23720330.0
2025-12-03 13:30:00,0.99342763,0.99408805,0.99342763,0.9937406,29048310.0,28864462.0
2025-12-03 13:35:00,0.993758,0.99422747,0.9937406,0.9937583,32330634.0,32132482.0
2025-12-03 13:40:00,0.9937386,0.99422747,0.99327123,0.99415797,30875242.0,30685324.0
2025-12-03 13:45:00,0.99419266,0.9943318,0.99335814,0.9936676,27882788.0,27712356.0
2025-12-03 13:50:00,0.99370587,0.99396706,0.99342763,0.9938449,27782138.0,27608122.0
2025-12-03 13:55:00,0.9938449,0.99396664,0.9925937,0.9927322,38807860.0,38547244.0
2025-12-03 14:00:00,0.9926626,0.9932538,0.99241924,0.99249643,40230180.0,39936824.0
2025-12-03 14:05:00,0.992454,0.99294084,0.9921758,0.9922453,40598850.0,40292490.0
2025-12-03 14:10:00,0.99223214,0.9923148,0.9914455,0.9922453,46921650.0,46549064.0
2025-12-03 14:15:00,0.9922453,0.9928625,0.99158496,0.9916889,49545148.0,49153516.0
2025-12-03 14:20:00,0.99157864,0.9915846,0.9906607,0.9912717,61782692.0,61243572.0
2025-12-03 14:25:00,0.99129075,0.9918288,0.9912717,0.9917933,39656190.0,39320944.0
2025-12-03 14:30:00,0.9918629,0.99193203,0.98956805,0.98995024,128875360.0,127693350.0
2025-12-03 14:35:00,0.98995024,0.9909239,0.98915046,0.98988074,82773576.0,81943880.0
2025-12-03 14:40:00,0.98991555,0.99012417,0.98942864,0.9898112,47363356.0,46881190.0
2025-12-03 14:45:00,0.9897764,0.98989815,0.98887223,0.98922,54657280.0,54080196.0
2025-12-03 14:50:00,0.9891852,0.9914108,0.9891852,0.9912022,67566584.0,66907532.0
2025-12-03 14:55:00,0.9912022,0.99139166,0.99012417,0.99026257,48693940.0,48243284.0
2025-12-03 15:00:00,0.9902285,0.9903328,0.98932433,0.98974156,71700120.0,70976430.0
2025-12-03 15:05:00,0.9898112,0.9902977,0.9891852,0.98960245,63691868.0,63037380.0
2025-12-03 15:10:00,0.98961985,0.99047184,0.98961985,0.9897764,50576950.0,50064708.0
2025-12-03 15:15:00,0.98974156,0.9899954,0.9885419,0.988681,76026320.0,75208280.0
2025-12-03 15:20:00,0.9886984,0.98935914,0.9886636,0.98922,61795056.0,61114404.0
2025-12-03 15:25:00,0.9891313,0.9897607,0.9886984,0.98951554,2455081000.0,2428754000.0
2025-12-03 15:35:00,0.9875856,0.98836625,0.9872031,0.9881072,95421480.0,94258824.0
2025-12-03 15:40:00,0.9880551,0.98970675,0.9878638,0.98925483,100855400.0,99717770.0
2025-12-03 15:45:00,0.98925483,0.99001986,0.9882289,0.9885593,73068664.0,72266056.0
2025-12-03 15:50:00,0.9885245,0.98928916,0.9862298,0.9869249,177053120.0,174882830.0
2025-12-03 15:55:00,0.9868554,0.98960245,0.98598605,0.9881072,553658560.0,546814100.0
2025-12-04 09:30:00,0.9879681,0.99012417,0.9846646,0.984821,451834880.0,445913340.0
2025-12-04 09:35:00,0.984821,0.9875161,0.9830823,0.9842386,139105090.0,137006620.0
2025-12-04 09:40:00,0.98435163,0.98513883,0.9817439,0.9833084,164373300.0,161683440.0
2025-12-04 09:45:00,0.9833084,0.9833084,0.9801095,0.98049206,167960140.0,164904050.0
2025-12-04 09:50:00,0.9805268,0.98090863,0.9785443,0.9790312,127920344.0,125330310.0
2025-12-04 09:55:00,0.9790659,0.97997004,0.9778315,0.9786834,128148960.0,125443440.0
2025-12-04 10:00:00,0.9786486,0.9799352,0.977362,0.97986573,132329940.0,129544776.0
2025-12-04 10:05:00,0.9797614,0.98063076,0.97899914,0.9798309,110175544.0,107950616.0
2025-12-04 10:10:00,0.97979623,0.98042214,0.978753,0.98017836,77913640.0,76338810.0
2025-12-04 10:15:00,0.98000485,0.98090893,0.9795528,0.9802656,80931690.0,79327870.0
2025-12-04 10:20:00,0.9802656,0.98038733,0.97746634,0.97760546,103755544.0,101569540.0
2025-12-04 10:25:00,0.9776403,0.9782314,0.9746148,0.9779358,159117090.0,155474190.0
2025-12-04 10:30:00,0.9778836,0.9792398,0.97758806,0.9788573,90774640.0,88813200.0
2025-12-04 10:35:00,0.9787878,0.9791007,0.9782393,0.9788539,75520490.0,73915330.0
2025-12-04 10:40:00,0.9788921,0.9790138,0.9779879,0.9783357,58771256.0,57511044.0
2025-12-04 10:45:00,0.9783357,0.9790659,0.97611016,0.97708386,88114330.0,86144880.0
2025-12-04 10:50:00,0.97708386,0.97732717,0.975206,0.97593623,80091410.0,78200310.0
2025-12-04 10:55:00,0.97597104,0.97659695,0.9753972,0.9763535,62947348.0,61441628.0
2025-12-04 11:00:00,0.97638834,0.97724026,0.97534513,0.97586673,66463180.0,64882028.0
2025-12-04 11:05:00,0.9757624,0.9757624,0.9741628,0.9752755,77012110.0,75105350.0
2025-12-04 11:10:00,0.9752929,0.97605735,0.9747191,0.9748931,52047870.0,50759196.0
2025-12-04 11:15:00,0.9748235,0.9748235,0.97301525,0.9742498,109124480.0,106312130.0
2025-12-04 11:20:00,0.9742324,0.9755712,0.97419786,0.9748235,53190960.0,51845560.0
2025-12-04 11:25:00,0.9748931,0.975206,0.9741628,0.9746496,44729788.0,43599372.0
2025-12-04 11:30:00,0.974667,0.9763535,0.9741628,0.97541463,72016450.0,70226810.0
2025-12-04 11:35:00,0.97544944,0.9762492,0.97534513,0.9755538,51804300.0,50542836.0
2025-12-04 11:40:00,0.975519,0.9755885,0.9743113,0.9745105,63565624.0,61975360.0
2025-12-04 11:45:00,0.9745453,0.97631884,0.9745453,0.9762145,52131550.0,50849424.0
2025-12-04 11:50:00,0.9761797,0.9769221,0.97597104,0.97624964,51297890.0,50083700.0
2025-12-04 11:55:00,0.9762145,0.97656214,0.9746496,0.97486836,51209892.0,49959020.0
2025-12-04 12:00:00,0.9748235,0.9760222,0.9745453,0.97590154,47468892.0,46297508.0
2025-12-04 12:05:00,0.97584933,0.9762492,0.9748931,0.9749626,46036508.0,44908090.0
2025-12-04 12:10:00,0.97498,0.9750669,0.97374547,0.97463465,74150504.0,72267580.0
2025-12-04 12:15:00,0.9746652,0.9747539,0.9737685,0.9738151,52380300.0,51031544.0
2025-12-04 12:20:00,0.9737977,0.9742667,0.9735021,0.9737108,57287972.0,55788132.0
2025-12-04 12:25:00,0.9737803,0.9742672,0.97345966,0.9740758,37860892.0,36872560.0
2025-12-04 12:30:00,0.974128,0.9741628,0.97301525,0.9739368,48674100.0,47399360.0
2025-12-04 12:35:00,0.9739194,0.9748583,0.97306746,0.97311956,59834980.0,58263784.0
2025-12-04 12:40:00,0.97305006,0.9739194,0.97305006,0.97391665,42409100.0,41284580.0
2025-12-04 12:45:00,0.9739889,0.9751365,0.9737803,0.9744236,46611360.0,45414956.0
2025-12-04 12:50:00,0.9744758,0.9753684,0.9743715,0.9751747,36557050.0,35637548.0
2025-12-04 12:55:00,0.9753103,0.9753103,0.9745453,0.97478735,30483284.0,29720846.0
2025-12-04 13:00:00,0.9747191,0.9747883,0.9739194,0.9745248,37882460.0,36916000.0
2025-12-04 13:05:00,0.9745453,0.9745801,0.97305006,0.97315437,37872970.0,36881924.0
2025-12-04 13:10:00,0.97315437,0.9734325,0.97242415,0.973363,53413252.0,51976090.0
2025-12-04 13:15:00,0.973363,0.9741628,0.97301525,0.9734847,48034544.0,46761940.0
2025-12-04 13:20:00,0.9735021,0.9739889,0.9734673,0.9739531,38798084.0,37778772.0
2025-12-04 13:25:00,0.9739368,0.9740584,0.9734673,0.9736934,38846108.0,37827910.0
2025-12-04 13:30:00,0.97364116,0.9740237,0.973363,0.9734012,46660536.0,45429040.0
2025-12-04 13:35:00,0.9733804,0.9734325,0.97291094,0.97298044,41293330.0,40185680.0
2025-12-04 13:40:00,0.97299474,0.97318906,0.97228503,0.97301525,68229430.0,66378440.0
2025-12-04 13:45:00,0.97305006,0.9737803,0.972952,0.9732938,47172120.0,45911160.0
2025-12-04 13:50:00,0.9733282,0.9734673,0.9725986,0.97261536,42136484.0,40998896.0
2025-12-04 13:55:00,0.97259796,0.97270197,0.97151995,0.97151995,82313464.0,80015680.0
2025-12-04 14:00:00,0.97151995,0.97218066,0.9709594,0.9710331,72419900.0,70350376.0
2025-12-04 14:05:00,0.9710679,0.97138083,0.9706506,0.9711027,69917470.0,67893400.0
2025-12-04 14:10:00,0.9710679,0.97186774,0.970581,0.9716591,61559824.0,59792690.0
2025-12-04 14:15:00,0.9716591,0.97176343,0.9699597,0.9700942,62828584.0,60998332.0
2025-12-04 14:20:00,0.9700594,0.970129,0.96877277,0.970025,84091224.0,81547176.0
2025-12-04 14:25:00,0.9700594,0.9704072,0.9695726,0.96971166,61722588.0,59867064.0
2025-12-04 14:30:00,0.96971166,0.9708244,0.9695726,0.9708244,67809580.0,65791110.0
2025-12-04 14:35:00,0.9708592,0.97311956,0.9708592,0.97245884,87410640.0,84947780.0
2025-12-04 14:40:00,0.97247624,0.97357166,0.97228503,0.97357166,45687972.0,44453308.0
2025-12-04 14:45:00,0.97357166,0.9738498,0.9732935,0.9735021,59247184.0,57680348.0
2025-12-04 14:50:00,0.9735021,0.9743019,0.9734673,0.9743019,56201532.0,54734296.0
2025-12-04 14:55:00,0.9743367,0.9748931,0.9740932,0.9748583,72704024.0,70853370.0
2025-12-04 15:00:00,0.9748235,0.9762145,0.9746148,0.9753103,89400050.0,87186570.0
2025-12-04 15:05:00,0.9753103,0.975519,0.9742324,0.9747191,89222620.0,86987170.0
2025-12-04 15:10:00,0.9747539,0.9752408,0.9744062,0.9748586,47584496.0,46386076.0
2025-12-04 15:15:00,0.9748583,0.97544944,0.974441,0.97537297,58622296.0,57158524.0
2025-12-04 15:20:00,0.97544944,0.9755885,0.97469485,0.9747191,70322370.0,68572250.0
2025-12-04 15:25:00,0.9747887,0.9750322,0.9739889,0.9741106,63282656.0,61667692.0
2025-12-04 15:30:00,0.9740932,0.9744062,0.9739889,0.974128,58209060.0,56704590.0
2025-12-04 15:35:00,0.9741624,0.97419757,0.9733282,0.97419757,81939910.0,79807140.0
2025-12-04 15:40:00,0.97419757,0.9745105,0.9733282,0.974128,69882100.0,68068030.0
2025-12-04 15:45:00,0.9741628,0.9743367,0.9735021,0.9738151,87043990.0,84776860.0
2025-12-04 15:50:00,0.9739194,0.9743019,0.9722154,0.97247624,182828100.0,177933460.0
2025-12-04 15:55:00,0.97252846,0.97607535,0.97252846,0.97593623,430402020.0,419326530.0
2025-12-05 09:30:00,0.9755538,0.97732717,0.97186774,0.97193724,353636350.0,344502430.0
2025-12-05 09:35:00,0.97197205,0.9758316,0.9711374,0.9748896,136303580.0,132685770.0
2025-12-05 09:40:00,0.9749105,0.9755364,0.9715721,0.97193724,97179680.0,94603350.0
2025-12-05 09:45:00,0.97193724,0.97307295,0.9712417,0.9728588,98078620.0,95359656.0
2025-12-05 09:50:00,0.97291094,0.97367597,0.9722154,0.97308826,70449760.0,68545690.0
2025-12-05 09:55:00,0.97315437,0.9745801,0.97311956,0.9743019,56403692.0,54925292.0
2025-12-05 10:00:00,0.9744062,0.9757971,0.97322387,0.97322387,85048260.0,82850840.0
2025-12-05 10:05:00,0.9732761,0.9742672,0.97256315,0.9734325,70641576.0,68761430.0
2025-12-05 10:10:00,0.973429,0.97611016,0.97315437,0.9760062,72877430.0,71031810.0
2025-12-05 10:15:00,0.97607535,0.9773446,0.9756932,0.97661436,75258800.0,73485090.0
2025-12-05 10:20:00,0.9767709,0.9776403,0.97543025,0.9754842,82668904.0,80712250.0
2025-12-05 10:25:00,0.975519,0.9758319,0.9747539,0.9752585,64790096.0,63192428.0
2025-12-05 10:30:00,0.9752755,0.97708386,0.975206,0.97656214,72446650.0,70710240.0
2025-12-05 10:35:00,0.97659695,0.9767865,0.975206,0.9752581,59081260.0,57661056.0
2025-12-05 10:40:00,0.9752408,0.9753798,0.9744062,0.97480613,78838750.0,76864490.0
2025-12-05 10:45:00,0.9748332,0.9753329,0.9742324,0.9751017,47771416.0,46571160.0
2025-12-05 10:50:00,0.9751017,0.97544944,0.97301525,0.973469,53745684.0,52362210.0
2025-12-05 10:55:00,0.9735021,0.9741624,0.9730166,0.9739368,49091364.0,47798024.0
2025-12-05 11:00:00,0.9739541,0.9747887,0.97362375,0.9740584,38017044.0,37032640.0
2025-12-05 11:05:00,0.9740237,0.9745453,0.97294575,0.97353685,51283508.0,49937976.0
2025-12-05 11:10:00,0.9734673,0.9742667,0.97291094,0.97315437,42129868.0,41011310.0
2025-12-05 11:15:00,0.97315437,0.9734673,0.9722154,0.97247624,443866880.0,431806270.0
2025-12-05 11:20:00,0.97247624,0.97275966,0.97210765,0.97216326,44729500.0,43493924.0
2025-12-05 11:25:00,0.9722154,0.9731185,0.971207,0.9712244,48282140.0,46927410.0
2025-12-05 11:30:00,0.9712417,0.971346,0.9694683,0.96984386,93609790.0,90845960.0
2025-12-05 11:35:00,0.9698508,0.97138083,0.969677,0.9711027,50546756.0,49055772.0
2025-12-05 11:40:00,0.9711722,0.9711722,0.9701637,0.9703724,42053664.0,40822336.0
2025-12-05 11:45:00,0.9703029,0.9708244,0.9699551,0.9708244,50815060.0,49314830.0
2025-12-05 11:50:00,0.97073543,0.9708244,0.9695378,0.9696974,54981084.0,53342580.0
2025-12-05 11:55:00,0.96971166,0.9703724,0.969364,0.9694335,57204290.0,55472164.0
2025-12-05 12:00:00,0.9693987,0.969677,0.968286,0.968286,67701170.0,65596470.0
2025-12-05 12:05:00,0.968286,0.96851724,0.9671384,0.9682668,63878500.0,61837716.0
2025-12-05 12:10:00,0.968286,0.96835554,0.9671384,0.9671384,56043370.0,54234824.0
2025-12-05 12:15:00,0.9671384,0.96797293,0.967121,0.96762484,44317700.0,42875790.0
2025-12-05 12:20:00,0.96759814,0.96859896,0.967208,0.9683207,47106844.0,45596200.0
2025-12-05 12:25:00,0.96840763,0.96854675,0.9677991,0.96781653,38833740.0,37596596.0
2025-12-05 12:30:00,0.96781653,0.96795183,0.9668949,0.96738183,44897444.0,43438784.0
2025-12-05 12:35:00,0.967347,0.96905106,0.9669123,0.9690405,42932188.0,41562120.0
2025-12-05 12:40:00,0.96906114,0.97047603,0.96863365,0.97031504,63256490.0,61334844.0
2025-12-05 12:45:00,0.9703029,0.9708592,0.9695726,0.9695726,44706784.0,43369012.0
2025-12-05 12:50:00,0.9695378,0.9716306,0.96951735,0.9716306,46481950.0,45114410.0
2025-12-05 12:55:00,0.9716591,0.97176343,0.9711374,0.97155476,33980424.0,33012956.0
2025-12-05 13:00:00,0.97151995,0.97176343,0.97078973,0.9711548,35501668.0,34483016.0
2025-12-05 13:05:00,0.9711722,0.9712417,0.9703377,0.9709636,29609070.0,28748298.0
2025-12-05 13:10:00,0.9710679,0.9711027,0.9702647,0.9706854,32080160.0,31142784.0
2025-12-05 13:15:00,0.9706854,0.9707201,0.970129,0.9702333,34513576.0,33493422.0
2025-12-05 13:20:00,0.9701985,0.9706506,0.9698161,0.9699551,43996484.0,42683410.0
2025-12-05 13:25:00,0.9699899,0.97186804,0.9699899,0.9717286,34987492.0,33969148.0
2025-12-05 13:30:00,0.97186774,0.97218066,0.97148514,0.97153735,43342264.0,42118612.0
2025-12-05 13:35:00,0.9715895,0.9715895,0.9709288,0.9709984,28833782.0,28005576.0
2025-12-05 13:40:00,0.9710157,0.9710157,0.970442,0.9708234,41853800.0,40632684.0
2025-12-05 13:45:00,0.9708244,0.9711722,0.9706332,0.9711027,22867566.0,22202878.0
2025-12-05 13:50:00,0.97105813,0.9711722,0.9695726,0.9701631,40757010.0,39554332.0
2025-12-05 13:55:00,0.970129,0.970129,0.96875536,0.9691554,39365172.0,38166190.0
2025-12-05 14:00:00,0.96912056,0.9706506,0.96898144,0.9704594,34622852.0,33577348.0
2025-12-05 14:05:00,0.9705463,0.97150254,0.9702333,0.9714503,38118556.0,37010570.0
2025-12-05 14:10:00,0.97138083,0.97174907,0.9712104,0.9716591,34421268.0,33440258.0
2025-12-05 14:15:00,0.9716938,0.9716938,0.9708244,0.97089404,37747300.0,36663068.0
2025-12-05 14:20:00,0.9708592,0.9712939,0.9707201,0.97082967,35155430.0,34133316.0
2025-12-05 14:25:00,0.9708244,0.97131133,0.970581,0.9710115,49750470.0,48304332.0
2025-12-05 14:30:00,0.9709984,0.971207,0.9702333,0.9711496,47960350.0,46564570.0
2025-12-05 14:35:00,0.9711374,0.9712417,0.970129,0.9702855,40597120.0,39407556.0
2025-12-05 14:40:00,0.9702681,0.9702681,0.96929437,0.96976215,44626550.0,43283212.0
2025-12-05 14:45:00,0.9697813,0.97024375,0.9693292,0.9693987,39837360.0,38629820.0
2025-12-05 14:50:00,0.9693987,0.9698161,0.9692541,0.9697322,69271880.0,67162570.0
2025-12-05 14:55:00,0.9697813,0.9702681,0.96964216,0.9697924,36207076.0,35116190.0
2025-12-05 15:00:00,0.9698161,0.9699551,0.9688076,0.96884227,50077440.0,48542830.0
2025-12-05 15:05:00,0.96884227,0.9693292,0.96879053,0.96910316,38963436.0,37756204.0
2025-12-05 15:10:00,0.96908575,0.9700073,0.9689467,0.9697235,50855892.0,49301776.0
2025-12-05 15:15:00,0.96971166,0.9698853,0.96929437,0.9693987,39549216.0,38345830.0
2025-12-05 15:20:00,0.9694335,0.9695375,0.96859896,0.96898144,56177376.0,54443620.0
2025-12-05 15:25:00,0.96899915,0.9695726,0.96877277,0.9695079,42967850.0,41645000.0
2025-12-05 15:30:00,0.969503,0.9701985,0.9694683,0.9700243,60198180.0,58380108.0
2025-12-05 15:35:00,0.9700073,0.9702855,0.96971166,0.9699377,55115956.0,53461684.0
2025-12-05 15:40:00,0.9699551,0.9700594,0.96962476,0.9699551,51835644.0,50275316.0
2025-12-05 15:45:00,0.9699204,0.9700594,0.9682686,0.96866876,89161370.0,86417810.0
2025-12-05 15:50:00,0.96866846,0.9698161,0.96766,0.96802515,150279490.0,145552060.0
2025-12-05 15:55:00,0.96811205,0.9698334,0.96738183,0.9694683,375447360.0,363695460.0
2025-12-08 09:30:00,0.96730703,0.972526,0.9661995,0.9706506,743876600.0,720943500.0
2025-12-08 09:35:00,0.970581,0.97073233,0.9654693,0.9656083,149604850.0,144832110.0
2025-12-08 09:40:00,0.9656605,0.9666863,0.9648086,0.96633863,140063570.0,135283680.0
2025-12-08 09:45:00,0.96632123,0.96800774,0.9654345,0.9661299,81051320.0,78333944.0
2025-12-08 09:50:00,0.9661299,0.9665646,0.9652259,0.965817,71470930.0,69036220.0
2025-12-08 09:55:00,0.965817,0.9671036,0.9649824,0.9665577,83469784.0,80641420.0
2025-12-08 10:00:00,0.9665646,0.96762526,0.96515626,0.9654866,117169820.0,113210440.0
2025-12-08 10:05:00,0.9654696,0.9670341,0.9654696,0.9669123,72716680.0,70260410.0
2025-12-08 10:10:00,0.96686023,0.96783394,0.9661647,0.9668949,79769900.0,77132584.0
2025-12-08 10:15:00,0.9667906,0.9671384,0.9656605,0.9664951,92796830.0,89690104.0
2025-12-08 10:20:00,0.9665473,0.96852905,0.9657475,0.9664169,85830160.0,82981470.0
2025-12-08 10:25:00,0.9663734,0.9664777,0.9649476,0.96519107,89823350.0,86746670.0
2025-12-08 10:30:00,0.96515626,0.9662342,0.96442604,0.9660604,77326424.0,74656280.0
2025-12-08 10:35:00,0.9660256,0.9662342,0.96397394,0.9643217,75697910.0,73058990.0
2025-12-08 10:40:00,0.96428686,0.9647912,0.96369576,0.96453035,82298800.0,79362870.0
2025-12-08 10:45:00,0.96459997,0.96508676,0.96428686,0.96456516,58557590.0,56486684.0
2025-12-08 10:50:00,0.96458256,0.96505195,0.96407825,0.9643565,61212730.0,59040736.0
2025-12-08 10:55:00,0.9643565,0.9646869,0.96341753,0.96440864,85784430.0,82714840.0
2025-12-08 11:00:00,0.96440864,0.9663038,0.96296066,0.96510416,182385810.0,175946560.0
2025-12-08 11:05:00,0.96510416,0.9659213,0.9643565,0.9651782,68948936.0,66545380.0
2025-12-08 11:10:00,0.9652259,0.9652259,0.96369576,0.96414787,51860664.0,50023436.0
2025-12-08 11:15:00,0.96411306,0.96439123,0.962583,0.96270853,71811700.0,69186904.0
2025-12-08 11:20:00,0.9626873,0.9632437,0.9622178,0.96284723,64817990.0,62403456.0
2025-12-08 11:25:00,0.96282995,0.96526057,0.9624439,0.9648433,75848600.0,73106250.0
2025-12-08 11:30:00,0.9648781,0.9650172,0.96362615,0.9637306,46004012.0,44362264.0
2025-12-08 11:35:00,0.96369576,0.96393925,0.963244,0.9633132,38179520.0,36787804.0
2025-12-08 11:40:00,0.9633306,0.9649824,0.96327853,0.96497124,42156900.0,40645184.0
2025-12-08 11:45:00,0.9649476,0.96526057,0.96456516,0.9649129,36758060.0,35468644.0
2025-12-08 11:50:00,0.9648781,0.9656779,0.9646096,0.96500605,61165276.0,59027120.0
2025-12-08 11:55:00,0.96505195,0.9653302,0.96458256,0.9649302,43879156.0,42342230.0
2025-12-08 12:00:00,0.9649476,0.96512157,0.96362615,0.9637653,50174930.0,48386950.0
2025-12-08 12:05:00,0.9637306,0.9642522,0.96341753,0.9641144,40442120.0,38981296.0
2025-12-08 12:10:00,0.96418226,0.96418256,0.96345234,0.96390444,44759984.0,43145508.0
2025-12-08 12:15:00,0.96400875,0.9660917,0.96399134,0.9652954,51942044.0,50116116.0
2025-12-08 12:20:00,0.9652954,0.9657823,0.9647043,0.96473897,41873068.0,40412964.0
2025-12-08 12:25:00,0.96473897,0.9649473,0.96390444,0.96404356,48035980.0,46326310.0
2025-12-08 12:30:00,0.96397394,0.96449554,0.96341753,0.96407825,62353228.0,60107970.0
2025-12-08 12:35:00,0.96410084,0.96463466,0.96393925,0.96404356,45765616.0,44126270.0
2025-12-08 12:40:00,0.96400875,0.96438813,0.96352226,0.96373093,36034824.0,34734416.0
2025-12-08 12:45:00,0.96380013,0.96512157,0.9637479,0.96512157,30477532.0,29393988.0
2025-12-08 12:50:00,0.96508676,0.96508676,0.96442604,0.96442604,47005904.0,45349244.0
2025-12-08 12:55:00,0.96453035,0.9645888,0.9627916,0.96439123,74979280.0,72285690.0
2025-12-08 13:00:00,0.9643565,0.9660952,0.96355665,0.96571267,79460480.0,76673816.0
2025-12-08 13:05:00,0.9657649,0.9661992,0.96462077,0.96506935,52036370.0,50236616.0
2025-12-08 13:10:00,0.96508676,0.9657649,0.9642177,0.9643217,50770772.0,48986064.0
2025-12-08 13:15:00,0.9643565,0.9647912,0.96400875,0.9647043,33584730.0,32391302.0
2025-12-08 13:20:00,0.96466947,0.9649129,0.96407825,0.9644792,30690622.0,29602178.0
2025-12-08 13:25:00,0.96453035,0.96466947,0.96296555,0.9631394,31699992.0,30553282.0
2025-12-08 13:30:00,0.96306807,0.96306807,0.9616441,0.9620614,43583824.0,41947704.0
2025-12-08 13:35:00,0.9620266,0.9621657,0.96115726,0.9612616,50208860.0,48283490.0
2025-12-08 13:40:00,0.9613659,0.96197695,0.96124417,0.961505,40899644.0,39325948.0
2025-12-08 13:45:00,0.9614702,0.9616788,0.9609138,0.9616788,44401384.0,42689060.0
2025-12-08 13:50:00,0.9616441,0.9617832,0.96080947,0.9612616,45658064.0,43894504.0
2025-12-08 13:55:00,0.9612269,0.96137285,0.9604618,0.9610529,38488084.0,36988150.0
2025-12-08 14:00:00,0.9610181,0.9615398,0.96049654,0.9614355,57884680.0,55634264.0
2025-12-08 14:05:00,0.96147156,0.9623395,0.9613659,0.9619223,49333784.0,47447990.0
2025-12-08 14:10:00,0.9619223,0.9619571,0.9607661,0.9609486,36558776.0,35147550.0
2025-12-08 14:15:00,0.9609486,0.9617776,0.96070516,0.9615919,35790676.0,34403996.0
2025-12-08 14:20:00,0.9616615,0.9616962,0.9609834,0.9610181,36422180.0,35014092.0
2025-12-08 14:25:00,0.9610529,0.9613312,0.96070516,0.9610181,45616370.0,43838550.0
2025-12-08 14:30:00,0.9610529,0.961505,0.96049654,0.9609486,49154340.0,47237356.0
2025-12-08 14:35:00,0.9608965,0.96180785,0.9608791,0.9614702,32181384.0,30934788.0
2025-12-08 14:40:00,0.9615394,0.9615394,0.96028787,0.9610181,56031580.0,53851736.0
2025-12-08 14:45:00,0.9610529,0.96115726,0.96046764,0.9608269,44160110.0,42432400.0
2025-12-08 14:50:00,0.96080947,0.9616093,0.9606485,0.9612269,40513150.0,38936120.0
2025-12-08 14:55:00,0.9612269,0.9614007,0.96056616,0.9608443,35611520.0,34223010.0
2025-12-08 15:00:00,0.9608791,0.9614181,0.96080947,0.961279,327329730.0,314595420.0
2025-12-08 15:05:00,0.9612616,0.96182144,0.9610181,0.96115726,43213720.0,41541980.0
2025-12-08 15:10:00,0.9611921,0.9622005,0.9608728,0.9621309,50192756.0,48265308.0
2025-12-08 15:15:00,0.9621309,0.9626004,0.9619223,0.9626004,1865244300.0,1794949800.0
2025-12-08 15:25:00,0.96294814,0.9631394,0.962583,0.96298283,51873028.0,49949230.0
2025-12-08 15:30:00,0.96300024,0.96330875,0.9622262,0.9626873,69477780.0,66893590.0
2025-12-08 15:35:00,0.9627047,0.96327853,0.9620614,0.96282643,53268604.0,51282630.0
2025-12-08 15:40:00,0.96282643,0.96404356,0.9627221,0.96402615,54939388.0,52928860.0
2025-12-08 15:45:00,0.96404356,0.96502346,0.96390444,0.96414787,97759420.0,94267440.0
2025-12-08 15:50:00,0.96414787,0.9657475,0.9637306,0.96449554,126973950.0,122470230.0
2025-12-08 15:55:00,0.96456516,0.9666689,0.96439123,0.966582,349260100.0,337228740.0
2025-12-09 09:30:00,0.96633863,0.97113496,0.96633863,0.9698508,439400640.0,425522500.0
2025-12-09 09:35:00,0.9698508,0.9737803,0.9688771,0.9733654,165642340.0,160916290.0
2025-12-09 09:40:00,0.9733654,0.97353685,0.96901625,0.9703377,160727760.0,156157310.0
2025-12-09 09:45:00,0.9703377,0.9712556,0.9693466,0.9711551,104987784.0,101893144.0
2025-12-09 09:50:00,0.971207,0.97252846,0.97078973,0.9717286,99353710.0,96528440.0
2025-12-09 09:55:00,0.9717286,0.9723197,0.96814686,0.96868587,87297624.0,84697930.0
2025-12-09 10:00:00,0.96863365,0.96863365,0.9656783,0.966443,118446344.0,114578740.0
2025-12-09 10:05:00,0.966443,0.9668949,0.9656779,0.96633863,62666390.0,60556956.0
2025-12-09 10:10:00,0.96633863,0.9667211,0.96526057,0.96526057,76192250.0,73593730.0
2025-12-09 10:15:00,0.96526057,0.9663038,0.96446085,0.9661821,104151530.0,100563704.0
2025-12-09 10:20:00,0.9661821,0.96679,0.9657131,0.9660256,69098760.0,66761680.0
2025-12-09 10:25:00,0.9660256,0.9662864,0.9654345,0.9656779,48091196.0,46449176.0
2025-12-09 10:30:00,0.9656779,0.9658692,0.9648433,0.9653302,67789170.0,65445704.0
2025-12-09 10:35:00,0.9653302,0.9654693,0.96400875,0.9649129,62195350.0,60014180.0
2025-12-09 10:40:00,0.9649129,0.9664777,0.96430916,0.96634203,69193080.0,66806640.0
2025-12-09 10:45:00,0.96634203,0.9664082,0.9649129,0.96515626,46290720.0,44703172.0
2025-12-09 10:50:00,0.96515626,0.9662342,0.96506107,0.9660083,43042616.0,41562590.0
2025-12-09 10:55:00,0.9660083,0.9667211,0.9658866,0.9661126,54147708.0,52316550.0
2025-12-09 11:00:00,0.9661126,0.9666863,0.96463466,0.9648607,69205450.0,66822950.0
2025-12-09 11:05:00,0.9648607,0.96505195,0.96341753,0.9637653,63083656.0,60829920.0
2025-12-09 11:10:00,0.9637653,0.96508676,0.96334803,0.96501756,60933784.0,58758716.0
2025-12-09 11:15:00,0.96501756,0.96571267,0.9649129,0.9653302,46360310.0,44748984.0
2025-12-09 11:20:00,0.9653302,0.9653823,0.96428686,0.96440864,44672276.0,43102132.0
2025-12-09 11:25:00,0.96440864,0.96487916,0.96404356,0.96466947,31664622.0,30540534.0
2025-12-09 11:30:00,0.96466947,0.9658866,0.96466947,0.9658518,37214436.0,35921950.0
2025-12-09 11:35:00,0.9658866,0.9659909,0.9643565,0.96456516,40964924.0,39539336.0
2025-12-09 11:40:00,0.96456516,0.96486586,0.96393925,0.9645769,41381900.0,39912296.0
2025-12-09 11:45:00,0.9645769,0.9657823,0.96446085,0.9654519,31735364.0,30626784.0
2025-12-09 11:50:00,0.9654519,0.966269,0.9652836,0.9660256,38767890.0,37440380.0
2025-12-09 11:55:00,0.9659213,0.9667906,0.9658518,0.9666689,44620800.0,43117440.0
2025-12-09 12:00:00,0.9666689,0.9671384,0.9663734,0.9666168,49545724.0,47895824.0
2025-12-09 12:05:00,0.9666168,0.9670341,0.9661995,0.966443,39136264.0,37828070.0
2025-12-09 12:10:00,0.966443,0.9667879,0.9656431,0.96622735,35034652.0,33853120.0
2025-12-09 12:15:00,0.96622735,0.9665473,0.9654693,0.9654693,29712884.0,28700516.0
2025-12-09 12:20:00,0.9654693,0.9655332,0.96456516,0.96526057,57684820.0,55677796.0
2025-12-09 12:25:00,0.96526057,0.96692973,0.9652259,0.9662864,42186230.0,40748764.0
2025-12-09 12:30:00,0.9662864,0.9671732,0.9660256,0.967104,33731388.0,32606354.0
2025-12-09 12:35:00,0.967104,0.9688076,0.9670863,0.96856415,57079196.0,55246412.0
2025-12-09 12:40:00,0.96856415,0.96856445,0.9666863,0.9671732,73837336.0,71455860.0
2025-12-09 12:45:00,0.9671732,0.9671732,0.9665128,0.9667211,23722226.0,22936904.0
2025-12-09 12:50:00,0.9667211,0.9670341,0.96616507,0.9666516,29704544.0,28713688.0
2025-12-09 12:55:00,0.9666516,0.96800774,0.9664777,0.96783394,34555850.0,33423894.0
2025-12-09 13:00:00,0.96783394,0.96870327,0.96731234,0.96852934,47982492.0,46451596.0
2025-12-09 13:05:00,0.96852934,0.96868205,0.96783394,0.96852934,44483916.0,43077944.0
2025-12-09 13:10:00,0.96852934,0.96863925,0.9681124,0.96849465,40577280.0,39296820.0
2025-12-09 13:15:00,0.96849465,0.96929437,0.96845984,0.9688073,39816656.0,38572944.0
2025-12-09 13:20:00,0.96877277,0.96877277,0.96759045,0.96811205,124267060.0,120329290.0
2025-12-09 13:25:00,0.96811205,0.96819896,0.9677643,0.96805996,22062084.0,21356844.0
2025-12-09 13:30:00,0.96805996,0.96849465,0.96797293,0.96811205,24417282.0,23639834.0
2025-12-09 13:35:00,0.96811205,0.96811205,0.96748614,0.96790344,31303434.0,30298702.0
2025-12-09 13:40:00,0.96790344,0.96811205,0.96759045,0.9677991,18351280.0,17761310.0
2025-12-09 13:45:00,0.96779495,0.96835554,0.9671384,0.96835554,26326172.0,25481394.0
2025-12-09 13:50:00,0.96835554,0.96912056,0.9681701,0.96884227,36985240.0,35824724.0
2025-12-09 13:55:00,0.96884227,0.96915185,0.96835554,0.96901625,28246564.0,27366444.0
2025-12-09 14:00:00,0.96901625,0.9698161,0.9689293,0.96912056,55136084.0,53439024.0
2025-12-09 14:05:00,0.96912056,0.96960735,0.96851206,0.96851206,34921350.0,33836624.0
2025-12-09 14:10:00,0.96851206,0.96919006,0.96839035,0.96919006,28447862.0,27560878.0
2025-12-09 14:15:00,0.96919006,0.9695726,0.96908575,0.96919006,29746530.0,28832110.0
2025-12-09 14:20:00,0.96919006,0.9693118,0.9688771,0.96922517,26883194.0,26053874.0
2025-12-09 14:25:00,0.96922517,0.9692597,0.9688771,0.96912056,22405154.0,21713296.0
2025-12-09 14:30:00,0.96912056,0.9693292,0.96873796,0.9687711,28279922.0,27402954.0
2025-12-09 14:35:00,0.96877277,0.96877277,0.96793824,0.9681788,27977974.0,27094306.0
2025-12-09 14:40:00,0.9681788,0.9683294,0.9670689,0.9671558,32338972.0,31293880.0
2025-12-09 14:45:00,0.967208,0.9672427,0.96686023,0.96696454,43678144.0,42239772.0
2025-12-09 14:50:00,0.96696454,0.9669993,0.966443,0.966582,61410576.0,59368504.0
2025-12-09 14:55:00,0.966582,0.9667211,0.9658869,0.9661299,46124216.0,44571212.0
2025-12-09 15:00:00,0.9661299,0.966443,0.965504,0.9658692,64051904.0,61873270.0
2025-12-09 15:05:00,0.9658692,0.9662342,0.965817,0.9659561,34203864.0,33039876.0
2025-12-09 15:10:00,0.9659561,0.966443,0.9655388,0.9659735,76368820.0,73770580.0
2025-12-09 15:15:00,0.9659735,0.96692973,0.9658518,0.96661055,47885296.0,46273544.0
2025-12-09 15:20:00,0.96661055,0.9671906,0.9663734,0.9667132,41843450.0,40450980.0
2025-12-09 15:25:00,0.9667132,0.9667211,0.9659213,0.9662516,44100012.0,42618330.0
2025-12-09 15:30:00,0.9662516,0.9662516,0.9657475,0.9658866,43502150.0,42024572.0
2025-12-09 15:35:00,0.9658866,0.9661821,0.96561044,0.96616507,45059630.0,43525850.0
2025-12-09 15:40:00,0.9661647,0.9664777,0.9654693,0.9659387,59098800.0,57090184.0
2025-12-09 15:45:00,0.9659213,0.9663553,0.9654345,0.9659213,69667000.0,67291920.0
2025-12-09 15:50:00,0.9659213,0.96759045,0.96418256,0.96633863,225757700.0,218083790.0
2025-12-09 15:55:00,0.96362615,0.96439123,0.96296555,0.96404356,344158620.0,331685150.0
2025-12-10 09:30:00,0.966269,0.9677643,0.96383494,0.96406084,322057400.0,310940740.0
2025-12-10 09:35:00,0.96397394,0.9660253,0.9618006,0.96506935,119329760.0,115059816.0
2025-12-10 09:40:00,0.9649476,0.9662342,0.96397394,0.9661299,52992252.0,51154556.0
2025-12-10 09:45:00,0.9660778,0.96845984,0.9659909,0.96745133,83441600.0,80687610.0
2025-12-10 09:50:00,0.967347,0.9694787,0.9668254,0.967347,79698020.0,77127720.0
2025-12-10 09:55:00,0.967234,0.96755564,0.9653302,0.9663038,80098024.0,77423224.0
2025-12-10 10:00:00,0.9662864,0.9666342,0.96405774,0.96473897,81733144.0,78907576.0
2025-12-10 10:05:00,0.96463466,0.9652954,0.9637653,0.9646869,77095220.0,74365704.0
2025-12-10 10:10:00,0.96459997,0.9648086,0.96300024,0.96411335,72505600.0,69904860.0
2025-12-10 10:15:00,0.96414787,0.96519107,0.96393925,0.96497405,64574420.0,62286096.0
2025-12-10 10:20:00,0.9648086,0.965504,0.96453035,0.96533084,33609456.0,32434586.0
2025-12-10 10:25:00,0.9653649,0.96571267,0.9647043,0.9648086,45233324.0,43656836.0
2025-12-10 10:30:00,0.96482587,0.96512157,0.96400875,0.96414787,48802356.0,47071140.0
2025-12-10 10:35:00,0.96414787,0.96414787,0.9625482,0.96390444,73734380.0,71056870.0
2025-12-10 10:40:00,0.96386963,0.96388704,0.9630872,0.96340024,37531624.0,36164012.0
2025-12-10 10:45:00,0.9633132,0.96383494,0.96289593,0.96353513,28129236.0,27099558.0
2025-12-10 10:50:00,0.96352184,0.9637653,0.9621657,0.9626178,45056468.0,43390176.0
2025-12-10 10:55:00,0.9625135,0.9626178,0.961818,0.9623743,39107796.0,37634640.0
2025-12-10 11:00:00,0.96228045,0.9624613,0.9612964,0.9618875,50052996.0,48150052.0
2025-12-10 11:05:00,0.96235937,0.96383494,0.9622352,0.96349066,37621348.0,36228610.0
2025-12-10 11:10:00,0.9635417,0.96407825,0.96338284,0.9637827,31513072.0,30369032.0
2025-12-10 11:15:00,0.96380013,0.96475637,0.96345234,0.9646869,36511900.0,35203820.0
2025-12-10 11:20:00,0.9647043,0.9663038,0.96456516,0.966269,51720040.0,49933656.0
2025-12-10 11:25:00,0.9663038,0.9676948,0.96587545,0.9676172,60861892.0,58845708.0
2025-12-10 11:30:00,0.96752095,0.96821636,0.9671732,0.96814686,39703350.0,38423490.0
2025-12-10 11:35:00,0.96818167,0.9688076,0.96811205,0.9684588,39265960.0,38024764.0
2025-12-10 11:40:00,0.96842504,0.96849805,0.96731263,0.96759045,47826344.0,46293824.0
2025-12-10 11:45:00,0.9675213,0.9677643,0.9666342,0.9677643,34973690.0,33834284.0
2025-12-10 11:50:00,0.96774703,0.9687349,0.96741694,0.96870327,35078076.0,33960860.0
2025-12-10 11:55:00,0.96870327,0.9698161,0.96840245,0.9693292,43361820.0,42020324.0
2025-12-10 12:00:00,0.96929437,0.9693292,0.96842504,0.96845984,30718516.0,29762468.0
2025-12-10 12:05:00,0.96856415,0.96861637,0.96762526,0.96835554,35562630.0,34434950.0
2025-12-10 12:10:00,0.96839035,0.96859896,0.96762526,0.96849465,38332508.0,37116496.0
2025-12-10 12:15:00,0.96835554,0.9694332,0.96783423,0.96870327,53380756.0,51703616.0
2025-12-10 12:20:00,0.96873796,0.96905106,0.9677991,0.96905106,40660388.0,39386084.0
2025-12-10 12:25:00,0.9690708,0.9690958,0.96849465,0.96855193,24675232.0,23905446.0
2025-12-10 12:30:00,0.96852934,0.96859896,0.9677296,0.96840763,24316920.0,23546472.0
2025-12-10 12:35:00,0.96832114,0.9689467,0.96797293,0.96839035,18178738.0,17604430.0
2025-12-10 12:40:00,0.9683207,0.96859896,0.96755564,0.96783394,23155136.0,22415962.0
2025-12-10 12:45:00,0.9677643,0.96914834,0.9676948,0.9690712,29281528.0,28356808.0
2025-12-10 12:50:00,0.96908575,0.9706955,0.96906835,0.9706158,49284612.0,47799490.0
2025-12-10 12:55:00,0.9707201,0.9711722,0.96919006,0.96919006,45011896.0,43664610.0
2025-12-10 13:00:00,0.96901625,0.9695378,0.96870327,0.96905106,35647464.0,34545140.0
2025-12-10 13:05:00,0.9691554,0.96971166,0.96912056,0.9695552,36956772.0,35825364.0
2025-12-10 13:10:00,0.9695378,0.9701116,0.9694335,0.96964246,34331544.0,33290656.0
2025-12-10 13:15:00,0.96964216,0.970129,0.9688771,0.9692249,36586668.0,35469616.0
2025-12-10 13:20:00,0.96920747,0.969364,0.96866846,0.96873796,24227198.0,23476022.0
2025-12-10 13:25:00,0.96860415,0.9686069,0.9670167,0.9671384,38221790.0,36992636.0
2025-12-10 13:30:00,0.9671384,0.9677296,0.96692973,0.96752095,31674686.0,30639864.0
2025-12-10 13:35:00,0.96752095,0.96821636,0.96731234,0.96800774,24948424.0,24144196.0
2025-12-10 13:40:00,0.9683086,0.9683207,0.9670706,0.9672427,25420614.0,24600434.0
2025-12-10 13:45:00,0.9672427,0.96804255,0.9671304,0.96804255,26462480.0,25605482.0
2025-12-10 13:50:00,0.96807736,0.96807736,0.9670863,0.967208,20011134.0,19363018.0
2025-12-10 13:55:00,0.9672427,0.968286,0.9670341,0.96807736,26647962.0,25786168.0
2025-12-10 14:00:00,0.96797293,0.9709636,0.9676948,0.9684271,82569400.0,79990310.0
2025-12-10 14:05:00,0.96849465,0.9706854,0.96825117,0.9699204,46846304.0,45409900.0
2025-12-10 14:10:00,0.970129,0.9704945,0.9688771,0.9694683,45898188.0,44509412.0
2025-12-10 14:15:00,0.9694683,0.9706506,0.96870327,0.96899885,49632572.0,48116556.0
2025-12-10 14:20:00,0.96905106,0.96905106,0.9669993,0.9671036,38481756.0,37252308.0
2025-12-10 14:25:00,0.96692973,0.96752095,0.9664082,0.96748614,50660344.0,48992924.0
2025-12-10 14:30:00,0.96748614,0.9699899,0.966582,0.9693987,61375492.0,59433828.0
2025-12-10 14:35:00,0.9694683,0.9709288,0.96835554,0.970058,73201810.0,70983980.0
2025-12-10 14:40:00,0.970042,0.9703724,0.9656779,0.96800774,81038664.0,78487976.0
2025-12-10 14:45:00,0.96800774,0.9698164,0.96800774,0.9695726,49864064.0,48310852.0
2025-12-10 14:50:00,0.9695378,0.97190243,0.9691554,0.9711374,63704520.0,61820984.0
2025-12-10 14:55:00,0.9711719,0.9722589,0.9711719,0.97151995,53221156.0,51705984.0
2025-12-10 15:00:00,0.9715895,0.97252846,0.9712244,0.97235453,61168730.0,59451370.0
2025-12-10 15:05:00,0.97228503,0.9728066,0.97148514,0.97185034,50249696.0,48848070.0
2025-12-10 15:10:00,0.97191983,0.97214586,0.97131133,0.97183293,53065868.0,51569544.0
2025-12-10 15:15:00,0.97186774,0.97190243,0.9708244,0.9712417,79861064.0,77581760.0
2025-12-10 15:20:00,0.9712765,0.97204155,0.9699899,0.9703029,57413064.0,55742500.0
2025-12-10 15:25:00,0.9703551,0.9711374,0.9700247,0.970129,57271292.0,55576724.0
2025-12-10 15:30:00,0.9701637,0.9709984,0.9700247,0.9706854,61840204.0,60013940.0
2025-12-10 15:35:00,0.9706506,0.9708418,0.9697121,0.9703029,50746330.0,49243060.0
2025-12-10 15:40:00,0.9702681,0.9706158,0.9698508,0.9705115,69496470.0,67433224.0
2025-12-10 15:45:00,0.9704767,0.97148514,0.9703724,0.9706854,73431290.0,71283784.0
2025-12-10 15:50:00,0.9706506,0.9714503,0.96971166,0.9700247,85848850.0,83312820.0
2025-12-10 15:55:00,0.9701985,0.9704072,0.96877277,0.9692249,303556030.0,294343360.0
2025-12-11 09:30:00,0.9705289,0.9722154,0.9670689,0.9672427,352587870.0,341750720.0
2025-12-11 09:35:00,0.9673724,0.96856415,0.9647043,0.9650172,122284830.0,118177840.0
2025-12-11 09:40:00,0.9649824,0.9656779,0.9563932,0.95735127,201933100.0,194078140.0
2025-12-11 09:45:00,0.95739263,0.9575373,0.953959,0.95552385,220384450.0,210710270.0
2025-12-11 09:50:00,0.9555924,0.9562886,0.953646,0.95517606,139761900.0,133497180.0
2025-12-11 09:55:00,0.95517606,0.9558716,0.95215076,0.9535417,164317500.0,156789310.0
2025-12-11 10:00:00,0.953507,0.95521086,0.9528463,0.95521086,155322030.0,148207310.0
2025-12-11 10:05:00,0.95521086,0.9579407,0.9538546,0.957811,132985020.0,127160850.0
2025-12-11 10:10:00,0.95785373,0.96060085,0.95705426,0.9603922,188058130.0,180343090.0
2025-12-11 10:15:00,0.9604618,0.9607397,0.95858157,0.95962715,137990180.0,132450220.0
2025-12-11 10:20:00,0.95976627,0.9604618,0.9582362,0.960427,89410120.0,85808936.0
2025-12-11 10:25:00,0.9603748,0.9616788,0.95959246,0.96018356,75519336.0,72533110.0
2025-12-11 10:30:00,0.96016616,0.9603679,0.9574712,0.958584,67184984.0,64440300.0
2025-12-11 10:35:00,0.958584,0.9604618,0.9580624,0.96028787,51139724.0,49060840.0
2025-12-11 10:40:00,0.96028787,0.9607748,0.9592447,0.96049654,52718484.0,50620344.0
2025-12-11 10:45:00,0.96049654,0.9607824,0.9578885,0.9581302,59446760.0,57028730.0
2025-12-11 10:50:00,0.9580971,0.9586188,0.9569844,0.9586188,67096120.0,64283436.0
2025-12-11 10:55:00,0.95864445,0.9598932,0.9582014,0.95952284,52970108.0,50801800.0
2025-12-11 11:00:00,0.95955765,0.9611921,0.95847964,0.9609486,59237984.0,56871100.0
2025-12-11 11:05:00,0.9610181,0.9612964,0.9598421,0.9603575,66242040.0,63633988.0
2025-12-11 11:10:00,0.96053135,0.96174145,0.96004444,0.9613659,64702388.0,62173870.0
2025-12-11 11:15:00,0.9612964,0.9614528,0.96067077,0.9610529,39826720.0,38278188.0
2025-12-11 11:20:00,0.9610529,0.9617832,0.96028787,0.961688,43680160.0,41985500.0
2025-12-11 11:25:00,0.9617136,0.961818,0.95889693,0.95915776,49705612.0,47737096.0
2025-12-11 11:30:00,0.95914036,0.962583,0.95910555,0.9625138,51535708.0,49517348.0
2025-12-11 11:35:00,0.9625482,0.96393925,0.9622352,0.96386963,55028250.0,53000350.0
2025-12-11 11:40:00,0.96383494,0.96526057,0.96369576,0.9648781,52279940.0,50419680.0
2025-12-11 11:45:00,0.9648635,0.9657475,0.96404356,0.9641166,66318532.0,63977010.0
2025-12-11 11:50:00,0.96414787,0.96416134,0.961505,0.9616003,53453800.0,51468184.0
2025-12-11 11:55:00,0.9616788,0.9623719,0.96098375,0.96230483,50813908.0,48874588.0
2025-12-11 12:00:00,0.96227,0.9632611,0.9620614,0.962809,58183176.0,56007148.0
2025-12-11 12:05:00,0.96293074,0.96366096,0.9625357,0.9631742,52924670.0,50970450.0
2025-12-11 12:10:00,0.96334803,0.96519107,0.9631742,0.9647738,61856884.0,59637564.0
2025-12-11 12:15:00,0.96473897,0.9653997,0.96453065,0.9649302,43526884.0,41999084.0
2025-12-11 12:20:00,0.9648781,0.9666516,0.9648555,0.9666516,51655910.0,49887172.0
2025-12-11 12:25:00,0.9666863,0.967347,0.9661821,0.9663908,96146730.0,92940390.0
2025-12-11 12:30:00,0.966443,0.96762526,0.966443,0.9672775,44647544.0,43171816.0
2025-12-11 12:35:00,0.96731234,0.967347,0.9665125,0.96696454,50932676.0,49253636.0
2025-12-11 12:40:00,0.9669823,0.96793824,0.96696454,0.96759045,34117020.0,33003742.0
2025-12-11 12:45:00,0.96752095,0.9677296,0.9659213,0.9660612,47633384.0,46052348.0
2025-12-11 12:50:00,0.9661299,0.9666512,0.9656779,0.9659564,28431760.0,27468032.0
2025-12-11 12:55:00,0.9660083,0.9661995,0.9648781,0.9652954,32143426.0,31037542.0
2025-12-11 13:00:00,0.96526057,0.9660604,0.9649824,0.96526057,37439600.0,36143850.0
2025-12-11 13:05:00,0.9652433,0.9664425,0.96519107,0.9662342,32970476.0,31842152.0
2025-12-11 13:10:00,0.96633863,0.966582,0.96505195,0.9653302,34045412.0,32881934.0
2025-12-11 13:15:00,0.9653649,0.9658866,0.9652954,0.9656605,24685584.0,23835212.0
2025-12-11 13:20:00,0.9656083,0.965817,0.9653997,0.9656431,24403190.0,23564136.0
2025-12-11 13:25:00,0.9655121,0.9656779,0.96456516,0.96506107,32329770.0,31204828.0
2025-12-11 13:30:00,0.96506935,0.9667559,0.9650172,0.9666742,35952576.0,34725844.0
2025-12-11 13:35:00,0.9667211,0.96745133,0.966443,0.96692973,43227812.0,41796380.0
2025-12-11 13:40:00,0.96692973,0.9671036,0.96633863,0.9665125,26021348.0,25155386.0
2025-12-11 13:45:00,0.96655524,0.96745133,0.9663824,0.9666168,31148146.0,30112516.0
2025-12-11 13:50:00,0.9666516,0.9671732,0.9661647,0.9661685,32606700.0,31515664.0
2025-12-11 13:55:00,0.9662169,0.9665994,0.9655736,0.96569526,33159986.0,32033252.0
2025-12-11 14:00:00,0.9656779,0.9666516,0.9655388,0.9661525,31199332.0,30138718.0
2025-12-11 14:05:00,0.9660952,0.9660952,0.96515626,0.96519107,33130940.0,31992378.0
2025-12-11 14:10:00,0.9652259,0.9659213,0.96506935,0.9656779,40727104.0,39320944.0
2025-12-11 14:15:00,0.9656779,0.9665299,0.9654247,0.9665299,35982196.0,34760264.0
2025-12-11 14:20:00,0.9665125,0.9666547,0.966269,0.9665473,29961920.0,28958072.0
2025-12-11 14:25:00,0.9664951,0.9666863,0.9658518,0.9658866,38773350.0,37463972.0
2025-12-11 14:30:00,0.9658866,0.9661299,0.9655374,0.9657649,38080884.0,36779650.0
2025-12-11 14:35:00,0.965817,0.9666689,0.96577114,0.96633863,34409764.0,33244956.0
2025-12-11 14:40:00,0.9663734,0.9667906,0.9662342,0.9663734,47434096.0,45842348.0
2025-12-11 14:45:00,0.9664082,0.966443,0.9654345,0.9657475,47874656.0,46247316.0
2025-12-11 14:50:00,0.9657301,0.9663734,0.96569526,0.9661647,54400480.0,52550364.0
2025-12-11 14:55:00,0.9661995,0.9662342,0.9652999,0.9654345,39172788.0,37832770.0
2025-12-11 15:00:00,0.9654693,0.9665125,0.9653649,0.9661995,36341084.0,35101364.0
2025-12-11 15:05:00,0.9661995,0.96686023,0.9659561,0.9663908,48879136.0,47234436.0
2025-12-11 15:10:00,0.9664082,0.9668949,0.9662169,0.96686023,45837796.0,44306588.0
2025-12-11 15:15:00,0.96686023,0.9672977,0.966269,0.9663038,37673972.0,36418776.0
2025-12-11 15:20:00,0.9663038,0.96741664,0.9661299,0.96741664,48872524.0,47250776.0
2025-12-11 15:25:00,0.96745133,0.96746874,0.9668254,0.9670515,43719844.0,42285800.0
2025-12-11 15:30:00,0.9670341,0.9670863,0.9665125,0.9669993,52397844.0,50663896.0
2025-12-11 15:35:00,0.9669993,0.96745133,0.9666168,0.9666168,46644144.0,45101210.0
2025-12-11 15:40:00,0.9666168,0.9668949,0.9659213,0.9663734,71603496.0,69201320.0
2025-12-11 15:45:00,0.9663038,0.9667211,0.96515626,0.9653997,63045124.0,60894984.0
2025-12-11 15:50:00,0.9654345,0.966269,0.9648781,0.9652433,88995150.0,85920930.0
2025-12-11 15:55:00,0.9652954,0.9671036,0.96519107,0.96692973,248241940.0,239833970.0
2025-12-12 09:30:00,0.9632437,0.9702681,0.9631397,0.9699377,312946900.0,302509280.0
2025-12-12 09:35:00,0.9699551,0.97086203,0.9683207,0.9700594,89966570.0,87249510.0
2025-12-12 09:40:00,0.9700247,0.9702507,0.9671036,0.96884227,75043980.0,72721780.0
2025-12-12 09:45:00,0.96884227,0.970581,0.9667906,0.96755564,70917064.0,68679096.0
2025-12-12 09:50:00,0.9674875,0.9705463,0.9674339,0.9705289,67756100.0,65655600.0
2025-12-12 09:55:00,0.9705463,0.9709636,0.9692249,0.970042,63531692.0,61638080.0
2025-12-12 10:00:00,0.9699899,0.9701669,0.9679702,0.9689147,69177260.0,67050788.0
2025-12-12 10:05:00,0.96901625,0.9707546,0.96821636,0.9682686,63097748.0,61145756.0
2025-12-12 10:10:00,0.96821636,0.9701985,0.96811205,0.9689119,74929530.0,72596200.0
2025-12-12 10:15:00,0.96898144,0.9691731,0.96741664,0.96759045,103409600.0,100130510.0
2025-12-12 10:20:00,0.9677643,0.96840763,0.9663734,0.96738154,68208440.0,65990420.0
2025-12-12 10:25:00,0.9672775,0.9677672,0.9660952,0.966269,64645452.0,62502600.0
2025-12-12 10:30:00,0.9663038,0.9677643,0.96512157,0.9672775,83745850.0,80950140.0
2025-12-12 10:35:00,0.967347,0.96971166,0.967121,0.96910316,106811840.0,103428110.0
2025-12-12 10:40:00,0.96929437,0.96960735,0.96767145,0.96866846,74701780.0,72371860.0
2025-12-12 10:45:00,0.96870327,0.96912056,0.9677817,0.96821636,54865770.0,53135056.0
2025-12-12 10:50:00,0.96835554,0.96905106,0.96766,0.9677122,56979120.0,55166880.0
2025-12-12 10:55:00,0.96766,0.96866846,0.96571267,0.9661995,87048020.0,84180664.0
2025-12-12 11:00:00,0.9660256,0.96804255,0.9653997,0.96698195,82733030.0,79970776.0
2025-12-12 11:05:00,0.96687764,0.9672215,0.9657475,0.9661995,88435256.0,85473690.0
2025-12-12 11:10:00,0.966269,0.9670953,0.9650172,0.9655736,100670500.0,97246580.0
2025-12-12 11:15:00,0.9654693,0.9667559,0.9647738,0.9649129,76443300.0,73804320.0
2025-12-12 11:20:00,0.9650172,0.9660952,0.96487075,0.966043,101229240.0,97737496.0
2025-12-12 11:25:00,0.9660952,0.967347,0.96505195,0.965817,88674510.0,85666480.0
2025-12-12 11:30:00,0.9659213,0.96633863,0.96506935,0.9661299,50789750.0,49056030.0
2025-12-12 11:35:00,0.9661647,0.96673226,0.9642522,0.9649494,72069650.0,69585016.0
2025-12-12 11:40:00,0.9650172,0.9667906,0.96422017,0.966582,70118480.0,67710090.0
2025-12-12 11:45:00,0.9665473,0.9668254,0.9656431,0.9661299,48637580.0,46997830.0
2025-12-12 11:50:00,0.9660778,0.9660778,0.9648437,0.96596724,38442360.0,37125388.0
2025-12-12 11:55:00,0.9657823,0.9660256,0.965139,0.9657823,33960580.0,32795130.0
2025-12-12 12:00:00,0.9656779,0.966582,0.9654693,0.96579957,46202436.0,44626108.0
2025-12-12 12:05:00,0.96571267,0.96746874,0.9656083,0.9664777,72071370.0,69643780.0
2025-12-12 12:10:00,0.96634203,0.9666516,0.9659564,0.96609586,43553628.0,42084196.0
2025-12-12 12:15:00,0.9661299,0.96762526,0.9661299,0.96761614,38760124.0,37476210.0
2025-12-12 12:20:00,0.96762526,0.96825117,0.9672427,0.9675908,36392560.0,35216260.0
2025-12-12 12:25:00,0.9675561,0.96764266,0.9660604,0.9662169,51786184.0,50070456.0
2025-12-12 12:30:00,0.9661473,0.96866846,0.9661473,0.96852934,105871490.0,102417230.0
2025-12-12 12:35:00,0.96856415,0.9698505,0.96782523,0.9698505,92688420.0,89817170.0
2025-12-12 12:40:00,0.9698161,0.9708592,0.96964246,0.969677,81247440.0,78809900.0
2025-12-12 12:45:00,0.9695726,0.9702333,0.9695378,0.96962476,35029190.0,33969284.0
2025-12-12 12:50:00,0.96964216,0.9700594,0.9688076,0.96910316,38269240.0,37098320.0
2025-12-12 12:55:00,0.9691554,0.9698146,0.96884227,0.9693987,49552340.0,48031216.0
2025-12-12 13:00:00,0.9694683,0.9700247,0.969364,0.96967727,42041010.0,40764372.0
2025-12-12 13:05:00,0.969677,0.9699204,0.96919006,0.96919006,40091284.0,38868276.0
2025-12-12 13:10:00,0.9692249,0.9708592,0.9689467,0.9700594,72504160.0,70312540.0
2025-12-12 13:15:00,0.9700768,0.970442,0.9692249,0.969503,64408780.0,62464388.0
2025-12-12 13:20:00,0.9695378,0.9695378,0.96845984,0.96884227,63952120.0,61975644.0
2025-12-12 13:25:00,0.9689467,0.970581,0.9689467,0.9703724,51882520.0,50311090.0
2025-12-12 13:30:00,0.9703377,0.9703724,0.96915704,0.9695726,62582136.0,60695904.0
2025-12-12 13:35:00,0.96960735,0.970129,0.96851206,0.96964216,62626132.0,60714320.0
2025-12-12 13:40:00,0.96964216,0.9699204,0.96856415,0.96906835,69326510.0,67198104.0
2025-12-12 13:45:00,0.96912056,0.969364,0.9685238,0.9689498,62685372.0,60741470.0
2025-12-12 13:50:00,0.96891224,0.96929437,0.96842504,0.96863365,49930780.0,48373756.0
2025-12-12 13:55:00,0.96865106,0.9689119,0.96783394,0.96797293,44576228.0,43165056.0
2025-12-12 14:00:00,0.96797293,0.96821636,0.9671036,0.96745133,67947900.0,65752240.0
2025-12-12 14:05:00,0.96745133,0.96785134,0.9667906,0.96684283,58555004.0,56636396.0
2025-12-12 14:10:00,0.96686023,0.96766,0.96686023,0.9670689,57146776.0,55267350.0
2025-12-12 14:15:00,0.9669867,0.9672775,0.9663038,0.9667211,49588572.0,47943336.0
2025-12-12 14:20:00,0.9667211,0.9667559,0.9660604,0.9660952,47479250.0,45884336.0
2025-12-12 14:25:00,0.96622735,0.9666165,0.9657823,0.9665473,44628852.0,43124564.0
2025-12-12 14:30:00,0.9665473,0.96748614,0.9665125,0.9671391,50166588.0,48507136.0
2025-12-12 14:35:00,0.9671384,0.96740824,0.9663445,0.966356,40622140.0,39273964.0
2025-12-12 14:40:00,0.966356,0.96741664,0.9660604,0.9663734,35822308.0,34624108.0
2025-12-12 14:45:00,0.966356,0.9671036,0.9662353,0.9669993,43825092.0,42364556.0
2025-12-12 14:50:00,0.96696454,0.96759015,0.9666863,0.96734744,51988630.0,50280656.0
2025-12-12 14:55:00,0.96738183,0.96826786,0.9671871,0.96804255,49868376.0,48258616.0
2025-12-12 15:00:00,0.96800774,0.9688076,0.96757305,0.96870327,51250730.0,49624692.0
2025-12-12 15:05:00,0.96863365,0.9693292,0.96856415,0.96919006,61483904.0,59573556.0
2025-12-12 15:10:00,0.9691554,0.9695378,0.96795565,0.96811205,55137524.0,53411180.0
2025-12-12 15:15:00,0.96811205,0.9682547,0.967347,0.96738183,84429120.0,81708296.0
2025-12-12 15:20:00,0.96741664,0.9678686,0.9667211,0.9677643,78342410.0,75791790.0
2025-12-12 15:25:00,0.9677643,0.96783394,0.9663737,0.9669123,84691384.0,81915290.0
2025-12-12 15:30:00,0.9668949,0.9671384,0.9654345,0.96686023,94363224.0,91209800.0
2025-12-12 15:35:00,0.9668254,0.96686023,0.96305245,0.96407825,120815930.0,116612024.0
2025-12-12 15:40:00,0.96421736,0.96572274,0.96421736,0.9655851,90369450.0,87200700.0
2025-12-12 15:45:00,0.9656083,0.96745133,0.9654171,0.96638036,114433020.0,110566824.0
2025-12-12 15:50:00,0.966443,0.96845984,0.96369576,0.9662342,141281420.0,136507280.0
2025-12-12 15:55:00,0.966269,0.96804255,0.9659213,0.96800774,240445040.0,232524820.0
2025-12-15 09:30:00,0.9728066,0.97295153,0.966582,0.9667559,492660320.0,477769180.0
2025-12-15 09:35:00,0.9667559,0.9669273,0.9615745,0.9620266,194585390.0,187642800.0
2025-12-15 09:40:00,0.962044,0.9632159,0.955263,0.95614976,235496830.0,225881060.0
2025-12-15 09:45:00,0.95614976,0.95667136,0.9533679,0.9558716,271821540.0,259729600.0
2025-12-15 09:50:00,0.9558716,0.95618457,0.9538546,0.95538473,165940540.0,158526960.0
2025-12-15 09:55:00,0.95543694,0.95667136,0.9541329,0.9557673,213313100.0,203821140.0
2025-12-15 10:00:00,0.95566297,0.9583405,0.95392424,0.9539938,179932850.0,171922300.0
2025-12-15 10:05:00,0.9538894,0.95555866,0.9528115,0.9546893,158812260.0,151544560.0
2025-12-15 10:10:00,0.9547067,0.95541954,0.9530549,0.9537503,97618220.0,93150520.0
2025-12-15 10:15:00,0.9536808,0.9539938,0.95155966,0.95180297,120094120.0,114420790.0
2025-12-15 10:20:00,0.9519769,0.95381993,0.95149004,0.9518899,110314150.0,105051530.0
2025-12-15 10:25:00,0.9518378,0.953733,0.9516991,0.9533157,92742770.0,88351064.0
2025-12-15 10:30:00,0.9534027,0.95562816,0.9530977,0.9541332,109318300.0,104296824.0
2025-12-15 10:35:00,0.9540633,0.9546545,0.9530201,0.95329833,84636170.0,80722510.0
2025-12-15 10:40:00,0.9533679,0.95507145,0.9525159,0.9547414,156085520.0,148893740.0
2025-12-15 10:45:00,0.9547414,0.95500225,0.95194596,0.9537677,141985390.0,135434800.0
2025-12-15 10:50:00,0.9538025,0.9538546,0.9518378,0.9529853,69298620.0,66049908.0
2025-12-15 10:55:00,0.952881,0.95444584,0.952568,0.9540981,51767204.0,49359940.0
2025-12-15 11:00:00,0.9541677,0.9542372,0.95314044,0.9535417,43630410.0,41613452.0
2025-12-15 11:05:00,0.9536808,0.9545693,0.953107,0.9541677,68592920.0,65429500.0
2025-12-15 11:10:00,0.9541329,0.95451534,0.9529506,0.9534548,59367964.0,56622990.0
2025-12-15 11:15:00,0.9534635,0.9568105,0.9534374,0.956741,78679730.0,75148030.0
2025-12-15 11:20:00,0.9567758,0.95722777,0.95573246,0.95668876,69522060.0,66505244.0
2025-12-15 11:25:00,0.95663667,0.9585159,0.95663667,0.9580624,72327590.0,69250984.0
2025-12-15 11:30:00,0.9581667,0.9587057,0.9563588,0.956428,55655436.0,53285340.0
2025-12-15 11:35:00,0.9563706,0.9563706,0.9540981,0.95515865,58800876.0,56184210.0
2025-12-15 11:40:00,0.95515865,0.9558716,0.9535417,0.9535765,50543880.0,48246012.0
2025-12-15 11:45:00,0.9536113,0.95486313,0.9533331,0.954724,53500388.0,51046480.0
2025-12-15 11:50:00,0.9546545,0.95608026,0.9546545,0.95602804,62736270.0,59935370.0
2025-12-15 11:55:00,0.9559794,0.9569844,0.95507175,0.95611507,55685056.0,53237010.0
2025-12-15 12:00:00,0.95611507,0.9569148,0.9549991,0.95555866,58754580.0,56163324.0
2025-12-15 12:05:00,0.9555906,0.95569766,0.9546545,0.9552804,38158530.0,36453064.0
2025-12-15 12:10:00,0.9552457,0.95580196,0.9546197,0.95541954,39328076.0,37569000.0
2025-12-15 12:15:00,0.95531523,0.9562889,0.9547591,0.95476717,51967640.0,49643784.0
2025-12-15 12:20:00,0.9547588,0.95601076,0.95451534,0.9556616,40859960.0,39030930.0
2025-12-15 12:25:00,0.95555866,0.9568453,0.95552385,0.95601076,48340520.0,46212796.0
2025-12-15 12:30:00,0.95602804,0.95663667,0.9546893,0.95514137,47336036.0,45235444.0
2025-12-15 12:35:00,0.95521086,0.95601076,0.95507175,0.9557784,46571676.0,44500070.0
2025-12-15 12:40:00,0.9557673,0.95663667,0.9557387,0.9561306,39291550.0,37565410.0
2025-12-15 12:45:00,0.95618457,0.95656705,0.95503706,0.95521086,48784240.0,46625532.0
2025-12-15 12:50:00,0.95519346,0.95538473,0.9541329,0.95500225,49715104.0,47474364.0
2025-12-15 12:55:00,0.95503706,0.95566297,0.95434153,0.9552457,49307904.0,47092590.0
2025-12-15 13:00:00,0.95522827,0.95552385,0.9541051,0.95510656,48147850.0,45980756.0
2025-12-15 13:05:00,0.9552457,0.95562816,0.9541329,0.9542372,40933290.0,39083556.0
2025-12-15 13:10:00,0.95427203,0.9546197,0.9536808,0.9544552,49180796.0,46931110.0
2025-12-15 13:15:00,0.9544726,0.9546197,0.9531244,0.9532287,45944484.0,43824668.0
2025-12-15 13:20:00,0.9532113,0.95392424,0.9527072,0.9527072,58022424.0,55303348.0
2025-12-15 13:25:00,0.952742,0.9530896,0.9518726,0.9529506,49801948.0,47444508.0
2025-12-15 13:30:00,0.952881,0.9536808,0.95211595,0.9531982,41607930.0,39651068.0
2025-12-15 13:35:00,0.9530723,0.9534722,0.9521856,0.95222026,41390812.0,39434580.0
2025-12-15 13:40:00,0.9521856,0.9529158,0.95086414,0.9517509,72865930.0,69363200.0
2025-12-15 13:45:00,0.9517797,0.952881,0.951664,0.952881,58835670.0,56029292.0
2025-12-15 13:50:00,0.9527941,0.9530896,0.95208126,0.95208126,43094950.0,41048440.0
2025-12-15 13:55:00,0.95208126,0.9529158,0.9519073,0.9524985,49985990.0,47604196.0
2025-12-15 14:00:00,0.9524811,0.9533331,0.95178556,0.95232457,70869900.0,67502240.0
2025-12-15 14:05:00,0.95232457,0.95267236,0.95173347,0.9518726,58245580.0,55458572.0
2025-12-15 14:10:00,0.9518378,0.952429,0.95110756,0.95114225,46493456.0,44244530.0
2025-12-15 14:15:00,0.95110756,0.95117706,0.9498556,0.95065546,84270376.0,80115750.0
2025-12-15 14:20:00,0.95065546,0.9507601,0.9496122,0.9502034,53287296.0,50639332.0
2025-12-15 14:25:00,0.9501339,0.9508287,0.9496122,0.95062065,77891220.0,74019940.0
2025-12-15 14:30:00,0.95065546,0.95086414,0.9500991,0.95041203,57342036.0,54504050.0
2025-12-15 14:35:00,0.9503772,0.95086414,0.94953537,0.9496589,54148856.0,51447308.0
2025-12-15 14:40:00,0.9496818,0.95048195,0.9487777,0.94995964,83292060.0,79104580.0
2025-12-15 14:45:00,0.94995993,0.9502034,0.949647,0.94999474,61525892.0,58446600.0
2025-12-15 14:50:00,0.95002955,0.95048124,0.9495949,0.9500991,70330424.0,66817504.0
2025-12-15 14:55:00,0.9501339,0.9513509,0.94989043,0.9512136,60785110.0,57785200.0
2025-12-15 15:00:00,0.95121187,0.95128137,0.9501339,0.95117706,60986410.0,57995092.0
2025-12-15 15:05:00,0.95117706,0.95155966,0.95110756,0.95134294,63320904.0,60236972.0
2025-12-15 15:10:00,0.9513162,0.95169866,0.95086414,0.95100325,72626950.0,69084250.0
2025-12-15 15:15:00,0.95102054,0.95208126,0.95069027,0.95103794,82509010.0,78483190.0
2025-12-15 15:20:00,0.95103794,0.95169866,0.95069027,0.95149004,71656120.0,68161390.0
2025-12-15 15:25:00,0.95142084,0.9522638,0.9513162,0.95213336,67999660.0,64720960.0
2025-12-15 15:30:00,0.95215076,0.9524637,0.95114225,0.95155966,80283500.0,76416180.0
2025-12-15 15:35:00,0.95159435,0.952429,0.95124656,0.9518726,80899770.0,76999240.0
2025-12-15 15:40:00,0.9519421,0.95213336,0.95115966,0.95169514,88661570.0,84382104.0
2025-12-15 15:45:00,0.951664,0.9527767,0.95155966,0.95208126,105600880.0,100534190.0
2025-12-15 15:50:00,0.95208126,0.95458496,0.95173347,0.9529853,236408140.0,225260620.0
2025-12-15 15:55:00,0.9530549,0.95531523,0.9513162,0.9532113,588457100.0,560931650.0
2025-12-16 09:30:00,0.9487081,0.952568,0.9480822,0.94820386,507457820.0,481775650.0
2025-12-16 09:35:00,0.94821256,0.9488646,0.9451264,0.9473693,137708660.0,130464250.0
2025-12-16 09:40:00,0.9472824,0.94769096,0.9453697,0.94716066,86697760.0,82092024.0
2025-12-16 09:45:00,0.94717807,0.9517509,0.94655216,0.95103794,87331270.0,82888700.0
2025-12-16 09:50:00,0.95103794,0.9529158,0.9492645,0.9500991,75734150.0,72010260.0
2025-12-16 09:55:00,0.9502382,0.95201164,0.9496122,0.95145524,94890050.0,90224230.0
2025-12-16 10:00:00,0.95180297,0.9524286,0.94776917,0.9486431,96593620.0,91779490.0
2025-12-16 10:05:00,0.94874287,0.9526028,0.9480474,0.95154226,81537310.0,77479510.0
2025-12-16 10:10:00,0.95154226,0.9519595,0.9492645,0.9502214,65688180.0,62452830.0
2025-12-16 10:15:00,0.9502208,0.9508293,0.9491428,0.9501339,61241196.0,58184140.0
2025-12-16 10:20:00,0.9500643,0.95062065,0.9486733,0.9489342,63268564.0,60078132.0
2025-12-16 10:25:00,0.948882,0.95055085,0.94776917,0.94992524,72825950.0,69132350.0
2025-12-16 10:30:00,0.94992524,0.9513162,0.9494384,0.9495775,69377130.0,65912736.0
2025-12-16 10:35:00,0.9495427,0.95002955,0.94811696,0.9490694,70105256.0,66543184.0
2025-12-16 10:40:00,0.9490871,0.95069027,0.94759536,0.95048124,59286870.0,56290720.0
2025-12-16 10:45:00,0.95048153,0.95203954,0.9503772,0.95155966,56256172.0,53506064.0
2025-12-16 10:50:00,0.95154226,0.9521856,0.95002955,0.95201164,46039670.0,43804090.0
2025-12-16 10:55:00,0.9519421,0.9521856,0.95041203,0.95079464,42192560.0,40139200.0
2025-12-16 11:00:00,0.95079464,0.9519073,0.95058584,0.95114225,45794372.0,43555372.0
2025-12-16 11:05:00,0.95110756,0.951664,0.9503772,0.95103794,63879652.0,60752530.0
2025-12-16 11:10:00,0.95117706,0.9513509,0.9497165,0.94995964,39715144.0,37751270.0
2025-12-16 11:15:00,0.94989043,0.9500647,0.94864446,0.9488125,55761836.0,52937668.0
2025-12-16 11:20:00,0.9487777,0.9491428,0.9479431,0.9486254,51391924.0,48751520.0
2025-12-16 11:25:00,0.9486038,0.94885004,0.9478388,0.9486733,56451144.0,53543428.0
2025-12-16 11:30:00,0.9486385,0.9495876,0.9482561,0.9494095,44813760.0,42527044.0
2025-12-16 11:35:00,0.94933057,0.95034254,0.9482909,0.9503077,52834664.0,50170100.0
2025-12-16 11:40:00,0.9503077,0.95086414,0.9491254,0.95044684,45696890.0,43420548.0
2025-12-16 11:45:00,0.95058584,0.95107275,0.9496122,0.95086414,48972884.0,46550376.0
2025-12-16 11:50:00,0.95089895,0.95159405,0.95046425,0.95107275,37673108.0,35827410.0
2025-12-16 11:55:00,0.95117706,0.9526028,0.95112497,0.9524985,41930010.0,39911110.0
2025-12-16 12:00:00,0.952429,0.9537851,0.9519073,0.9534027,67773640.0,64580216.0
2025-12-16 12:05:00,0.9533679,0.9536113,0.95168126,0.95169944,69747520.0,66440788.0
2025-12-16 12:10:00,0.95169866,0.9528115,0.95096844,0.9523073,45092990.0,42926110.0
2025-12-16 12:15:00,0.9522551,0.9529506,0.95211595,0.9526028,31624648.0,30121882.0
2025-12-16 12:20:00,0.95265496,0.952742,0.95142084,0.9518204,27998966.0,26659482.0
2025-12-16 12:25:00,0.9518726,0.9518726,0.94989043,0.95002955,40794680.0,38792324.0
2025-12-16 12:30:00,0.95002913,0.95096844,0.9497513,0.95062065,42057110.0,39968656.0
2025-12-16 12:35:00,0.95065546,0.95103794,0.94860417,0.9490906,40164616.0,38150240.0
2025-12-16 12:40:00,0.949108,0.9492513,0.9480822,0.94835484,47558040.0,45118270.0
2025-12-16 12:45:00,0.9483604,0.9487777,0.9478043,0.9479639,43640760.0,41381330.0
2025-12-16 12:50:00,0.9479431,0.94811696,0.94717807,0.9477345,47129850.0,44666990.0
2025-12-16 12:55:00,0.947804,0.9480474,0.9462044,0.94648254,62042652.0,58762744.0
2025-12-16 13:00:00,0.94644785,0.94689983,0.9452654,0.9462739,90495980.0,85629260.0
2025-12-16 13:05:00,0.9462913,0.94769967,0.9451611,0.94717807,57049290.0,54001860.0
2025-12-16 13:10:00,0.94717807,0.94724756,0.9457001,0.9467955,42960084.0,40671612.0
2025-12-16 13:15:00,0.9467955,0.94689983,0.9460674,0.94660044,40281370.0,38129972.0
2025-12-16 13:20:00,0.94665647,0.94745624,0.9461352,0.9472653,49987720.0,47332290.0
2025-12-16 13:25:00,0.9473172,0.9477345,0.94610006,0.94630873,45858500.0,43421812.0
2025-12-16 13:30:00,0.94632614,0.9486212,0.94632614,0.9483086,74773090.0,70839680.0
2025-12-16 13:35:00,0.94830817,0.9495862,0.9479778,0.9494558,64842436.0,61524576.0
2025-12-16 13:40:00,0.9494384,0.9508293,0.9494384,0.95079464,38425390.0,36508932.0
2025-12-16 13:45:00,0.9508293,0.9518726,0.95079464,0.95162916,65576890.0,62382076.0
2025-12-16 13:50:00,0.95169866,0.9524985,0.95142055,0.95169866,41959340.0,39938120.0
2025-12-16 13:55:00,0.951664,0.9521504,0.95145524,0.95180297,39521320.0,37615132.0
2025-12-16 14:00:00,0.9517683,0.9519769,0.9496122,0.949647,63894604.0,60747864.0
2025-12-16 14:05:00,0.9495775,0.95062065,0.9495079,0.95048153,38944170.0,36998784.0
2025-12-16 14:10:00,0.9503772,0.95062065,0.9494036,0.9497861,38407852.0,36489260.0
2025-12-16 14:15:00,0.9497687,0.9500991,0.9492992,0.949421,34325790.0,32597384.0
2025-12-16 14:20:00,0.9494405,0.95034254,0.949334,0.94995993,36050930.0,34240064.0
2025-12-16 14:25:00,0.9499425,0.9513353,0.9494732,0.9512988,40729692.0,38714076.0
2025-12-16 14:30:00,0.9512988,0.9525333,0.95121187,0.95237607,43167132.0,41088852.0
2025-12-16 14:35:00,0.952429,0.9532635,0.9522551,0.95268977,46312290.0,44119836.0
2025-12-16 14:40:00,0.9526376,0.9531592,0.95208126,0.952881,40974988.0,39036452.0
2025-12-16 14:45:00,0.9529158,0.9532635,0.9523942,0.9531592,41883420.0,39912100.0
2025-12-16 14:50:00,0.9531939,0.95427203,0.9530549,0.95339644,56595216.0,53962370.0
2025-12-16 14:55:00,0.9534027,0.953646,0.9529752,0.9532287,39792212.0,37934440.0
2025-12-16 15:00:00,0.9531244,0.95503706,0.952881,0.95493305,51657350.0,49280800.0
2025-12-16 15:05:00,0.95498484,0.95507175,0.9541329,0.9546719,42989990.0,41043210.0
2025-12-16 15:10:00,0.95479363,0.95503706,0.953959,0.9539938,41516770.0,39625508.0
2025-12-16 15:15:00,0.9539938,0.95517606,0.9539938,0.95505434,58188064.0,55543680.0
2025-12-16 15:20:00,0.95505434,0.95559335,0.954724,0.95508915,45480060.0,43438696.0
2025-12-16 15:25:00,0.95503706,0.95517606,0.95448065,0.9547588,41445740.0,39575010.0
2025-12-16 15:30:00,0.954724,0.9563932,0.9546893,0.95604545,62129500.0,59362436.0
2025-12-16 15:35:00,0.95608026,0.9575234,0.95608026,0.9568105,70664290.0,67599130.0
2025-12-16 15:40:00,0.9568105,0.9572104,0.95611507,0.9567584,61052550.0,58410416.0
2025-12-16 15:45:00,0.9567758,0.9570539,0.95548904,0.9559064,50253148.0,48057400.0
2025-12-16 15:50:00,0.95597595,0.9580276,0.9557673,0.9569844,116441980.0,111398750.0
2025-12-16 15:55:00,0.9570191,0.9575755,0.95437634,0.95444584,318654880.0,304587600.0
2025-12-17 09:30:00,0.9563237,0.96007925,0.95569766,0.9588621,421317100.0,403512500.0
2025-12-17 09:35:00,0.95896643,0.95966196,0.9569496,0.95882744,92967360.0,89118640.0
2025-12-17 09:40:00,0.9590906,0.9603227,0.95779115,0.9584105,93251480.0,89419190.0
2025-12-17 09:45:00,0.95841,0.95896614,0.95670617,0.95847964,88082984.0,84395870.0
2025-12-17 09:50:00,0.9585492,0.95973146,0.95618457,0.9568627,80353670.0,76965320.0
2025-12-17 09:55:00,0.95683414,0.9585666,0.9565323,0.9573669,109959580.0,105267060.0
2025-12-17 10:00:00,0.9575407,0.9592794,0.9570087,0.9574886,74279624.0,71147210.0
2025-12-17 10:05:00,0.9573321,0.958045,0.9562889,0.9571582,73896000.0,70733700.0
2025-12-17 10:10:00,0.9571756,0.95837533,0.956741,0.9576624,66301280.0,63482720.0
2025-12-17 10:15:00,0.9576624,0.95837533,0.9571582,0.9579754,72468504.0,69409816.0
2025-12-17 10:20:00,0.95794725,0.9592794,0.9578015,0.9582014,81630776.0,78227380.0
2025-12-17 10:25:00,0.9581493,0.95882744,0.95722777,0.9580102,61081308.0,58519170.0
2025-12-17 10:30:00,0.9579233,0.95882744,0.9568801,0.9577362,73112376.0,70030090.0
2025-12-17 10:35:00,0.9577146,0.9581493,0.9568453,0.9576798,81813660.0,78344540.0
2025-12-17 10:40:00,0.9575755,0.9583405,0.95608026,0.9563414,95710490.0,91603016.0
2025-12-17 10:45:00,0.9562889,0.95661926,0.95507175,0.95580196,65138344.0,62268704.0
2025-12-17 10:50:00,0.95566297,0.95594114,0.9538894,0.95496744,72010984.0,68778790.0
2025-12-17 10:55:00,0.95503706,0.95548904,0.9546545,0.95495003,64721944.0,61811570.0
2025-12-17 11:00:00,0.95489794,0.9562889,0.9547999,0.95590675,76884430.0,73461030.0
2025-12-17 11:05:00,0.95599675,0.9564975,0.9546545,0.95538473,79932670.0,76386330.0
2025-12-17 11:10:00,0.955263,0.9557673,0.95211595,0.9522899,96242500.0,91801780.0
2025-12-17 11:15:00,0.9522804,0.9525333,0.95095104,0.95112497,100606660.0,95749620.0
2025-12-17 11:20:00,0.95110756,0.95149004,0.9494906,0.95053375,89711490.0,85284710.0
2025-12-17 11:25:00,0.95053375,0.95208126,0.9502729,0.95103794,68891420.0,65514468.0
2025-12-17 11:30:00,0.95103794,0.95103794,0.9492297,0.9497513,74035470.0,70353256.0
2025-12-17 11:35:00,0.9496818,0.9501512,0.9486038,0.9490385,62053010.0,58911190.0
2025-12-17 11:40:00,0.9490211,0.94995993,0.9483955,0.9490211,51196664.0,48590724.0
2025-12-17 11:45:00,0.9489516,0.9496122,0.94745624,0.94798726,51430172.0,48781616.0
2025-12-17 11:50:00,0.9479778,0.9486385,0.94696945,0.9479778,66798490.0,63317676.0
2025-12-17 11:55:00,0.9480123,0.9480818,0.94693464,0.9480818,44481330.0,42158410.0
2025-12-17 12:00:00,0.94798267,0.9484647,0.94693464,0.9473519,54508320.0,51656636.0
2025-12-17 12:05:00,0.9473867,0.9485342,0.94703895,0.94726497,66879010.0,63371620.0
2025-12-17 12:10:00,0.9472737,0.9481861,0.94683033,0.94710845,48950740.0,46373468.0
2025-12-17 12:15:00,0.94710845,0.9497858,0.94707376,0.9491949,60470220.0,57343348.0
2025-12-17 12:20:00,0.9490906,0.9495253,0.94844663,0.9492645,56775810.0,53884884.0
2025-12-17 12:25:00,0.9493166,0.9495775,0.9483604,0.948882,44769470.0,42487756.0
2025-12-17 12:30:00,0.9489168,0.95110756,0.9488472,0.9503077,66652976.0,63306656.0
2025-12-17 12:35:00,0.9501686,0.9503772,0.949334,0.949334,33970068.0,32264888.0
2025-12-17 12:40:00,0.9491949,0.9501318,0.9488125,0.9492297,36643896.0,34787600.0
2025-12-17 12:45:00,0.9492297,0.95034254,0.9491254,0.9501339,31975196.0,30367096.0
2025-12-17 12:50:00,0.9500643,0.95124626,0.9500643,0.9501686,41290164.0,39241588.0
2025-12-17 12:55:00,0.9502382,0.95152485,0.9502382,0.95065546,34339024.0,32644880.0
2025-12-17 13:00:00,0.95065546,0.95173347,0.95058584,0.95107275,36807524.0,35004390.0
2025-12-17 13:05:00,0.9509966,0.95138574,0.95002955,0.9502208,36647920.0,34839644.0
2025-12-17 13:10:00,0.9501686,0.9501686,0.9486733,0.9487081,33676172.0,31973156.0
2025-12-17 13:15:00,0.9486733,0.9496818,0.94811696,0.9494384,54749590.0,51956136.0
2025-12-17 13:20:00,0.949404,0.94995993,0.9490559,0.9495427,34243836.0,32514202.0
2025-12-17 13:25:00,0.9494732,0.95009524,0.949334,0.9494036,47620156.0,45218980.0
2025-12-17 13:30:00,0.9492997,0.9496473,0.948569,0.9492471,31315798.0,29724668.0
2025-12-17 13:35:00,0.9492297,0.9494036,0.94830817,0.9483604,41157884.0,39051650.0
2025-12-17 13:40:00,0.9482909,0.9491251,0.9473867,0.9489512,48141810.0,45659544.0
2025-12-17 13:45:00,0.9488472,0.94936883,0.9482909,0.9492818,61036160.0,57920092.0
2025-12-17 13:50:00,0.9493337,0.94950753,0.9487081,0.9491254,40163176.0,38121628.0
2025-12-17 13:55:00,0.9491254,0.9497513,0.948882,0.9492992,39394216.0,37395532.0
2025-12-17 14:00:00,0.9492297,0.9495775,0.9486385,0.949334,47989108.0,45551016.0
2025-12-17 14:05:00,0.94934624,0.95039463,0.9491602,0.9502382,46678652.0,44334676.0
2025-12-17 14:10:00,0.9501686,0.95086414,0.9496122,0.95063806,41003744.0,38966708.0
2025-12-17 14:15:00,0.95055115,0.9522551,0.95055115,0.95173347,55668950.0,52956356.0
2025-12-17 14:20:00,0.9518204,0.952638,0.95103794,0.9526202,73882490.0,70338280.0
2025-12-17 14:25:00,0.9526028,0.9527072,0.95138574,0.95206386,62040640.0,59074468.0
2025-12-17 14:30:00,0.95201164,0.9528463,0.9519421,0.95204645,51866988.0,49388348.0
2025-12-17 14:35:00,0.9519769,0.95267236,0.95173347,0.9526376,43909064.0,41812630.0
2025-12-17 14:40:00,0.95267236,0.9531939,0.9523594,0.952429,48429664.0,46137180.0
2025-12-17 14:45:00,0.9524985,0.9529158,0.95211595,0.952429,54365108.0,51782212.0
2025-12-17 14:50:00,0.952429,0.9526376,0.95138574,0.9515763,81255210.0,77355544.0
2025-12-17 14:55:00,0.95155966,0.952479,0.95140314,0.95159435,64046730.0,60957052.0
2025-12-17 15:00:00,0.95162916,0.9526028,0.95162916,0.952429,37108610.0,35330090.0
2025-12-17 15:05:00,0.9524637,0.9526376,0.9513162,0.9519421,43065336.0,41002070.0
2025-12-17 15:10:00,0.95201164,0.9524637,0.95169866,0.95211595,41094616.0,39125052.0
2025-12-17 15:15:00,0.95208126,0.9525854,0.9517683,0.95222026,53878252.0,51300920.0
2025-12-17 15:20:00,0.9522725,0.952568,0.9517683,0.95208126,50406420.0,47995610.0
2025-12-17 15:25:00,0.95204645,0.95204645,0.9513336,0.95159465,53876240.0,51276996.0
2025-12-17 15:30:00,0.951664,0.95208126,0.95124656,0.9519769,64453350.0,61342972.0
2025-12-17 15:35:00,0.95204645,0.9523594,0.95093364,0.95098585,79028840.0,75202370.0
2025-12-17 15:40:00,0.95096844,0.9518378,0.9507601,0.95107275,100562080.0,95650610.0
2025-12-17 15:45:00,0.95107275,0.9513509,0.9501686,0.95034254,124023480.0,117913300.0
2025-12-17 15:50:00,0.95041203,0.95041203,0.9478043,0.9483604,181300240.0,172098740.0
2025-12-17 15:55:00,0.9483604,0.9488472,0.9447786,0.9453697,926077800.0,876846600.0
2025-12-18 09:30:00,0.95143795,0.95149004,0.93834543,0.93848455,498941150.0,471469200.0
2025-12-18 09:35:00,0.93848455,0.93921477,0.9308516,0.9322078,401787940.0,375747940.0
2025-12-18 09:40:00,0.9321904,0.93354654,0.9283304,0.9325312,345174600.0,321581800.0
2025-12-18 09:45:00,0.9326772,0.93761516,0.9326772,0.93632853,331816400.0,310190100.0
2025-12-18 09:50:00,0.9362847,0.9366936,0.93347704,0.93372357,210731300.0,197043200.0
2025-12-18 09:55:00,0.9337552,0.9355982,0.9321904,0.9347985,271889380.0,253967940.0
2025-12-18 10:00:00,0.9347985,0.9355635,0.9332684,0.9349723,136603800.0,127676840.0
2025-12-18 10:05:00,0.9350071,0.9373369,0.9346942,0.9352506,126685230.0,118523180.0
2025-12-18 10:10:00,0.9352506,0.937024,0.9337552,0.93685013,152722670.0,142905650.0
2025-12-18 10:15:00,0.9368153,0.9368153,0.93441594,0.93505925,130224930.0,121861420.0
2025-12-18 10:20:00,0.9351463,0.94008446,0.93507665,0.9400667,139563760.0,130854090.0
2025-12-18 10:25:00,0.9401189,0.94260526,0.939493,0.94203144,166105040.0,156315170.0
2025-12-18 10:30:00,0.94189936,0.9445352,0.9417185,0.9439267,125593040.0,118436744.0
2025-12-18 10:35:00,0.9439267,0.94663906,0.94300514,0.94630873,126240650.0,119293610.0
2025-12-18 10:40:00,0.94641304,0.94648254,0.94387096,0.9447091,88811970.0,83960070.0
2025-12-18 10:45:00,0.9447091,0.9452133,0.9430083,0.9442223,98813080.0,93308024.0
2025-12-18 10:50:00,0.9442571,0.94610006,0.94363105,0.9455437,73479020.0,69429080.0
2025-12-18 10:55:00,0.9455437,0.9462409,0.9449873,0.94592613,58646164.0,55460184.0
2025-12-18 11:00:00,0.94585663,0.94714326,0.9456132,0.94672596,116370664.0,110125600.0
2025-12-18 11:05:00,0.94672596,0.94735265,0.9457523,0.9472824,69194810.0,65512144.0
2025-12-18 11:10:00,0.9472129,0.94815177,0.94710845,0.94756055,60539812.0,57361980.0
2025-12-18 11:15:00,0.94756055,0.9483604,0.9467319,0.94752586,85159544.0,80692470.0
2025-12-18 11:20:00,0.94752586,0.9479083,0.94585663,0.9462739,65829090.0,62332984.0
2025-12-18 11:25:00,0.9462913,0.947908,0.9462788,0.94689983,83608390.0,79164140.0
2025-12-18 11:30:00,0.94686514,0.9483604,0.9467608,0.9477519,60942124.0,57738670.0
2025-12-18 11:35:00,0.9478388,0.9487951,0.94763017,0.9482561,66768580.0,63305296.0
2025-12-18 11:40:00,0.9483604,0.9499043,0.9482561,0.94950694,52296620.0,49629856.0
2025-12-18 11:45:00,0.9494732,0.9496818,0.9482561,0.9489516,68274296.0,64798500.0
2025-12-18 11:50:00,0.9489168,0.9498556,0.9484821,0.9491949,426540800.0,404835140.0
2025-12-18 11:55:00,0.9491949,0.94943804,0.94815177,0.9488472,45482936.0,43159120.0
2025-12-18 12:00:00,0.9488299,0.9488472,0.947804,0.9479431,41918504.0,39753668.0
2025-12-18 12:05:00,0.9478388,0.9479431,0.943492,0.943492,64547676.0,61042188.0
2025-12-18 12:10:00,0.9434224,0.9438398,0.94213575,0.94246614,55133784.0,51989284.0
2025-12-18 12:15:00,0.9423444,0.9423444,0.939945,0.9405362,59236544.0,55758916.0
2025-12-18 12:20:00,0.9405362,0.94154465,0.9387975,0.93897134,65797456.0,61847132.0
2025-12-18 12:25:00,0.93911046,0.9402229,0.93869317,0.9397712,55032560.0,51700308.0
2025-12-18 12:30:00,0.9395973,0.9428661,0.9393191,0.9425767,95464330.0,89840504.0
2025-12-18 12:35:00,0.94263065,0.94374585,0.9418228,0.94361377,41484276.0,39117736.0
2025-12-18 12:40:00,0.9437702,0.9458218,0.9437702,0.9457175,44632304.0,42167260.0
2025-12-18 12:45:00,0.94578713,0.9473172,0.94578713,0.9467976,55800948.0,52811260.0
2025-12-18 12:50:00,0.94672596,0.94710845,0.9462044,0.9467608,39506944.0,37401220.0
2025-12-18 12:55:00,0.94658685,0.94731647,0.94585663,0.94721246,45959440.0,43511780.0
2025-12-18 13:00:00,0.94710845,0.94724756,0.9453697,0.94545156,38145588.0,36096950.0
2025-12-18 13:05:00,0.945479,0.9474215,0.94547415,0.94717807,31918258.0,30207062.0
2025-12-18 13:10:00,0.94717807,0.94745624,0.94610006,0.94610006,39037340.0,36956984.0
2025-12-18 13:15:00,0.94610006,0.94710845,0.94610006,0.94698685,31454694.0,29774190.0
2025-12-18 13:20:00,0.94703895,0.947804,0.94686514,0.94778657,47005332.0,44531612.0
2025-12-18 13:25:00,0.94776917,0.9484647,0.94756055,0.94811696,41872210.0,39693924.0
2025-12-18 13:30:00,0.9481866,0.9491949,0.9481866,0.9489168,43688500.0,41443840.0
2025-12-18 13:35:00,0.9489168,0.9490906,0.94759536,0.94763047,39179110.0,37153876.0
2025-12-18 13:40:00,0.94766486,0.94839686,0.9473172,0.94813436,44813760.0,42477990.0
2025-12-18 13:45:00,0.94809955,0.9481692,0.94606525,0.9462391,48695956.0,46122050.0
2025-12-18 13:50:00,0.9462218,0.9462322,0.9445004,0.94477165,52227604.0,49377620.0
2025-12-18 13:55:00,0.9447582,0.9456132,0.9446048,0.9449873,40182732.0,37972316.0
2025-12-18 14:00:00,0.9448656,0.9455089,0.94310945,0.94357896,52267576.0,49354480.0
2025-12-18 14:05:00,0.9434572,0.9447786,0.94272697,0.9446048,64317044.0,60708336.0
2025-12-18 14:10:00,0.9445088,0.9449178,0.94290084,0.94359636,60363532.0,56982024.0
2025-12-18 14:15:00,0.94359636,0.94359636,0.94269216,0.94310945,40527816.0,38227810.0
2025-12-18 14:20:00,0.94307476,0.9442223,0.94293565,0.9434051,67617490.0,63790976.0
2025-12-18 14:25:00,0.9433529,0.9439441,0.94290084,0.94366586,52559456.0,49588056.0
2025-12-18 14:30:00,0.94366586,0.9437355,0.94220537,0.94255304,57616090.0,54334270.0
2025-12-18 14:35:00,0.94251835,0.94279647,0.94203144,0.94244874,37398190.0,35245880.0
2025-12-18 14:40:00,0.94251835,0.94272697,0.9411274,0.94150984,60788560.0,57261036.0
2025-12-18 14:45:00,0.94144034,0.94213575,0.9411969,0.94208366,72819060.0,68574740.0
2025-12-18 14:50:00,0.94210106,0.94255304,0.9410926,0.9415968,64411944.0,60665476.0
2025-12-18 14:55:00,0.9416142,0.94230926,0.9406405,0.94190973,81540190.0,76779750.0
2025-12-18 15:00:00,0.94194454,0.9427165,0.9412317,0.94260526,84605690.0,79709090.0
2025-12-18 15:05:00,0.94262266,0.94324857,0.94237924,0.94298774,71466610.0,67379400.0
2025-12-18 15:10:00,0.94300514,0.9444657,0.94298774,0.9443614,63498620.0,59923970.0
2025-12-18 15:15:00,0.9443788,0.9455089,0.9441179,0.944883,77703144.0,73407880.0
2025-12-18 15:20:00,0.9448482,0.9453697,0.9444657,0.9453176,58637536.0,55412490.0
2025-12-18 15:25:00,0.9453002,0.945752,0.9447786,0.9453002,59480116.0,56225532.0
2025-12-18 15:30:00,0.94533503,0.94710845,0.945109,0.94693464,81887864.0,77475896.0
2025-12-18 15:35:00,0.94700414,0.94724756,0.94637823,0.9467608,83828960.0,79373256.0
2025-12-18 15:40:00,0.94672596,0.9479431,0.94641304,0.9478909,73233730.0,69370150.0
2025-12-18 15:45:00,0.947804,0.9481866,0.9472138,0.94803,130819336.0,123991700.0
2025-12-18 15:50:00,0.9479778,0.95002955,0.94714326,0.94752586,197619550.0,187376750.0
2025-12-18 15:55:00,0.94759536,0.9477345,0.9462044,0.94641304,282887800.0,267891020.0
2025-12-19 09:30:00,0.9463608,0.9486038,0.9443614,0.9467955,4284600000.0,4055504100.0
2025-12-19 09:35:00,0.94698685,0.9486472,0.94533503,0.94749105,120425410.0,114056720.0
2025-12-19 09:40:00,0.9479431,0.94815177,0.9446395,0.9480693,121253896.0,114851800.0
2025-12-19 09:45:00,0.94822127,0.9490559,0.9439604,0.9444657,110396980.0,104482540.0
2025-12-19 09:50:00,0.9447438,0.94672596,0.9443788,0.9457175,70236670.0,66401156.0
2025-12-19 09:55:00,0.9458218,0.94630873,0.944344,0.94481343,83456840.0,78893590.0
2025-12-19 10:00:00,0.9447786,0.94648254,0.94276166,0.9437702,151121200.0,142726140.0
2025-12-19 10:05:00,0.94366586,0.9442223,0.94220537,0.9441527,111213960.0,104937220.0
2025-12-19 10:10:00,0.9440831,0.9452828,0.94352674,0.9452828,82284700.0,77721510.0
2025-12-19 10:15:00,0.94533503,0.9458215,0.9432959,0.9445004,81593390.0,77084390.0
2025-12-19 10:20:00,0.9444657,0.94564766,0.9441179,0.9451785,58037092.0,54836490.0
2025-12-19 10:25:00,0.9451264,0.9451264,0.9432834,0.9449351,66925304.0,63218830.0
2025-12-19 10:30:00,0.9448833,0.94689983,0.9439441,0.94683033,87375850.0,82626040.0
2025-12-19 10:35:00,0.94689673,0.9487081,0.9468616,0.94815207,74570640.0,70667210.0
2025-12-19 10:40:00,0.9481866,0.9484647,0.9453002,0.9454658,75931140.0,71895720.0
2025-12-19 10:45:00,0.9453697,0.9455423,0.94324857,0.94324857,91235610.0,86158550.0
2025-12-19 10:50:00,0.9432834,0.9447435,0.9431791,0.9440657,84620060.0,79865940.0
2025-12-19 10:55:00,0.9440136,0.9443614,0.94297045,0.94310945,76053930.0,71765540.0
2025-12-19 11:00:00,0.94310945,0.9449351,0.94236183,0.9449178,71197450.0,67198370.0
2025-12-19 11:05:00,0.9449178,0.9451959,0.9440484,0.9447438,62925492.0,59447380.0
2025-12-19 11:10:00,0.9448308,0.9457175,0.94356155,0.94359636,53025320.0,50078520.0
2025-12-19 11:15:00,0.94359636,0.9442571,0.9433529,0.9438745,55483468.0,52363644.0
2025-12-19 11:20:00,0.943909,0.9444831,0.9434224,0.94359636,58043132.0,54784170.0
2025-12-19 11:25:00,0.94359636,0.9445352,0.94310945,0.9432861,49111780.0,46343440.0
2025-12-19 11:30:00,0.94329137,0.943805,0.94307125,0.94362795,53039988.0,50040520.0
2025-12-19 11:35:00,0.94363105,0.9439788,0.94297045,0.94300514,48308024.0,45573612.0
2025-12-19 11:40:00,0.94300514,0.9433529,0.9422575,0.9422575,65915936.0,62140156.0
2025-12-19 11:45:00,0.94230974,0.94269216,0.94184023,0.94199705,54723996.0,51561484.0
2025-12-19 11:50:00,0.94210106,0.943805,0.94209236,0.9437007,53817000.0,50745380.0
2025-12-19 11:55:00,0.9437355,0.9438398,0.94217056,0.9423444,65468188.0,61737976.0
2025-12-19 12:00:00,0.94237924,0.94297045,0.9422401,0.94248354,43954788.0,41428196.0
2025-12-19 12:05:00,0.94248354,0.94258785,0.94185764,0.94230974,61670540.0,58112750.0
2025-12-19 12:10:00,0.9422763,0.94230103,0.94122124,0.9413012,68326630.0,64348310.0
2025-12-19 12:15:00,0.9413012,0.94220054,0.9413012,0.94196194,62058756.0,58440184.0
2025-12-19 12:20:00,0.94192713,0.94192713,0.9398407,0.94043326,99703690.0,93824370.0
2025-12-19 12:25:00,0.9404493,0.9413707,0.9398407,0.9411795,79196500.0,74500936.0
2025-12-19 12:30:00,0.9411969,0.9418228,0.9404667,0.9406753,73671700.0,69328040.0
2025-12-19 12:35:00,0.9406405,0.9415794,0.9400841,0.9415794,53823040.0,50645910.0
2025-12-19 12:40:00,0.9416142,0.94359636,0.94152725,0.94356155,91894720.0,86617656.0
2025-12-19 12:45:00,0.94359636,0.94373506,0.94255304,0.94324857,50723900.0,47847004.0
2025-12-19 12:50:00,0.94331807,0.9442685,0.9431791,0.9442223,64670468.0,61032560.0
2025-12-19 12:55:00,0.9442574,0.94457,0.9434572,0.9439096,71030370.0,67056116.0
2025-12-19 13:00:00,0.9439441,0.9447438,0.94331807,0.9434572,192849330.0,182023890.0
2025-12-19 13:05:00,0.94348747,0.94364846,0.94239664,0.94255304,64123800.0,60470116.0
2025-12-19 13:10:00,0.94248354,0.9433703,0.94230974,0.94316167,47304116.0,44599804.0
2025-12-19 13:15:00,0.9431791,0.94519424,0.9431791,0.9441527,64077500.0,60484440.0
2025-12-19 13:20:00,0.9441527,0.94418746,0.94262266,0.94265735,48665184.0,45910980.0
2025-12-19 13:25:00,0.94265777,0.9428661,0.94147503,0.94150984,64495910.0,60763348.0
2025-12-19 13:30:00,0.94154465,0.9418228,0.9402928,0.9408491,69296320.0,65216664.0
2025-12-19 13:35:00,0.9408491,0.941649,0.9407796,0.9415102,55516252.0,52251730.0
2025-12-19 13:40:00,0.94150984,0.94262266,0.9408143,0.94251835,60532624.0,57013636.0
2025-12-19 13:45:00,0.94250095,0.94250095,0.9417185,0.94192713,51745924.0,48753040.0
2025-12-19 13:50:00,0.94199675,0.94262266,0.9412664,0.9422752,73962140.0,69675320.0
2025-12-19 13:55:00,0.9423194,0.94248384,0.94150984,0.9418923,57759870.0,54412764.0
2025-12-19 14:00:00,0.94185764,0.94185764,0.9409883,0.9410926,71590840.0,67399130.0
2025-12-19 14:05:00,0.9410578,0.94199675,0.9408491,0.94177073,81308120.0,76544980.0
2025-12-19 14:10:00,0.9417533,0.9432834,0.9417533,0.94310945,68008870.0,64096656.0
2025-12-19 14:15:00,0.94307476,0.94354415,0.9428313,0.9435094,44855456.0,42309456.0
2025-12-19 14:20:00,0.943492,0.9439792,0.9434572,0.9439444,44995216.0,42462804.0
2025-12-19 14:25:00,0.9439788,0.9441523,0.94356155,0.94366586,52276200.0,49340350.0
2025-12-19 14:30:00,0.9437007,0.9438745,0.94357896,0.943805,61552348.0,58089400.0
2025-12-19 14:35:00,0.94377047,0.94453275,0.94363105,0.9443788,51219380.0,48355108.0
2025-12-19 14:40:00,0.9443961,0.9446395,0.9440136,0.9440831,44803410.0,42307104.0
2025-12-19 14:45:00,0.9441179,0.9443961,0.943805,0.9443961,51674604.0,48790064.0
2025-12-19 14:50:00,0.9444657,0.9449525,0.9443266,0.94481343,52170090.0,49281930.0
2025-12-19 14:55:00,0.944796,0.9449525,0.9440136,0.9440136,51458930.0,48600070.0
2025-12-19 15:00:00,0.9439788,0.9443266,0.9434652,0.9439093,86271290.0,81433190.0
2025-12-19 15:05:00,0.9438745,0.94418746,0.9433529,0.94385296,55954508.0,52810812.0
2025-12-19 15:10:00,0.9438398,0.94422257,0.9427444,0.94307476,70461260.0,66478116.0
2025-12-19 15:15:00,0.94307476,0.94372433,0.94237924,0.94253576,78212710.0,73749000.0
2025-12-19 15:20:00,0.94253576,0.94265735,0.9395103,0.9395625,153044180.0,144024750.0
2025-12-19 15:25:00,0.9395277,0.9418923,0.9395277,0.9416837,136979090.0,128850456.0
2025-12-19 15:30:00,0.9417185,0.94262266,0.9411621,0.9418923,109644980.0,103269000.0
2025-12-19 15:35:00,0.94192713,0.94192713,0.9400146,0.9403975,105057090.0,98865710.0
2025-12-19 15:40:00,0.9403971,0.94149244,0.9403276,0.9409535,119061460.0,112012140.0
2025-12-19 15:45:00,0.9409535,0.9418541,0.9403276,0.9405014,115654904.0,108820760.0
2025-12-19 15:50:00,0.9403971,0.94364846,0.93855405,0.94314426,333838000.0,314287140.0
2025-12-19 15:55:00,0.9451611,0.9548155,0.9432834,0.951664,1572893400.0,1492252800.0
2025-12-22 09:30:00,0.9488472,0.9523942,0.9483604,0.95069027,502208800.0,477135000.0
2025-12-22 09:35:00,0.95079464,0.95138574,0.94696945,0.9490906,170806510.0,162191060.0
2025-12-22 09:40:00,0.94908816,0.9501339,0.94766486,0.94857985,152442020.0,144647150.0
2025-12-22 09:45:00,0.948569,0.9488472,0.94610006,0.94653475,105338904.0,99809950.0
2025-12-22 09:50:00,0.94653475,0.9494123,0.94653475,0.9485774,124789280.0,118270880.0
2025-12-22 09:55:00,0.9485516,0.9492297,0.94749105,0.94752586,84579510.0,80198264.0
2025-12-22 10:00:00,0.94749105,0.9480474,0.94601166,0.94763017,202486670.0,191814620.0
2025-12-22 10:05:00,0.94756055,0.9484647,0.94592613,0.9463608,88849064.0,84147000.0
2025-12-22 10:10:00,0.9462739,0.94696945,0.945648,0.94596094,79203390.0,74943290.0
2025-12-22 10:15:00,0.94589144,0.94655174,0.9456132,0.9461696,90199496.0,85333816.0
2025-12-22 10:20:00,0.9462246,0.9475602,0.9448482,0.9449525,71783510.0,67899770.0
2025-12-22 10:25:00,0.944883,0.94613445,0.9443614,0.94590884,77077100.0,72862670.0
2025-12-22 10:30:00,0.94596094,0.94644785,0.9449525,0.945102,77919680.0,73682080.0
2025-12-22 10:35:00,0.9451264,0.94533503,0.9441527,0.9447786,66939396.0,63247572.0
2025-12-22 10:40:00,0.94481343,0.94606495,0.94418746,0.94590884,88294056.0,83459400.0
2025-12-22 10:45:00,0.9459613,0.94700414,0.94578713,0.94662166,68072136.0,64419628.0
2025-12-22 10:50:00,0.94655216,0.9473172,0.94630873,0.94658685,61427540.0,58152910.0
2025-12-22 10:55:00,0.94660425,0.9472824,0.9462044,0.94700414,50640216.0,47944828.0
2025-12-22 11:00:00,0.94703865,0.9473172,0.94672596,0.947071,41517920.0,39319056.0
2025-12-22 11:05:00,0.94703895,0.9485342,0.94703895,0.9484821,59369116.0,56268476.0
2025-12-22 11:10:00,0.9484647,0.9486385,0.94703895,0.94707376,62470560.0,59209844.0
2025-12-22 11:15:00,0.94710845,0.9482255,0.94693464,0.9478735,43262030.0,40992310.0
2025-12-22 11:20:00,0.947804,0.9479778,0.9472129,0.9472129,45330812.0,42953296.0
2025-12-22 11:25:00,0.94724756,0.94755226,0.94655216,0.9473867,44453436.0,42105612.0
2025-12-22 11:30:00,0.9473172,0.94763017,0.94665647,0.94693464,38388584.0,36359156.0
2025-12-22 11:35:00,0.94689983,0.94712585,0.94634354,0.94662166,52007900.0,49238360.0
2025-12-22 11:40:00,0.94658685,0.94674337,0.9462218,0.94634354,42839880.0,40546824.0
2025-12-22 11:45:00,0.94630873,0.94630873,0.9456828,0.9462617,50400096.0,47685572.0
2025-12-22 11:50:00,0.9462044,0.94665986,0.94578713,0.94603044,45009884.0,42587024.0
2025-12-22 11:55:00,0.94608265,0.94672006,0.9456132,0.9465195,51264244.0,48507964.0
2025-12-22 12:00:00,0.94658685,0.94689983,0.9452307,0.94543934,59958060.0,56722676.0
2025-12-22 12:05:00,0.9454529,0.9457008,0.9450221,0.9451072,54890212.0,51888860.0
2025-12-22 12:10:00,0.9450916,0.9455785,0.94457,0.9449873,51540308.0,48708520.0
2025-12-22 12:15:00,0.9449873,0.94547415,0.94418746,0.9454045,62720744.0,59271940.0
2025-12-22 12:20:00,0.9453697,0.9458218,0.94533503,0.94547415,51139724.0,48352616.0
2025-12-22 12:25:00,0.94543934,0.9458131,0.94533503,0.945648,48031668.0,45416770.0
2025-12-22 12:30:00,0.9455785,0.94634354,0.94547415,0.9455958,55623516.0,52605828.0
2025-12-22 12:35:00,0.9455631,0.94603044,0.9454045,0.9458218,44152924.0,41755640.0
2025-12-22 12:40:00,0.94578713,0.94585663,0.9451615,0.9458218,58900664.0,55699812.0
2025-12-22 12:45:00,0.94578916,0.94634354,0.945648,0.9456824,44292108.0,41894388.0
2025-12-22 12:50:00,0.945648,0.9459237,0.9446051,0.9446051,56242944.0,53160576.0
2025-12-22 12:55:00,0.9446395,0.944883,0.9437702,0.94401395,61925900.0,58478276.0
2025-12-22 13:00:00,0.9440894,0.94414157,0.94305736,0.9433529,61393320.0,57934440.0
2025-12-22 13:05:00,0.94331807,0.9435264,0.94259244,0.9429558,43359520.0,40892284.0
2025-12-22 13:10:00,0.94293565,0.94300514,0.94206625,0.94217056,62275300.0,58697236.0
2025-12-22 13:15:00,0.9421542,0.9424105,0.94150984,0.9418228,58335876.0,54950900.0
2025-12-22 13:20:00,0.941788,0.9421741,0.9416142,0.9416664,43326450.0,40805310.0
2025-12-22 13:25:00,0.9416837,0.94217056,0.94147503,0.94217026,50488380.0,47553736.0
2025-12-22 13:30:00,0.94215316,0.94223213,0.9417185,0.94206625,46273464.0,43591572.0
2025-12-22 13:35:00,0.94203144,0.94272697,0.94150984,0.94258785,46130544.0,43464844.0
2025-12-22 13:40:00,0.94262266,0.9428661,0.9417185,0.94215316,51067256.0,48122724.0
2025-12-22 13:45:00,0.94213575,0.94220537,0.9415794,0.941649,49957524.0,47054612.0
2025-12-22 13:50:00,0.9416848,0.9417011,0.9410908,0.9411274,55221492.0,51985570.0
2025-12-22 13:55:00,0.9410578,0.9417533,0.9406753,0.94156206,81604320.0,76811060.0
2025-12-22 14:00:00,0.94154465,0.94210106,0.9413707,0.94168335,40471452.0,38110950.0
2025-12-22 14:05:00,0.9416837,0.9418228,0.9413012,0.9417359,39636348.0,37323010.0
2025-12-22 14:10:00,0.9417185,0.9418228,0.94142294,0.94178843,35162050.0,33111684.0
2025-12-22 14:15:00,0.9418923,0.94210106,0.9411621,0.9417536,33798390.0,31828868.0
2025-12-22 14:20:00,0.941788,0.94210106,0.94150984,0.94210106,45908828.0,43240376.0
2025-12-22 14:25:00,0.94213164,0.94244874,0.9418228,0.94190973,38428268.0,36202436.0
2025-12-22 14:30:00,0.94192713,0.94255304,0.9418931,0.94230545,47714480.0,44955136.0
2025-12-22 14:35:00,0.94230974,0.94230974,0.94154465,0.94197935,53790830.0,50672896.0
2025-12-22 14:40:00,0.94199675,0.9422401,0.94185764,0.94210106,36483144.0,34368904.0
2025-12-22 14:45:00,0.94210106,0.94251835,0.94196194,0.9422401,42647784.0,40182972.0
2025-12-22 14:50:00,0.9422401,0.94265735,0.9418923,0.9423823,38689380.0,36456732.0
2025-12-22 14:55:00,0.94239664,0.94260526,0.94199675,0.94211835,35346380.0,33306162.0
2025-12-22 15:00:00,0.94211835,0.94230974,0.941788,0.9422227,52690016.0,49639776.0
2025-12-22 15:05:00,0.94220537,0.94237924,0.94196194,0.94220436,39414056.0,37135444.0
2025-12-22 15:10:00,0.94217056,0.94257045,0.94210106,0.94236183,48203348.0,45422060.0
2025-12-22 15:15:00,0.94236183,0.94255304,0.94196194,0.9425378,55099564.0,51923276.0
2025-12-22 15:20:00,0.94251835,0.94276166,0.94213575,0.94244874,70339050.0,66292172.0
2025-12-22 15:25:00,0.94251835,0.94258755,0.94138813,0.94140553,54662456.0,51490660.0
2025-12-22 15:30:00,0.94138813,0.9414576,0.9406579,0.94082826,79021940.0,74366200.0
2025-12-22 15:35:00,0.9408491,0.9411621,0.94071,0.9409361,69259510.0,65167268.0
2025-12-22 15:40:00,0.9409535,0.9413012,0.9407448,0.9410578,76639140.0,72118520.0
2025-12-22 15:45:00,0.9410578,0.941649,0.9409187,0.941023,69916610.0,65802864.0
2025-12-22 15:50:00,0.9409535,0.94307435,0.9409187,0.94262266,158647200.0,149428580.0
2025-12-22 15:55:00,0.94255304,0.94255304,0.9409187,0.9417533,294189280.0,277109980.0
2025-12-23 09:30:00,0.9389018,0.9422401,0.93737173,0.939493,356085570.0,334542980.0
2025-12-23 09:35:00,0.9392847,0.941658,0.9391804,0.94154465,114475300.0,107654504.0
2025-12-23 09:40:00,0.94154465,0.94331807,0.9401884,0.94303995,113204810.0,106641500.0
2025-12-23 09:45:00,0.94307476,0.9440484,0.94262266,0.9437702,104072160.0,98179490.0
2025-12-23 09:50:00,0.9437355,0.9456132,0.94356155,0.9455666,123196720.0,116373990.0
2025-12-23 09:55:00,0.9455437,0.9455437,0.9428661,0.9431791,128203890.0,121060770.0
2025-12-23 10:00:00,0.94316167,0.94324857,0.94144034,0.941788,89403790.0,84254990.0
2025-12-23 10:05:00,0.9416837,0.9442223,0.94133604,0.94354415,166755230.0,157199570.0
2025-12-23 10:10:00,0.94359636,0.94368327,0.94210106,0.9433529,49223360.0,46426656.0
2025-12-23 10:15:00,0.94331807,0.9445004,0.94251835,0.94412494,46219976.0,43613884.0
2025-12-23 10:20:00,0.9441527,0.9442918,0.94237924,0.94244874,73696720.0,69519450.0
2025-12-23 10:25:00,0.94255304,0.94258785,0.9408491,0.9418228,103438930.0,97434620.0
2025-12-23 10:30:00,0.9418228,0.9422227,0.94133604,0.9416142,41636972.0,39211576.0
2025-12-23 10:35:00,0.941649,0.94307476,0.9415794,0.94279647,67744590.0,63834030.0
2025-12-23 10:40:00,0.94279647,0.94297045,0.94206625,0.94297045,49973916.0,47110456.0
2025-12-23 10:45:00,0.94300514,0.9439788,0.94276166,0.9437876,46771536.0,44123484.0
2025-12-23 10:50:00,0.9437702,0.9442223,0.9434589,0.9439788,49037876.0,46284770.0
2025-12-23 10:55:00,0.9439093,0.9443614,0.94331807,0.9439788,36195860.0,34164980.0
2025-12-23 11:00:00,0.9439093,0.9455089,0.9438749,0.9451959,108262920.0,102267560.0
2025-12-23 11:05:00,0.9452654,0.9455089,0.9441179,0.9445352,65219440.0,61623036.0
2025-12-23 11:10:00,0.9445352,0.9451959,0.9445352,0.9449873,43065620.0,40688976.0
2025-12-23 11:15:00,0.9450572,0.9456828,0.94481343,0.9455089,47637410.0,45030004.0
2025-12-23 11:20:00,0.9455092,0.9455437,0.9447264,0.944883,40708984.0,38476732.0
2025-12-23 11:25:00,0.9448482,0.9451264,0.94418746,0.9450965,48249360.0,45586700.0
2025-12-23 11:30:00,0.9452133,0.9456132,0.9450221,0.94543934,41863004.0,39574016.0
2025-12-23 11:35:00,0.94543934,0.945648,0.944883,0.945648,38777950.0,36660852.0
2025-12-23 11:40:00,0.9456132,0.94644785,0.9453697,0.9458044,76153420.0,72026580.0
2025-12-23 11:45:00,0.9458218,0.9461696,0.9457523,0.9461696,34058068.0,32218194.0
2025-12-23 11:50:00,0.9462131,0.94693875,0.94594353,0.94669086,62092116.0,58766868.0
2025-12-23 11:55:00,0.94665647,0.9467955,0.9462044,0.9464095,32741284.0,30990164.0
2025-12-23 12:00:00,0.9463608,0.94666165,0.94530725,0.9454045,78975930.0,74705980.0
2025-12-23 12:05:00,0.94543934,0.9457523,0.9449525,0.9452133,55538972.0,52503176.0
2025-12-23 12:10:00,0.9452654,0.9454838,0.9447612,0.9450916,60019024.0,56727012.0
2025-12-23 12:15:00,0.9450568,0.94533503,0.9444657,0.9445004,49266492.0,46548930.0
2025-12-23 12:20:00,0.9445004,0.94493794,0.9443961,0.9447786,36064444.0,34068396.0
2025-12-23 12:25:00,0.94481343,0.9448482,0.944024,0.9442223,34412064.0,32501402.0
2025-12-23 12:30:00,0.9442571,0.9445004,0.94276166,0.9431791,52595692.0,49633216.0
2025-12-23 12:35:00,0.94319636,0.9437355,0.94307476,0.9436791,26862778.0,25342920.0
2025-12-23 12:40:00,0.94367456,0.9439093,0.9433355,0.9438919,29664284.0,27994268.0
2025-12-23 12:45:00,0.943887,0.9439788,0.9434572,0.94356155,26185838.0,24712128.0
2025-12-23 12:50:00,0.94352674,0.9442223,0.94331807,0.9441176,33478612.0,31596986.0
2025-12-23 12:55:00,0.9440484,0.9446395,0.9438745,0.9445004,35494190.0,33515948.0
2025-12-23 13:00:00,0.9444657,0.944883,0.9443266,0.9447091,34816964.0,32887968.0
2025-12-23 13:05:00,0.94475776,0.9448482,0.9445004,0.9446395,21309512.0,20130808.0
2025-12-23 13:10:00,0.9446395,0.9450047,0.9445874,0.9446569,36249064.0,34245292.0
2025-12-23 13:15:00,0.9446743,0.9446743,0.9441179,0.9443614,25017728.0,23628168.0
2025-12-23 13:20:00,0.9444309,0.9449178,0.9443614,0.9447438,33025978.0,31196786.0
2025-12-23 13:25:00,0.9447438,0.9451959,0.9447091,0.94481343,22226862.0,21001396.0
2025-12-23 13:30:00,0.94481343,0.9454045,0.9447786,0.9453002,23634516.0,22336372.0
2025-12-23 13:35:00,0.94532806,0.9457523,0.9452654,0.9455089,26111356.0,24687338.0
2025-12-23 13:40:00,0.94554335,0.9462739,0.9451611,0.9461348,30136762.0,28502696.0
2025-12-23 13:45:00,0.9461696,0.9461696,0.9449529,0.9453354,45265820.0,42805936.0
2025-12-23 13:50:00,0.94533503,0.9459359,0.94533503,0.9455089,30472930.0,28813032.0
2025-12-23 13:55:00,0.94547415,0.94547415,0.9446048,0.94481343,33544178.0,31702324.0
2025-12-23 14:00:00,0.94481343,0.944883,0.9442476,0.9445352,33795516.0,31923912.0
2025-12-23 14:05:00,0.9445352,0.9445352,0.9441179,0.9443266,36355750.0,34333600.0
2025-12-23 14:10:00,0.9443266,0.94451016,0.9441179,0.9443614,35412810.0,33441342.0
2025-12-23 14:15:00,0.9443614,0.9449998,0.9443266,0.9446048,41504116.0,39203676.0
2025-12-23 14:20:00,0.9446048,0.9448308,0.9442918,0.94457,35512020.0,33543744.0
2025-12-23 14:25:00,0.9445526,0.9451959,0.9442571,0.9451959,42966984.0,40595224.0
2025-12-23 14:30:00,0.9451959,0.9459623,0.94509476,0.9456456,43967730.0,41570372.0
2025-12-23 14:35:00,0.9456132,0.94574434,0.9451959,0.9452654,30110592.0,28468202.0
2025-12-23 14:40:00,0.9452307,0.94660705,0.9450221,0.94644785,64681396.0,61177410.0
2025-12-23 14:45:00,0.94637823,0.94707376,0.9462391,0.94693464,54870944.0,51943932.0
2025-12-23 14:50:00,0.94696945,0.9473867,0.94634354,0.94655216,48558784.0,45976090.0
2025-12-23 14:55:00,0.94660425,0.94660425,0.94603044,0.9461522,33974384.0,32151582.0
2025-12-23 15:00:00,0.9461696,0.94641304,0.94597834,0.94629866,35701816.0,33781590.0
2025-12-23 15:05:00,0.9462739,0.94637823,0.94578713,0.94589144,38575216.0,36495344.0
2025-12-23 15:10:00,0.94587404,0.94648224,0.94587404,0.94594353,46662260.0,44144530.0
2025-12-23 15:15:00,0.94592613,0.94596094,0.9456132,0.94592613,52828910.0,49968576.0
2025-12-23 15:20:00,0.94594353,0.94601315,0.9456132,0.94596094,49499424.0,46820652.0
2025-12-23 15:25:00,0.94596094,0.9462739,0.94587404,0.9462287,34592084.0,32727030.0
2025-12-23 15:30:00,0.9462044,0.94644785,0.94596094,0.94643044,41104970.0,38896024.0
2025-12-23 15:35:00,0.94641304,0.94646513,0.94592613,0.94603044,37855428.0,35819132.0
2025-12-23 15:40:00,0.94606525,0.94618213,0.9453006,0.9456654,51679780.0,48878908.0
2025-12-23 15:45:00,0.9457349,0.94596094,0.9453002,0.945648,52245720.0,49406740.0
2025-12-23 15:50:00,0.9456828,0.9473519,0.94533503,0.94707376,167740740.0,158743260.0
2025-12-23 15:55:00,0.94710845,0.9474215,0.94658685,0.94669116,307249860.0,290950850.0
2025-12-24 09:30:00,0.9502034,0.953872,0.949647,0.9523594,476317440.0,453225800.0
2025-12-24 09:35:00,0.9524985,0.95538473,0.9523942,0.954185,150227730.0,143259500.0
2025-12-24 09:40:00,0.9541677,0.954724,0.952968,0.9532809,104082800.0,99272630.0
2025-12-24 09:45:00,0.9532113,0.95429283,0.95132554,0.95152897,99874504.0,95139416.0
2025-12-24 09:50:00,0.95155966,0.9534027,0.95152485,0.9531939,63197250.0,60190340.0
2025-12-24 09:55:00,0.95329833,0.9536113,0.952568,0.9534896,78364550.0,74700370.0
2025-12-24 10:00:00,0.9534215,0.9538546,0.9519769,0.9523942,86998840.0,82902220.0
2025-12-24 10:05:00,0.9525333,0.9531258,0.9517683,0.9524116,49118972.0,46783844.0
2025-12-24 10:10:00,0.9524982,0.9534722,0.952429,0.952968,44736692.0,42626990.0
2025-12-24 10:15:00,0.9529158,0.95437634,0.95211595,0.9540981,66442764.0,63344972.0
2025-12-24 10:20:00,0.9540633,0.9541329,0.9528463,0.9531592,58044570.0,55348424.0
2025-12-24 10:25:00,0.95325345,0.9532635,0.95253366,0.9529335,42431816.0,40437356.0
2025-12-24 10:30:00,0.9529506,0.9535417,0.9524985,0.9532287,48328440.0,46059652.0
2025-12-24 10:35:00,0.9534374,0.9539938,0.9530375,0.9532284,46910144.0,44725270.0
2025-12-24 10:40:00,0.9532287,0.9539938,0.9531418,0.9536773,44670548.0,42593830.0
2025-12-24 10:45:00,0.9536808,0.9540286,0.9535417,0.95374787,37362244.0,35634230.0
2025-12-24 10:50:00,0.9537156,0.95434153,0.9534374,0.9540286,50943028.0,48593576.0
2025-12-24 10:55:00,0.9540286,0.9547904,0.9534548,0.9547904,42746132.0,40791180.0
2025-12-24 11:00:00,0.9547675,0.9552804,0.95451534,0.9552457,43927756.0,41948910.0
2025-12-24 11:05:00,0.95521086,0.95601076,0.9551726,0.95562816,61859760.0,59107348.0
2025-12-24 11:10:00,0.95566297,0.9564627,0.95548904,0.9562534,80291270.0,76755810.0
2025-12-24 11:15:00,0.95625407,0.956428,0.95521086,0.95552385,56604130.0,54105292.0
2025-12-24 11:20:00,0.95552415,0.95597595,0.9552804,0.9559064,40807908.0,38998964.0
2025-12-24 11:25:00,0.9559064,0.95625407,0.95550644,0.9557708,48362372.0,46227628.0
2025-12-24 11:30:00,0.95580196,0.9568279,0.95569766,0.956741,58226890.0,55680460.0
2025-12-24 11:35:00,0.956741,0.9570191,0.95608026,0.95614976,63676340.0,60906264.0
2025-12-24 11:40:00,0.95611507,0.9568453,0.9558716,0.9568453,56671132.0,54201364.0
2025-12-24 11:45:00,0.9569148,0.9573669,0.956741,0.95722777,50965170.0,48776856.0
2025-12-24 11:50:00,0.9572626,0.9574712,0.95670617,0.956845,48611696.0,46524856.0
2025-12-24 11:55:00,0.95680696,0.9571843,0.95667136,0.9568105,33997964.0,32531574.0
2025-12-24 12:00:00,0.9568801,0.9571144,0.95660186,0.956741,46164476.0,44171756.0
2025-12-24 12:05:00,0.95670617,0.95679307,0.95618457,0.95660186,40803884.0,39031828.0
2025-12-24 12:10:00,0.95660186,0.9572974,0.9564627,0.9570539,56751080.0,54302492.0
2025-12-24 12:15:00,0.9570539,0.957506,0.95670646,0.9569496,42172428.0,40361292.0
2025-12-24 12:20:00,0.9569496,0.9576103,0.9568714,0.9572452,41542364.0,39763068.0
2025-12-24 12:25:00,0.95722777,0.9577841,0.9568801,0.9575407,51417228.0,49224704.0
2025-12-24 12:30:00,0.9575234,0.9576451,0.9569103,0.957193,58116748.0,55636204.0
2025-12-24 12:35:00,0.95716757,0.957193,0.95627147,0.9562892,50290532.0,48114470.0
2025-12-24 12:40:00,0.9563237,0.95660186,0.9557673,0.9559064,58695628.0,56121812.0
2025-12-24 12:45:00,0.95576763,0.95602804,0.952881,0.9536113,102243790.0,97599060.0
2025-12-24 12:50:00,0.9535939,0.95376325,0.9527767,0.9532461,87565640.0,83480264.0
2025-12-24 12:55:00,0.9531939,0.9531939,0.95128137,0.9522899,204870620.0,195137170.0
2025-12-26 09:30:00,0.9541503,0.95656705,0.9530201,0.9559286,226342610.0,216138300.0
2025-12-26 09:35:00,0.95604545,0.9573669,0.95510656,0.9564627,87552420.0,83721590.0
2025-12-26 09:40:00,0.9564627,0.9571582,0.9559307,0.95660186,59746984.0,57150284.0
2025-12-26 09:45:00,0.95667136,0.9575755,0.9558716,0.95594114,72557940.0,69402744.0
2025-12-26 09:50:00,0.95601076,0.9562889,0.95460236,0.95519346,57273304.0,54726010.0
2025-12-26 09:55:00,0.95519346,0.95541954,0.9539938,0.95441103,51562164.0,49229210.0
2025-12-26 10:00:00,0.95442843,0.95458496,0.9532809,0.9534896,50606284.0,48275660.0
2025-12-26 10:05:00,0.9535417,0.95517606,0.9533157,0.9550606,47649490.0,45470640.0
2025-12-26 10:10:00,0.95500225,0.95538473,0.9535765,0.9539938,45974390.0,43882068.0
2025-12-26 10:15:00,0.9541329,0.9547765,0.9537851,0.95455015,44451708.0,42420760.0
2025-12-26 10:20:00,0.95455015,0.95519346,0.9542372,0.95507175,48649944.0,46449172.0
2025-12-26 10:25:00,0.95507175,0.95569766,0.95434153,0.95567966,41581760.0,39718800.0
2025-12-26 10:30:00,0.95564556,0.95614976,0.95514137,0.9558368,46085108.0,44043230.0
2025-12-26 10:35:00,0.95594114,0.95606285,0.9552457,0.95545435,34695896.0,33158036.0
2025-12-26 10:40:00,0.95545435,0.95569044,0.95510656,0.95514137,31513072.0,30105954.0
2025-12-26 10:45:00,0.95503706,0.95512503,0.95455015,0.95486313,32293536.0,30836898.0
2025-12-26 10:50:00,0.9547588,0.95554996,0.95441103,0.95550644,27439930.0,26206684.0
2025-12-26 10:55:00,0.95551926,0.9559064,0.9546197,0.9553294,33909680.0,32395398.0
2025-12-26 11:00:00,0.9552804,0.9562194,0.9552804,0.9561136,40281944.0,38498400.0
2025-12-26 11:05:00,0.95613235,0.9562194,0.95545435,0.95545435,39251580.0,37517252.0
2025-12-26 11:10:00,0.95541954,0.95552385,0.9543067,0.9543241,41621732.0,39744324.0
2025-12-26 11:15:00,0.95437634,0.9550384,0.9540981,0.95496744,29756594.0,28406244.0
2025-12-26 11:20:00,0.95500225,0.95601076,0.95489794,0.95601076,29427326.0,28117234.0
2025-12-26 11:25:00,0.95597595,0.95608026,0.95566297,0.9558716,26352916.0,25190692.0
2025-12-26 11:30:00,0.9558716,0.95606285,0.95569766,0.9557673,27050272.0,25855996.0
2025-12-26 11:35:00,0.95573246,0.95579785,0.9552005,0.9552457,25708758.0,24564566.0
2025-12-26 11:40:00,0.95521086,0.95538473,0.95489794,0.95489794,18747840.0,17906022.0
2025-12-26 11:45:00,0.95496744,0.95521086,0.9546545,0.9550808,22980582.0,21945960.0
2025-12-26 11:50:00,0.95507175,0.95535004,0.95496744,0.95514137,23449896.0,22397762.0
2025-12-26 11:55:00,0.95514137,0.95517606,0.9547588,0.9548283,19786542.0,18895676.0
2025-12-26 12:00:00,0.95486313,0.95493263,0.9542372,0.9548656,28114856.0,26841946.0
2025-12-26 12:05:00,0.95493263,0.95541954,0.9547588,0.95521086,19763536.0,18875768.0
2025-12-26 12:10:00,0.95517606,0.95521057,0.95451534,0.9546545,59446184.0,56764516.0
2025-12-26 12:15:00,0.9545815,0.95489794,0.95448065,0.954724,21606284.0,20626894.0
2025-12-26 12:20:00,0.954724,0.95517576,0.95444584,0.95508915,19945856.0,19045474.0
2025-12-26 12:25:00,0.95508915,0.95521086,0.95496744,0.95503706,23716186.0,22650764.0
2025-12-26 12:30:00,0.95500225,0.95503706,0.9540981,0.9540981,22374096.0,21357392.0
2025-12-26 12:35:00,0.9541022,0.95437634,0.95381993,0.9541329,29414386.0,28064498.0
2025-12-26 12:40:00,0.9541677,0.9541677,0.9535939,0.95407444,19790568.0,18880220.0
2025-12-26 12:45:00,0.9540286,0.9545505,0.9539594,0.95437634,19251950.0,18370764.0
2025-12-26 12:50:00,0.954369,0.95448023,0.9540807,0.95441103,14863631.0,14184886.0
2025-12-26 12:55:00,0.95444584,0.95455015,0.9543067,0.95455015,19433694.0,18548746.0
2025-12-26 13:00:00,0.95448065,0.95496714,0.95441103,0.95493263,21915136.0,20922334.0
2025-12-26 13:05:00,0.95489794,0.95492923,0.9546562,0.9547414,16493578.0,15748171.0
2025-12-26 13:10:00,0.954724,0.95507175,0.95455015,0.9548634,27168752.0,25940790.0
2025-12-26 13:15:00,0.9548283,0.95500225,0.95455015,0.9547588,20357080.0,19436634.0
2025-12-26 13:20:00,0.954724,0.95479363,0.954298,0.95460236,24592988.0,23476578.0
2025-12-26 13:25:00,0.9546197,0.9546545,0.9543067,0.9546197,24090890.0,22995962.0
2025-12-26 13:30:00,0.9546371,0.95498484,0.9541329,0.95498484,91133810.0,87004070.0
2025-12-26 13:35:00,0.95498484,0.95601076,0.95493263,0.95601076,51366044.0,49079470.0
2025-12-26 13:40:00,0.95599335,0.95611507,0.95530057,0.9553684,24081976.0,23015008.0
2025-12-26 13:45:00,0.95538473,0.955906,0.95514137,0.95580196,19712348.0,18836302.0
2025-12-26 13:50:00,0.95594114,0.95623666,0.95569766,0.9562194,21443808.0,20500790.0
2025-12-26 13:55:00,0.9562194,0.95623666,0.95531523,0.95535004,25794454.0,24653830.0
2025-12-26 14:00:00,0.95535004,0.9553844,0.9546197,0.95482874,45629884.0,43578624.0
2025-12-26 14:05:00,0.95486313,0.95510656,0.9547831,0.95510656,26369594.0,25182034.0
2025-12-26 14:10:00,0.95510656,0.95548946,0.95489794,0.95493263,28327946.0,27056210.0
2025-12-26 14:15:00,0.95496744,0.9551649,0.95486313,0.95496744,21056164.0,20108442.0
2025-12-26 14:20:00,0.95496744,0.9554125,0.9548283,0.9552978,38507060.0,36779116.0
2025-12-26 14:25:00,0.95535004,0.95564204,0.95517606,0.95545465,22788772.0,21772522.0
2025-12-26 14:30:00,0.95547175,0.95569766,0.9552457,0.9552804,25557784.0,24418516.0
2025-12-26 14:35:00,0.9552978,0.955681,0.95496744,0.95496744,20743862.0,19815128.0
2025-12-26 14:40:00,0.95498484,0.95514137,0.95458496,0.95461935,35181890.0,33592816.0
2025-12-26 14:45:00,0.95458496,0.95489794,0.95444584,0.9546197,30555176.0,29169104.0
2025-12-26 14:50:00,0.9546545,0.95489764,0.9546545,0.954724,23566362.0,22499576.0
2025-12-26 14:55:00,0.9547588,0.95486313,0.95448065,0.9545474,25227078.0,24083346.0
2025-12-26 15:00:00,0.95451534,0.9546893,0.953959,0.953959,32233146.0,30759468.0
2025-12-26 15:05:00,0.95392424,0.953959,0.9531944,0.953507,54637730.0,52105056.0
2025-12-26 15:10:00,0.9535417,0.953646,0.9531939,0.9533157,34627744.0,33014934.0
2025-12-26 15:15:00,0.9532987,0.9534374,0.952881,0.9529506,32956386.0,31412114.0
2025-12-26 15:20:00,0.9529506,0.9531592,0.9526028,0.952881,53637270.0,51110868.0
2025-12-26 15:25:00,0.9528504,0.9531592,0.9523597,0.952742,51947796.0,49494710.0
2025-12-26 15:30:00,0.952742,0.9527767,0.95213336,0.9524985,59693784.0,56860572.0
2025-12-26 15:35:00,0.952429,0.952429,0.95142055,0.9519769,81784340.0,77863900.0
2025-12-26 15:40:00,0.95201164,0.9521856,0.95155966,0.9518378,68266820.0,64983090.0
2025-12-26 15:45:00,0.9518726,0.9519073,0.95103794,0.95107275,70190664.0,66784496.0
2025-12-26 15:50:00,0.95107275,0.95124656,0.948882,0.94936883,136007680.0,129226680.0
2025-12-26 15:55:00,0.9495079,0.95093364,0.9489168,0.9502034,321170850.0,305077120.0
2025-12-29 09:30:00,0.9482561,0.953507,0.9472129,0.95062065,337927840.0,320997380.0
2025-12-29 09:35:00,0.950725,0.9540633,0.9496818,0.9532079,105751280.0,100666700.0
2025-12-29 09:40:00,0.95329833,0.9540286,0.95117706,0.95164657,81514590.0,77645720.0
2025-12-29 09:45:00,0.95173347,0.9527072,0.95103794,0.9524463,63014930.0,59989024.0
2025-12-29 09:50:00,0.9524165,0.9530549,0.9512876,0.9528115,58144068.0,55375984.0
2025-12-29 09:55:00,0.9528289,0.9528463,0.9519073,0.95232457,41980620.0,39985570.0
2025-12-29 10:00:00,0.9523594,0.9527733,0.95089895,0.95124656,58887148.0,56049940.0
2025-12-29 10:05:00,0.95124704,0.95169866,0.9502034,0.9502034,73670540.0,70048760.0
2025-12-29 10:10:00,0.95018953,0.95063806,0.9490559,0.9497165,54339228.0,51616836.0
2025-12-29 10:15:00,0.9497513,0.95079464,0.9497218,0.95034254,54611268.0,51889040.0
2025-12-29 10:20:00,0.9503772,0.9520808,0.9501686,0.95201164,68485090.0,65140244.0
2025-12-29 10:25:00,0.9519769,0.9528807,0.9519769,0.9526526,67140696.0,63942900.0
2025-12-29 10:30:00,0.9526376,0.9527072,0.95208126,0.9524637,42330590.0,40318720.0
2025-12-29 10:35:00,0.9524985,0.9529158,0.9522899,0.9524463,51583156.0,49134896.0
2025-12-29 10:40:00,0.9524463,0.9527767,0.9519073,0.9519769,40605172.0,38667360.0
2025-12-29 10:45:00,0.9519943,0.95211595,0.95065546,0.95077723,45545910.0,43331732.0
2025-12-29 10:50:00,0.950725,0.95079464,0.9492992,0.950725,47951724.0,45572650.0
2025-12-29 10:55:00,0.9506989,0.95109016,0.9502382,0.9502382,39165024.0,37228956.0
2025-12-29 11:00:00,0.9502034,0.9507598,0.9500643,0.9500643,26467944.0,25151770.0
2025-12-29 11:05:00,0.9501686,0.95086414,0.94980353,0.95002955,33673296.0,31996920.0
2025-12-29 11:10:00,0.9500817,0.95089895,0.9497861,0.9503772,31885474.0,30300320.0
2025-12-29 11:15:00,0.95032513,0.95041203,0.94989043,0.9502382,25920122.0,24629726.0
2025-12-29 11:20:00,0.9502729,0.95034254,0.9495775,0.9503077,27887102.0,26496238.0
2025-12-29 11:25:00,0.9503772,0.95058584,0.9498167,0.9500991,27938288.0,26547514.0
2025-12-29 11:30:00,0.95009494,0.95034254,0.9492297,0.94936883,30362216.0,28836788.0
2025-12-29 11:35:00,0.949334,0.9497861,0.9489168,0.9491949,29289868.0,27805104.0
2025-12-29 11:40:00,0.9491602,0.9495079,0.94874287,0.9494036,36031372.0,34201108.0
2025-12-29 11:45:00,0.949421,0.9497861,0.9491949,0.9497339,31979510.0,30365632.0
2025-12-29 11:50:00,0.94971514,0.9502034,0.9495775,0.9501686,30981642.0,29429964.0
2025-12-29 11:55:00,0.9502034,0.9502729,0.9496818,0.9498556,29349108.0,27881754.0
2025-12-29 12:00:00,0.9498556,0.95032513,0.9497165,0.94995964,24552440.0,23323942.0
2025-12-29 12:05:00,0.94989043,0.9500643,0.9495778,0.9496818,26286200.0,24966728.0
2025-12-29 12:10:00,0.9496818,0.94999474,0.94936883,0.9497165,30284572.0,28760970.0
2025-12-29 12:15:00,0.9496992,0.9503077,0.9495427,0.9496473,25752470.0,24459678.0
2025-12-29 12:20:00,0.9496818,0.9501339,0.9496473,0.9500643,15178808.0,14418073.0
2025-12-29 12:25:00,0.95002955,0.9500817,0.9492297,0.9494732,36004052.0,34193176.0
2025-12-29 12:30:00,0.9494732,0.94982123,0.9491612,0.9494906,28618968.0,27173324.0
2025-12-29 12:35:00,0.9494732,0.9497861,0.9492992,0.949421,23385768.0,22204666.0
2025-12-29 12:40:00,0.9493939,0.9497513,0.94936883,0.9496296,23868886.0,22664364.0
2025-12-29 12:45:00,0.94965017,0.9497165,0.949404,0.949404,24201030.0,22979934.0
2025-12-29 12:50:00,0.9494732,0.9501339,0.9494732,0.9500021,39939450.0,37933310.0
2025-12-29 12:55:00,0.95002955,0.9502729,0.9499425,0.94995993,34787920.0,33050306.0
2025-12-29 13:00:00,0.94989043,0.94995993,0.9496126,0.94982094,25173878.0,23910678.0
2025-12-29 13:05:00,0.94982094,0.95069027,0.9497513,0.9504079,26533798.0,25211556.0
2025-12-29 13:10:00,0.95041203,0.95103794,0.9501686,0.95093364,32588296.0,30979674.0
2025-12-29 13:15:00,0.95096844,0.9513509,0.95086414,0.95110756,36452376.0,34668860.0
2025-12-29 13:20:00,0.95110756,0.951664,0.95095104,0.95153004,36980064.0,35179620.0
2025-12-29 13:25:00,0.95152485,0.951664,0.95107275,0.95155966,597629700.0,568618000.0
2025-12-29 13:35:00,0.95197725,0.9527072,0.95197725,0.952429,41929144.0,39927980.0
2025-12-29 13:40:00,0.9524637,0.9528115,0.9522899,0.95268595,40541044.0,38617884.0
2025-12-29 13:45:00,0.952742,0.952742,0.95221335,0.9522899,26649400.0,25383468.0
2025-12-29 13:50:00,0.9522899,0.952429,0.9519421,0.9522899,21588168.0,20557066.0
2025-12-29 13:55:00,0.95222026,0.9524672,0.9519873,0.9524484,23471752.0,22351698.0
2025-12-29 14:00:00,0.9524637,0.95249885,0.95128137,0.9513509,30773730.0,29293474.0
2025-12-29 14:05:00,0.9513509,0.95169866,0.95112836,0.9516319,33476312.0,31851120.0
2025-12-29 14:10:00,0.95159435,0.9517926,0.95121187,0.9512321,20569020.0,19570554.0
2025-12-29 14:15:00,0.9512122,0.95124656,0.95086414,0.95103794,25055688.0,23830220.0
2025-12-29 14:20:00,0.95107275,0.95155966,0.95107275,0.95149004,28047854.0,26681890.0
2025-12-29 14:25:00,0.95149004,0.95208126,0.95145524,0.95169866,26946748.0,25644718.0
2025-12-29 14:30:00,0.95169866,0.9523594,0.951664,0.95208126,35345228.0,33646916.0
2025-12-29 14:35:00,0.95208126,0.9522551,0.9519421,0.9519421,24252216.0,23089446.0
2025-12-29 14:40:00,0.9519769,0.9523942,0.9519769,0.95211595,32895708.0,31320530.0
2025-12-29 14:45:00,0.95211595,0.952742,0.95201206,0.95245254,33712120.0,32105084.0
2025-12-29 14:50:00,0.9523942,0.9526376,0.9521856,0.9523065,32912674.0,31345404.0
2025-12-29 14:55:00,0.9522899,0.9528115,0.9522899,0.9524985,37441330.0,35661830.0
2025-12-29 15:00:00,0.9524985,0.9528115,0.9524637,0.95267236,25178768.0,23985582.0
2025-12-29 15:05:00,0.95265496,0.9527941,0.9525854,0.952742,24643600.0,23477812.0
2025-12-29 15:10:00,0.95275927,0.9528115,0.95218587,0.9524136,55846096.0,53195784.0
2025-12-29 15:15:00,0.9524116,0.9526372,0.9518726,0.9519421,37932496.0,36119930.0
2025-12-29 15:20:00,0.9519769,0.9524985,0.95194244,0.9523594,38486356.0,36646492.0
2025-12-29 15:25:00,0.9523594,0.9525333,0.95213336,0.95247346,26845236.0,25566728.0
2025-12-29 15:30:00,0.9524985,0.9526028,0.9518726,0.9519073,42254388.0,40235490.0
2025-12-29 15:35:00,0.9518726,0.95208126,0.95128137,0.95142055,47285424.0,44999830.0
2025-12-29 15:40:00,0.95145524,0.9517683,0.95121187,0.95159435,39132240.0,37234616.0
2025-12-29 15:45:00,0.951664,0.9519418,0.95093364,0.95107275,50030570.0,47599230.0
2025-12-29 15:50:00,0.95110756,0.952342,0.95110756,0.95171607,79405550.0,75559800.0
2025-12-29 15:55:00,0.9517683,0.9523942,0.95153034,0.95211256,159677280.0,152005010.0
