timestamps,open,high,low,close,volume,amount
2020-01-02,26.849943,27.253567,26.81171,27.253567,68495360.0,1852265100.0
2020-01-03,26.84178,27.35452,26.828238,27.110994,58777744.0,1588990600.0
2020-01-06,26.91406,27.843765,26.901516,27.833612,117434960.0,3214575400.0
2020-01-07,27.886377,27.94691,27.70916,27.779846,86203010.0,2399079200.0
2020-01-08,27.77407,28.113178,27.730465,27.977577,88673840.0,2473895700.0
2020-01-09,28.313896,28.448303,28.080523,28.271284,83365560.0,2357453000.0
2020-01-10,28.464033,28.572952,28.267498,28.453878,65934124.0,1875139600.0
2020-01-13,28.579126,28.70318,28.382393,28.674309,77163370.0,2205695700.0
2020-01-14,28.67371,28.72608,28.430183,28.486336,65477120.0,1871275600.0
2020-01-15,28.534723,28.689243,28.507643,28.65778,54112284.0,1547467800.0
2020-01-16,28.782232,28.88677,28.67371,28.87602,65487164.0,1886337000.0
2020-01-17,29.122534,29.481155,29.00326,29.460644,131637240.0,3852614000.0
2020-01-21,29.45029,29.666935,29.27526,29.515005,122863770.0,3621639700.0
2020-01-22,29.663948,29.879997,29.52317,29.547262,71458350.0,2118997000.0
2020-01-23,29.62054,29.739017,29.476574,29.56359,66918440.0,1980781300.0
2020-01-24,29.725477,29.752956,29.135279,29.194817,74792970.0,2202812400.0
2020-01-27,28.505253,28.60561,28.265509,28.509035,85705820.0,2440160800.0
2020-01-28,28.708357,28.968412,28.481756,28.88279,74637290.0,2146592900.0
2020-01-29,29.04129,29.154394,28.781038,29.006245,54152460.0,1570190800.0
2020-01-30,28.635876,28.977373,28.574148,28.95746,68073500.0,1959578500.0
2020-01-31,29.228466,29.26451,28.416046,28.529943,110037520.0,3175654400.0
2020-02-03,29.104813,29.595652,29.004454,29.521975,181234720.0,5311396000.0
2020-02-04,28.96224,29.218111,28.315887,28.781437,240755730.0,6938440000.0
2020-02-05,29.143839,29.163155,28.468216,28.79418,91340536.0,2639042600.0
2020-02-06,28.91226,29.501266,28.882391,29.389956,94971460.0,2770456800.0
2020-02-07,29.219109,29.574741,29.179682,29.45248,71212270.0,2090543200.0
2020-02-10,29.415045,30.045269,29.374622,30.04089,96176744.0,2858272500.0
2020-02-11,30.132685,30.463428,29.976969,30.068768,87513750.0,2639455200.0
2020-02-12,30.184258,30.272669,30.041088,30.239414,77946800.0,2352774000.0
2020-02-13,30.067572,30.385172,29.948097,30.135075,57537304.0,1733828000.0
2020-02-14,30.157774,30.26769,29.978962,30.241405,58250430.0,1756917900.0
2020-02-18,30.15399,30.476969,30.087683,30.255543,64387344.0,1947301600.0
2020-02-19,30.41006,30.480553,30.286207,30.363667,57115456.0,1735460000.0
2020-02-20,30.24698,30.407473,29.953276,30.206758,65190864.0,1969000200.0
2020-02-21,29.959646,30.086487,29.440134,29.539099,106768184.0,3177030700.0
2020-02-24,28.336197,28.601627,28.012424,28.272676,124445704.0,3522526700.0
2020-02-25,28.4945,28.610987,27.487337,27.604816,129517944.0,3632901600.0
2020-02-26,27.777258,28.14942,27.410276,27.687454,124988080.0,3469182000.0
2020-02-27,27.063602,27.267902,26.169538,26.183676,156410860.0,4171662300.0
2020-02-28,25.374443,26.731264,25.252975,26.667545,201428270.0,5238456000.0
2020-03-02,26.909283,27.627716,26.387777,27.604816,139185340.0,3776431900.0
2020-03-03,27.831022,28.040298,26.468224,26.63708,142128240.0,3872163800.0
2020-03-04,27.060017,27.534328,26.622744,27.510832,119519096.0,3248765700.0
2020-03-05,26.792995,26.953886,25.918646,26.179893,136548770.0,3613265400.0
2020-03-06,25.287622,25.940748,25.033941,25.801163,162311740.0,4141525200.0
2020-03-09,23.993523,24.944735,23.855732,24.209175,173892530.0,4217031400.0
2020-03-10,24.977789,25.405106,24.183685,25.391567,137784200.0,3443163100.0
2020-03-11,24.855927,25.028366,23.718336,24.111803,137432660.0,3357288400.0
2020-03-12,22.353945,23.670746,22.072186,22.133516,236853620.0,5342848500.0
2020-03-13,23.396751,24.181496,22.148252,24.178907,199374270.0,4680580600.0
2020-03-16,21.69664,22.80894,21.248014,21.365896,242362770.0,5278630400.0
2020-03-17,21.71715,22.42125,20.889992,22.263145,208901040.0,4558823000.0
2020-03-18,21.10584,22.002892,20.649054,21.7281,233634500.0,4993113000.0
2020-03-19,21.66896,22.951115,21.018429,22.135906,185975520.0,4080973000.0
2020-03-20,22.51882,22.669754,21.148851,21.270515,208107570.0,4557969000.0
2020-03-23,21.034756,21.24463,20.08892,20.990152,210101310.0,4378430500.0
2020-03-24,21.982779,22.567205,21.63332,22.501097,181967940.0,4034429400.0
2020-03-25,22.392973,22.82288,21.565218,21.935787,226804540.0,5030347000.0
2020-03-26,22.196636,23.326859,21.74483,23.156412,192248020.0,4345994000.0
2020-03-27,22.45052,22.920052,21.983177,22.107828,157676420.0,3526495000.0
2020-03-30,22.553467,22.919056,21.87346,22.825668,147486740.0,3324780800.0
2020-03-31,22.873854,23.365091,22.634708,23.137094,163788220.0,3767569400.0
2020-04-01,22.381424,22.48935,21.7739,21.945345,130497240.0,2890188000.0
2020-04-02,21.903528,22.356932,21.766731,22.242636,141646130.0,3125770000.0
2020-04-03,22.196438,22.277681,21.407312,21.758167,129000670.0,2826391800.0
2020-04-06,22.560635,23.71057,22.401337,23.560032,158997220.0,3666180600.0
2020-04-07,24.233467,24.308537,23.441753,23.54749,154728500.0,3695351600.0
2020-04-08,23.956486,24.191452,23.575165,24.034145,101279110.0,2424552200.0
2020-04-09,24.256765,24.33263,23.743824,24.025581,135664900.0,3268126700.0
2020-04-13,23.924627,24.183886,23.542908,24.102047,97181144.0,2326357800.0
2020-04-14,24.690653,25.403114,24.463057,25.193638,159092620.0,3967390500.0
2020-04-15,24.820879,25.390371,24.571777,25.035734,106055060.0,2646571300.0
2020-04-16,25.23167,25.355524,24.655407,25.038322,145377490.0,3644647200.0
2020-04-17,25.521593,25.686865,25.208971,25.46783,128187110.0,3265094100.0
2020-04-20,25.28643,25.42442,25.018608,25.112396,88618600.0,2234116000.0
2020-04-21,24.745213,24.890373,23.99432,24.136892,124666670.0,3047065300.0
2020-04-22,24.713352,25.485353,24.635494,25.057837,116299980.0,2904360400.0
2020-04-23,25.203793,25.650028,25.10005,25.311918,85881590.0,2174217000.0
2020-04-24,24.989935,25.442142,24.770899,25.42004,94012250.0,2364949000.0
2020-04-27,25.72669,25.768505,25.190254,25.305744,110951530.0,2829019600.0
2020-04-28,25.55146,25.582525,24.499695,24.5437,202638580.0,5074950700.0
2020-04-29,26.782042,27.083714,26.418243,26.725891,272088130.0,7279030000.0
2020-04-30,26.510437,26.881603,26.314102,26.815891,140219870.0,3734126600.0
2020-05-01,26.365675,26.91008,26.078342,26.23087,122718130.0,3239297300.0
2020-05-04,26.047876,26.373241,25.806538,26.34198,77354200.0,2022225300.0
2020-05-05,26.6327,27.299961,26.583517,26.86209,99601760.0,2673766100.0
2020-05-06,27.040901,27.253763,26.78463,26.790606,79679400.0,2148752100.0
2020-05-07,27.106813,27.399323,26.932182,27.265512,76967500.0,2091665500.0
2020-05-08,27.515211,27.810314,27.319874,27.565392,83681950.0,2305663500.0
2020-05-11,27.415054,28.186457,27.389366,27.948702,82155256.0,2278567400.0
2020-05-12,28.040897,28.162561,27.369654,27.382996,85168470.0,2362490600.0
2020-05-13,27.40251,27.585104,26.443731,26.848349,101364490.0,2743928800.0
2020-05-14,26.55345,27.028357,26.349945,27.018202,92053660.0,2461283800.0
2020-05-15,26.846956,27.371046,26.662569,27.340782,104206950.0,2819354400.0
2020-05-18,27.112186,27.733053,26.965235,27.582119,118338920.0,3236350500.0
2020-05-19,27.58809,27.727676,27.35472,27.367464,79312790.0,2181854200.0
2020-05-20,27.66137,28.116764,27.626722,28.059616,96076300.0,2677273600.0
2020-05-21,28.096054,28.204973,27.76551,28.011627,77575170.0,2173620500.0
2020-05-22,27.954876,28.215727,27.796572,28.140858,71674296.0,2008816100.0
2020-05-26,28.712738,28.775461,28.263517,28.302744,111965976.0,3192554800.0
2020-05-27,28.275465,28.381994,27.769691,28.28104,79558870.0,2241734100.0
2020-05-28,27.877218,28.762518,27.858898,28.24042,88312260.0,2489060000.0
2020-05-29,28.284027,28.608597,28.195417,28.54468,93017890.0,2642468900.0
2020-06-01,28.388964,28.705172,28.320866,28.57156,63182056.0,1800476300.0
2020-06-02,28.574148,28.733448,28.307524,28.71971,58863120.0,1682526200.0
2020-06-03,28.727472,28.85312,28.506845,28.658775,69635350.0,1997598300.0
2020-06-04,28.609592,28.699993,27.996891,28.161964,67752100.0,1921931100.0
2020-06-05,28.188646,28.799158,28.02895,28.674109,107074530.0,3043349000.0
2020-06-08,28.400515,28.85292,28.364672,28.833805,85068030.0,2434049500.0
2020-06-09,28.778051,29.227274,28.720703,28.91425,84430230.0,2440883700.0
2020-06-10,29.102024,29.326237,28.95965,29.165543,79754730.0,2323922200.0
2020-06-11,28.69422,28.904692,27.845558,27.915052,118379096.0,3354849500.0
2020-06-12,28.39215,28.564392,27.594465,28.134485,92048640.0,2593136600.0
2020-06-15,27.66794,28.375027,27.62234,28.2902,76505480.0,2141302400.0
2020-06-16,28.85292,29.015606,28.454475,28.802542,76957464.0,2214942500.0
2020-06-17,28.931374,29.115763,28.576738,28.92341,76751560.0,2217108500.0
2020-06-18,28.869846,28.931973,28.399717,28.556625,87538860.0,2511449900.0
2020-06-19,28.67371,28.763315,28.255552,28.367857,132541200.0,3779426800.0
2020-06-22,28.375225,28.891748,28.259335,28.885977,73929180.0,2114601700.0
2020-06-23,28.912659,29.374622,28.773272,29.151207,94795690.0,2754093600.0
2020-06-24,29.13727,29.386372,28.474586,28.528349,79327860.0,2291119000.0
2020-06-25,28.49888,28.719906,28.266306,28.695614,60158800.0,1717243600.0
2020-06-26,28.526957,28.614372,26.981165,27.131304,245175100.0,6819165000.0
2020-06-29,27.087496,27.837393,26.91446,27.820868,113181304.0,3102871600.0
2020-06-30,27.815092,28.355114,27.616966,28.236637,101158584.0,2833042400.0
2020-07-01,28.258938,28.842566,28.159576,28.713535,105919464.0,3018032400.0
2020-07-02,28.909472,29.639856,28.894138,29.269686,143675020.0,4192191200.0
2020-07-06,29.632488,30.067572,29.410067,29.861479,112272320.0,3339304400.0
2020-07-07,29.791388,30.292978,29.663351,29.667732,106376460.0,3175748400.0
2020-07-08,29.884378,30.09087,29.715124,29.940132,79764776.0,2385575200.0
2020-07-09,30.06618,30.448692,29.780634,30.240013,105050660.0,3165583600.0
2020-07-10,30.132286,30.691622,29.882784,30.645227,90190490.0,2736197000.0
2020-07-13,30.862867,31.38895,29.999075,30.111975,107857960.0,3299452400.0
2020-07-14,29.724882,30.322449,29.588284,30.28382,95689610.0,2868761000.0
2020-07-15,30.33101,30.591862,29.825237,30.204567,77906620.0,2355753700.0
2020-07-16,29.898317,30.185253,29.634878,30.16554,66501612.0,1993119700.0
2020-07-17,30.205166,30.334995,29.830614,30.20397,86037280.0,2593480700.0
2020-07-20,30.167133,31.242596,29.92221,31.139648,75747150.0,2319218400.0
2020-07-21,31.561592,31.601814,30.916233,30.981945,69188390.0,2163202600.0
2020-07-22,30.977762,31.202173,30.729256,31.15976,61474570.0,1906771300.0
2020-07-23,31.181267,31.269278,30.039494,30.201979,85148380.0,2611756800.0
2020-07-24,29.852318,30.175695,29.621336,30.031927,75084250.0,2246544600.0
2020-07-27,30.132486,30.616356,30.113966,30.454468,68108664.0,2065689300.0
2020-07-28,30.366255,30.386368,29.878803,29.941128,77615340.0,2339570200.0
2020-07-29,29.96801,30.532124,29.928385,30.336586,56939684.0,1719081700.0
2020-07-30,29.828026,30.682663,29.772272,30.632483,90501860.0,2735768000.0
2020-07-31,29.809708,29.968409,28.952482,29.628504,229827800.0,6800553000.0
2020-08-03,29.689238,29.823246,29.305328,29.52516,114205800.0,3378863400.0
2020-08-04,29.603813,29.731253,29.152203,29.33679,93439736.0,2752362500.0
2020-08-05,29.40688,29.669325,29.295372,29.452082,73195970.0,2156054000.0
2020-08-06,29.39354,29.9933,29.308912,29.967012,83631730.0,2480993000.0
2020-08-07,30.048456,30.268486,29.595053,29.83599,69600200.0,2083621000.0
2020-08-10,29.685257,30.010822,29.420221,29.805126,51591230.0,1533825800.0
2020-08-11,29.748974,30.076332,29.43416,29.480955,78087416.0,2318033200.0
2020-08-12,29.611979,30.100826,29.569763,30.012613,56578100.0,1687373700.0
2020-08-13,30.031927,30.604605,30.031927,30.19999,56216510.0,1698700700.0
2020-08-14,30.139454,30.262514,29.848536,29.960642,55096600.0,1655806300.0
2020-08-17,30.186447,30.341963,29.96801,30.191824,50195108.0,1514489900.0
2020-08-18,30.388557,31.010817,30.299948,30.979156,71257470.0,2185439700.0
2020-08-19,30.913645,31.239609,30.66494,30.756735,76515530.0,2363850200.0
2020-08-20,30.664343,31.464819,30.554625,31.38676,66245492.0,2054778500.0
2020-08-21,31.298153,31.69799,31.109184,31.37322,87478600.0,2744172000.0
2020-08-24,31.709738,32.034508,31.362667,31.56398,64377300.0,2038682600.0
2020-08-25,31.463423,32.0365,31.419218,31.976164,63151924.0,2003420700.0
2020-08-26,31.985126,32.91085,31.879192,32.738407,131044640.0,4243015200.0
2020-08-27,32.78779,32.81527,32.23423,32.427578,78720190.0,2563618800.0
2020-08-28,32.44649,32.683052,32.369633,32.64482,56291844.0,1831511400.0
2020-08-31,32.727257,32.745777,32.364056,32.44769,66345932.0,2160966400.0
2020-09-01,32.500057,33.038883,32.44769,32.956448,56939684.0,1863964400.0
2020-09-02,33.213913,34.370617,33.058197,34.19718,124350280.0,4191844900.0
2020-09-03,33.84135,33.850906,32.013203,32.44729,160016690.0,5286661000.0
2020-09-04,32.038887,32.556408,30.624517,31.485525,140239970.0,4442288000.0
2020-09-08,30.366255,30.974577,30.197,30.338379,135674940.0,4133887000.0
2020-09-09,30.84216,31.037699,30.369642,30.808907,98537090.0,3031454500.0
2020-09-10,30.86765,31.335188,30.266695,30.387165,82923624.0,2546930400.0
2020-09-11,30.42898,30.639053,29.729462,30.182266,77103100.0,2331978800.0
2020-09-14,30.498672,31.003448,29.9702,30.044273,107119730.0,3254206200.0
2020-09-15,30.423803,30.883776,30.30851,30.567768,57858710.0,1767350100.0
2020-09-16,30.714323,30.95108,30.099232,30.109188,55563650.0,1692938600.0
2020-09-17,29.585894,29.841766,29.12094,29.610386,100460530.0,2967578400.0
2020-09-18,29.635475,29.77287,28.506845,28.894537,158334300.0,4623747000.0
2020-09-21,28.506845,28.674906,27.930584,28.477375,142896600.0,4057896000.0
2020-09-22,28.879204,29.151007,28.464632,29.06837,85248824.0,2462907100.0
2020-09-23,28.91445,28.934162,27.930584,28.064196,94730400.0,2696107300.0
2020-09-24,27.930584,28.633686,27.92003,28.332413,86760450.0,2447007200.0
2020-09-25,28.376022,28.791988,28.030146,28.654993,76148920.0,2167448600.0
2020-09-28,29.310705,29.330616,28.79876,29.045275,77298960.0,2251049200.0
2020-09-29,29.149815,29.310904,28.952482,29.191828,79890320.0,2328903200.0
2020-09-30,29.090673,29.593658,28.987528,29.183464,102720430.0,3000857300.0
2020-10-01,29.543081,29.770279,29.406485,29.62751,82572080.0,2443047000.0
2020-10-02,29.064589,29.450888,28.820065,28.984343,78398780.0,2279834400.0
2020-10-05,29.124723,29.56379,29.073748,29.526554,54242860.0,1590520200.0
2020-10-06,29.380596,29.560205,28.773472,28.893145,65527340.0,1910243600.0
2020-10-07,29.058218,29.250568,28.538904,29.054832,90667580.0,2627150300.0
2020-10-08,29.180477,29.630098,29.180477,29.538502,65477120.0,1923874200.0
2020-10-09,29.726274,30.104408,29.609589,30.07653,82777980.0,2473340000.0
2020-10-12,30.625116,31.629095,30.45188,31.154583,138969390.0,4303210500.0
2020-10-13,31.401894,31.56418,31.035906,31.203964,98110216.0,3070995500.0
2020-10-14,31.353905,31.538094,30.782423,31.131683,83325384.0,2599879200.0
2020-10-15,30.754545,31.290186,30.68744,30.972982,78368650.0,2423651300.0
2020-10-16,31.099625,31.415833,31.016592,31.21651,85861500.0,2677774800.0
2020-10-19,31.38039,31.539688,30.324839,30.46482,74662400.0,2309116400.0
2020-10-20,30.32862,31.338772,30.27665,30.885567,104633820.0,3213033000.0
2020-10-21,31.259321,32.16115,31.20536,31.580706,151469200.0,4779100700.0
2020-10-22,31.560993,32.126904,31.411253,31.992294,76615970.0,2434308600.0
2020-10-23,32.15936,32.539085,32.096836,32.516384,76706360.0,2479756800.0
2020-10-26,32.158363,32.448685,31.218105,31.546856,89959480.0,2864579800.0
2020-10-27,31.63925,31.899502,31.401495,31.837376,65040204.0,2061410600.0
2020-10-28,30.864262,30.93993,30.037304,30.083502,113432410.0,3457561300.0
2020-10-29,30.207355,31.635466,30.197998,31.00106,139125070.0,4279552500.0
2020-10-30,33.202564,33.478947,31.89094,32.180466,250794750.0,8198036000.0
2020-11-02,32.328415,33.01937,32.14323,32.343945,111056990.0,3604770000.0
2020-11-03,32.47218,33.034504,32.100815,32.768875,78926100.0,2572524500.0
2020-11-04,33.962017,35.245365,33.910645,34.763885,179140540.0,6175060000.0
2020-11-05,35.253727,35.679253,34.66791,35.09543,99832776.0,3511526100.0
2020-11-06,34.873203,35.2149,34.58129,35.040268,71870150.0,2510238500.0
2020-11-09,35.76209,36.178455,34.99686,35.07392,134188424.0,4764069000.0
2020-11-10,34.4437,35.0333,34.171894,34.602,108028710.0,3733766700.0
2020-11-11,34.317616,35.074635,34.072105,34.51466,89828264.0,3098604000.0
2020-11-12,34.435818,35.316082,34.033092,35.09769,100923624.0,3504135700.0
2020-11-13,34.753773,35.658085,34.53006,35.132736,86414850.0,3026132200.0
2020-11-16,34.82706,35.316284,34.493996,34.887768,72320000.0,2522613800.0
2020-11-17,34.606026,35.07503,34.083866,34.47149,68227950.0,2357897000.0
2020-11-18,34.14484,35.045017,33.916245,34.82657,68221176.0,2352482300.0
2020-11-19,34.711617,35.1418,34.013878,34.387123,93967820.0,3247867000.0
2020-11-20,34.28255,34.697254,33.527294,34.212456,76445976.0,2612914700.0
2020-11-23,34.031963,35.10444,33.73412,34.932125,94951816.0,3271153000.0
2020-11-24,34.82608,35.181946,34.275795,34.936684,66504268.0,2314689500.0
2020-11-25,34.761654,35.711147,34.592995,35.38999,50183580.0,1762143500.0
2020-11-27,34.980526,35.379875,34.265602,34.74399,109996700.0,3832560000.0
2020-11-30,34.803425,36.2022,34.563396,35.555164,126731336.0,4471214000.0
2020-12-01,35.368813,36.421192,34.997437,36.141552,99837840.0,3567430700.0
2020-12-02,35.864864,36.64158,35.62145,36.079567,83903960.0,3024894200.0
2020-12-03,35.858562,36.35681,35.5546,36.117596,69707330.0,2507504600.0
2020-12-04,35.766556,36.352634,35.34777,35.98431,75624856.0,2712120300.0
2020-12-07,35.628067,36.08793,35.11722,35.871426,67644344.0,2413290500.0
2020-12-08,35.664314,36.33435,34.543198,35.208588,107655490.0,3815053600.0
2020-12-09,34.72344,35.273556,33.98506,35.006393,97340530.0,3382302200.0
2020-12-10,34.67222,35.31966,34.361664,35.14799,63206200.0,2204340500.0
2020-12-11,34.883404,35.567863,34.290886,34.701607,112141140.0,3909345300.0
2020-12-14,34.66946,35.055157,34.144646,34.87628,72448936.0,2512991700.0
2020-12-15,34.85168,35.1567,34.289516,34.799236,83727530.0,2911564800.0
2020-12-16,34.74964,35.109013,33.9384,34.468914,118350456.0,4090960400.0
2020-12-17,34.39977,34.744354,33.62179,34.18592,289279970.0,9904356000.0
2020-12-18,33.67007,34.518597,33.21009,34.351078,115276340.0,3912185900.0
2020-12-21,34.06802,34.431362,33.44104,34.067097,69116930.0,2350105600.0
2020-12-22,33.96164,34.659893,33.74334,34.225727,77952500.0,2661894700.0
2020-12-23,34.06151,34.626102,33.805084,34.343155,31596318.0,1080877200.0
2020-12-24,34.374943,35.512222,34.147583,35.131355,93818530.0,3264089900.0
2020-12-28,35.208652,35.541435,34.408123,34.81053,66931800.0,2342090000.0
2020-12-29,34.77072,35.12988,33.876648,34.384552,71342790.0,2464212200.0
2020-12-30,34.224434,34.925983,34.035244,34.709137,71492090.0,2464597000.0
2020-12-31,34.672215,35.025143,33.467693,34.18413,126643144.0,4348583000.0
2021-01-04,33.98449,34.713943,33.65904,34.459805,69083010.0,2362937300.0
2021-01-05,33.495335,34.657112,33.251263,34.11977,158076580.0,5355772000.0
2021-01-06,34.017384,35.329792,33.852333,35.13888,142292000.0,4921111600.0
2021-01-07,35.01027,35.757847,34.527905,35.604073,120399890.0,4241088500.0
2021-01-08,35.00751,35.460155,34.3499,34.781418,118065450.0,4120454100.0
2021-01-11,34.38381,35.13266,33.64884,34.407917,100190710.0,3445889800.0
2021-01-12,34.02842,34.90393,33.86332,34.602398,79506530.0,2731010800.0
2021-01-13,34.452953,35.1257,33.838806,34.27899,99118510.0,3412067000.0
2021-01-14,34.06191,34.729645,33.55729,34.213642,106691850.0,3642526000.0
2021-01-15,34.337315,35.846878,33.971336,35.339493,141355520.0,4929598000.0
2021-01-19,35.979713,37.752254,35.67066,37.23275,217672560.0,7979624400.0
2021-01-20,37.30514,38.395332,36.84497,37.31355,198949550.0,7453595000.0
2021-01-21,37.261997,37.845062,36.78792,37.4801,111102850.0,4148999200.0
2021-01-22,37.681213,38.19144,36.44798,37.51416,171642100.0,6429489700.0
2021-01-25,37.15424,38.070816,36.78067,37.784885,106752920.0,3997646000.0
2021-01-26,36.93596,37.369713,35.234848,36.022137,279969400.0,10188273000.0
2021-01-27,36.070927,37.51915,35.895912,36.700615,187562420.0,6854778000.0
2021-01-28,36.130424,36.715313,35.31876,36.188885,151093620.0,5452718600.0
2021-01-29,36.33865,38.06664,36.16234,37.4902,136578060.0,5055363000.0
2021-02-01,37.688896,38.738926,37.373505,38.006092,225069460.0,8541803500.0
2021-02-02,40.692776,41.863888,39.474724,40.773888,332120960.0,13517760000.0
2021-02-03,40.594467,41.12224,39.897198,40.669914,164889890.0,6689740000.0
2021-02-04,40.573586,41.651646,40.18931,41.367016,101337576.0,4149306400.0
2021-02-05,41.370262,42.03042,40.45103,41.28166,97815560.0,4038153500.0
2021-02-08,40.873814,41.702717,40.581398,41.10085,74281200.0,3050334700.0
2021-02-09,41.038116,41.710075,40.233227,41.320477,85172960.0,3498519800.0
2021-02-10,41.192963,41.613094,40.55905,41.365433,69490180.0,2861788700.0
2021-02-11,40.971725,41.72239,40.651382,41.489796,64434500.0,2655270000.0
2021-02-12,41.207733,42.629375,41.007797,41.800125,105198904.0,4382719000.0
2021-02-16,41.251667,42.178272,40.941147,41.956974,68859064.0,2863298800.0
2021-02-17,41.46876,42.169327,41.038773,41.70328,76500270.0,3182031600.0
2021-02-18,41.523724,42.10156,40.84469,41.366615,128726490.0,5336890000.0
2021-02-19,40.456177,41.34144,40.1501,40.682392,99980344.0,4064953600.0
2021-02-22,39.67585,41.185833,39.017544,40.79844,117597200.0,4723811300.0
2021-02-23,39.99204,41.50022,39.7488,41.2676,76710640.0,3116536000.0
2021-02-24,40.502075,41.394493,39.336315,39.923702,140975490.0,5679782000.0
2021-02-25,39.990265,40.86827,39.22888,40.041737,135865500.0,5439006700.0
2021-02-26,40.345856,41.25996,39.88387,40.987373,88423540.0,3591699000.0
2021-03-01,40.677605,41.6278,40.320076,40.88479,86740570.0,3545743400.0
2021-03-02,40.423668,41.255188,39.09145,39.833794,114998104.0,4617292000.0
2021-03-03,39.693188,41.227367,39.315536,40.27978,166993580.0,6701280000.0
2021-03-04,40.60491,41.855537,39.753696,41.5302,180172270.0,7375547400.0
2021-03-05,41.056244,42.00538,39.310833,39.756367,125095880.0,5070412000.0
2021-03-08,40.38033,41.015327,39.907,40.40712,115093100.0,4652920300.0
2021-03-09,40.609837,40.96525,39.58804,40.32454,91952330.0,3712291800.0
2021-03-10,40.54719,41.956295,40.31576,41.59892,93994960.0,3863619800.0
2021-03-11,40.905537,41.287384,39.84466,40.598026,114747010.0,4665487400.0
2021-03-12,40.286358,40.837864,39.753895,40.68596,88789980.0,3586317800.0
2021-03-15,40.700256,42.004185,40.371433,41.269184,108239096.0,4447140000.0
2021-03-16,40.749115,41.712452,40.07403,41.236107,89516110.0,3665051400.0
2021-03-17,40.3494,41.111313,39.5851,40.03045,107560470.0,4331359700.0
2021-03-18,39.98593,40.48115,39.26652,40.141747,156325760.0,6248159700.0
2021-03-19,39.94456,40.705715,39.483543,40.215614,113790170.0,4561547300.0
2021-03-22,40.187267,41.019104,39.758007,40.426327,96736570.0,3903096000.0
2021-03-23,40.41992,41.088455,39.77761,40.252052,85566570.0,3455564000.0
2021-03-24,39.972538,40.65206,39.13243,40.25067,120847750.0,4834142700.0
2021-03-25,40.026516,40.527855,39.28456,40.097588,94931450.0,3795751400.0
2021-03-26,39.836803,40.723003,39.315926,40.514652,89889340.0,3604346600.0
2021-03-29,40.44396,40.990486,39.917786,40.52812,92671670.0,3750430700.0
2021-03-30,40.47193,41.45928,40.130493,40.84597,144443220.0,5882727400.0
2021-03-31,41.217583,42.44277,41.001522,42.17798,135315840.0,5644018700.0
2021-04-01,42.299118,44.29569,42.055855,43.944096,164598080.0,7102191600.0
2021-04-05,43.555397,44.276012,43.16508,43.752,119571970.0,5223755300.0
2021-04-06,43.59834,44.60391,43.386806,44.34156,81888480.0,3601672400.0
2021-04-07,44.601078,45.14623,43.97318,44.567326,97259100.0,4335028000.0
2021-04-08,44.235447,45.189556,43.860455,44.96816,88715336.0,3953457400.0
2021-04-09,44.40644,44.85013,43.67539,44.452267,84908310.0,3765348900.0
2021-04-12,44.34478,44.980892,43.973965,44.64654,87140950.0,3876599800.0
2021-04-13,44.66865,45.05959,43.836147,44.398598,71261360.0,3170471000.0
2021-04-14,44.5607,45.627354,44.13316,45.256905,98989560.0,4444090000.0
2021-04-15,45.098312,45.592373,44.520344,45.20739,89176790.0,4022284000.0
2021-04-16,44.72283,45.788116,44.50584,45.34622,102776230.0,4634257400.0
2021-04-19,45.260838,45.686966,44.249805,45.133327,75624850.0,3409374700.0
2021-04-20,44.759663,45.30938,44.00866,45.12025,78732920.0,3527194600.0
2021-04-21,44.82566,45.485855,43.920444,44.60872,81929190.0,3663068200.0
2021-04-22,44.660175,45.828453,44.330765,45.54762,98623130.0,4447089700.0
2021-04-23,45.399326,46.19431,45.0379,45.74566,108707340.0,4956435000.0
2021-04-26,45.657597,46.073483,44.819115,45.370373,150605040.0,6849539000.0
2021-04-27,47.13255,48.31769,46.1338,46.718235,275198720.0,12955136000.0
2021-04-28,47.068127,47.77676,46.53824,47.38602,139910050.0,6602674700.0
2021-04-29,46.650288,47.3334,46.00323,46.608517,152199780.0,7099946000.0
2021-04-30,46.58902,47.327442,45.786404,46.402157,95827224.0,4458482000.0
2021-05-03,45.577225,46.203453,44.241177,45.684273,152070830.0,6908050000.0
2021-05-04,45.874302,46.402378,45.25277,45.841515,90377944.0,4143172900.0
2021-05-05,45.434986,46.449078,44.953995,46.288685,85471560.0,3913032000.0
2021-05-06,46.568928,47.122757,45.99539,46.577423,98053080.0,4565952000.0
2021-05-07,45.864643,46.322884,44.787354,45.385624,104893530.0,4782109000.0
2021-05-10,44.188763,45.314953,43.79498,44.95608,115995656.0,5169195000.0
2021-05-11,43.85622,44.67307,43.004913,43.573566,157357250.0,6888619500.0
2021-05-12,43.854836,44.503353,43.26173,44.14372,112663670.0,4950544400.0
2021-05-13,44.493515,45.40318,44.110214,45.120842,108564840.0,4861743600.0
2021-05-14,44.59261,45.50374,44.218235,45.32958,73283630.0,3291244000.0
2021-05-17,45.35658,45.85946,44.349194,44.805763,75339840.0,3397280500.0
2021-05-18,43.90035,45.209824,43.628735,44.984596,80361580.0,3570535700.0
2021-05-19,45.132988,45.94531,44.767365,45.68665,109772750.0,4981825000.0
2021-05-20,45.653267,46.082233,44.880676,45.43276,137867410.0,6274653700.0
2021-05-21,45.60362,47.00948,45.324913,46.75784,108008360.0,4987174400.0
2021-05-24,46.72869,47.376125,46.16869,46.79408,76140610.0,3560860000.0
2021-05-25,46.620735,47.475296,46.39336,47.13946,73195416.0,3433393200.0
2021-05-26,47.064583,47.47649,46.193398,46.79032,119517660.0,5603131000.0
2021-05-27,46.77637,47.21854,46.126545,46.674862,72890030.0,3403897600.0
2021-05-28,46.77676,47.41011,46.154575,47.156685,79241880.0,3714426400.0
2021-06-01,47.06655,47.567703,46.11694,46.946968,71790680.0,3368744400.0
2021-06-02,46.21117,46.839966,45.669167,46.491276,63436932.0,2937313500.0
2021-06-03,46.674908,47.674812,46.31396,47.402054,82987830.0,3901792000.0
2021-06-04,47.072266,47.78372,46.678413,47.574947,81840970.0,3869223000.0
2021-06-07,47.5169,48.082005,46.948566,47.49851,82248130.0,3907731500.0
2021-06-08,47.505474,47.95005,46.990128,47.686646,60878548.0,2893744400.0
2021-06-09,47.41662,48.409496,47.125,48.225105,87894220.0,4200821200.0
2021-06-10,48.0683,48.523167,47.422592,48.127472,74505150.0,3578883300.0
2021-06-11,47.915825,48.666256,47.40378,48.498013,74980170.0,3608118300.0
2021-06-14,48.245605,48.79722,47.46495,48.091637,73161480.0,3522715000.0
2021-06-15,47.89967,48.443684,46.84309,47.83537,89821480.0,4289465600.0
2021-06-16,47.555115,48.69666,47.24694,48.21996,87683850.0,4202657800.0
2021-06-17,47.8189,48.331207,47.05678,47.573368,156475040.0,7463087000.0
2021-06-18,47.4775,48.488995,47.011105,48.247295,93017750.0,4446827500.0
2021-06-21,47.9698,48.647972,47.468082,48.452457,75970950.0,3656829400.0
2021-06-22,48.10514,48.9244,47.77019,48.37186,64970596.0,3137618200.0
2021-06-23,48.344105,48.9085,47.95271,48.519596,72482860.0,3510434000.0
2021-06-24,48.068302,48.740578,47.66452,48.52296,117380040.0,5663480300.0
2021-06-25,48.33563,48.800987,47.60198,48.53385,96790860.0,4676751400.0
2021-06-28,48.332485,48.89479,47.713924,48.42949,78407176.0,3790412500.0
2021-06-29,48.06613,48.591133,47.58198,48.357002,83042130.0,3998400800.0
2021-06-30,47.95995,48.722294,47.651386,48.497612,61448588.0,2962301700.0
2021-07-01,48.521408,49.841915,48.250504,49.611782,88158870.0,4324757500.0
2021-07-02,49.50582,50.248905,48.847652,49.981125,89590750.0,4447811600.0
2021-07-06,50.102146,50.589123,49.463432,50.09361,81637384.0,4086937000.0
2021-07-07,48.866554,49.918026,48.62789,49.52722,80721250.0,3974304500.0
2021-07-08,49.260162,49.97327,48.8355,49.715157,63219772.0,3125966300.0
2021-07-09,49.714447,50.503872,49.25092,50.292244,59948850.0,2993867500.0
2021-07-12,50.05348,50.896545,49.667904,50.437206,65282770.0,3281359000.0
2021-07-13,50.415768,51.400917,50.1541,50.791893,80558390.0,4083558700.0
2021-07-14,50.688026,51.151913,49.61125,50.30393,82173490.0,4144730400.0
2021-07-15,50.29954,50.79878,49.463634,50.29007,69300160.0,3479769300.0
2021-07-16,49.679573,50.16027,48.425175,49.342648,94897520.0,4688119300.0
2021-07-19,49.458145,50.493336,48.75669,49.98885,89278584.0,4434846700.0
2021-07-20,49.69691,50.713127,49.412655,50.519394,70392740.0,3525656800.0
2021-07-21,50.370853,51.065666,49.991184,50.864967,48527760.0,2454202400.0
2021-07-22,51.38994,53.019535,50.89359,52.68436,140832960.0,7322871000.0
2021-07-23,52.531765,53.3526,51.874207,53.088364,103733080.0,5467950600.0
2021-07-26,52.89503,53.41699,51.01259,52.24273,185635120.0,9725766000.0
2021-07-27,53.707268,54.966248,53.041065,53.903885,322783200.0,17399505000.0
2021-07-28,53.64344,54.31602,53.145172,53.77853,107614750.0,5781149700.0
2021-07-29,53.204117,53.776867,52.640144,53.362236,86781304.0,4620743700.0
2021-07-30,53.236443,53.789604,52.459408,53.412956,73405780.0,3906993200.0
2021-08-02,53.243526,53.946785,52.273357,53.720108,70447016.0,3754540300.0
2021-08-03,53.32804,53.914,52.73112,53.520287,66762140.0,3563319800.0
2021-08-04,53.45845,54.192413,52.871876,53.966263,60634252.0,3251345000.0
2021-08-05,53.600887,54.241096,53.0146,53.763073,69517320.0,3729945900.0
2021-08-06,53.56169,54.52389,53.06538,54.228275,60261004.0,3244742400.0
2021-08-09,54.11309,54.757793,53.467274,54.186295,65873150.0,3565787000.0
2021-08-10,54.049854,54.722015,53.430805,53.977165,52090484.0,2815228200.0
2021-08-11,53.57468,54.569992,53.0991,54.33957,56006096.0,3018495200.0
2021-08-12,54.076836,54.79117,53.729378,54.55087,54112764.0,2937623000.0
2021-08-13,54.185184,54.992275,53.049488,54.781387,75950600.0,4120478200.0
2021-08-16,54.273838,54.953724,53.3565,54.128654,73684024.0,3992066000.0
2021-08-17,53.781334,54.492287,53.058315,53.64841,65343840.0,3511910400.0
2021-08-18,52.967926,54.19341,52.6382,53.73991,73907950.0,3945565700.0
2021-08-19,53.584335,54.67094,53.03028,54.432846,105843580.0,5708102000.0
2021-08-20,54.36033,55.990677,53.95464,55.467407,96546550.0,5304582700.0
2021-08-23,55.401283,56.46981,55.025444,55.950626,65377760.0,3642312200.0
2021-08-24,55.8006,56.51332,55.43223,56.27441,53773452.0,3011590000.0
2021-08-25,55.84984,56.603928,55.424767,56.021507,69931290.0,3914404900.0
2021-08-26,55.811436,57.4366,55.47967,57.03686,97652696.0,5511630000.0
2021-08-27,56.893955,58.016087,56.524986,57.269165,82906390.0,4740260000.0
2021-08-30,57.188282,57.698524,56.571262,57.311546,76167740.0,4356216300.0
2021-08-31,57.13036,58.128765,56.80749,57.516712,74430490.0,4271999700.0
2021-09-01,57.21547,57.836838,56.141525,56.75288,109738824.0,6253651000.0
2021-09-02,56.374065,57.294506,55.83392,56.932095,67352540.0,3812736300.0
2021-09-03,56.67115,57.457466,56.31169,57.146378,68282240.0,3885032200.0
2021-09-07,56.775753,57.39188,56.06898,56.912884,62242572.0,3534592300.0
2021-09-08,56.673515,57.35632,56.138588,56.85348,51961548.0,2949102600.0
2021-09-09,56.820084,57.518482,55.182083,55.797935,125000870.0,7041254400.0
2021-09-10,55.928455,56.815586,55.38283,56.374825,74966590.0,4207532000.0
2021-09-13,56.34058,56.979733,55.578873,56.458782,66755360.0,3760963000.0
2021-09-14,56.25233,57.41197,55.421066,57.205402,92997390.0,5261112300.0
2021-09-15,56.71685,57.352142,55.834316,56.880806,88864640.0,5038272500.0
2021-09-16,56.354366,57.014305,55.076992,55.767826,181135940.0,10153280000.0
2021-09-17,54.435966,55.245647,53.4506,54.94378,157839090.0,8605229000.0
2021-09-20,55.061646,55.64768,54.217533,55.06796,85953380.0,4727324000.0
2021-09-21,54.88613,55.99565,54.32478,55.56326,85016870.0,4692290000.0
2021-09-22,55.549423,56.31738,55.05014,55.9326,71091710.0,3960689000.0
2021-09-23,55.37251,56.56936,54.987198,56.32827,77986450.0,4352761300.0
2021-09-24,55.477318,56.41356,54.919178,55.875557,74247270.0,4133449700.0
2021-09-27,54.630413,55.284004,53.07341,53.799316,155307840.0,8417186000.0
2021-09-28,53.97045,54.51076,52.487232,53.214504,104669590.0,5604610600.0
2021-09-29,52.89937,53.871468,52.36608,52.946163,128923270.0,6835611000.0
2021-09-30,52.972652,54.41519,52.568798,54.08173,119979120.0,6420034000.0
2021-10-01,53.56877,54.0376,51.383503,52.939632,173732220.0,9204746000.0
2021-10-04,52.812485,54.539978,52.556244,53.87576,109949210.0,5876358000.0
2021-10-05,53.09183,54.748837,52.755817,54.48651,82668890.0,4445168000.0
2021-10-06,54.723793,55.6598,54.363785,55.14401,85200110.0,4683692500.0
2021-10-07,54.99368,55.77466,54.5859,55.36601,90004710.0,4966466000.0
2021-10-08,54.881397,55.926094,54.44534,55.02083,60919264.0,3354727400.0
2021-10-11,54.955463,55.447163,53.230247,54.044495,123277200.0,6708664300.0
2021-10-12,54.136936,54.848213,53.527855,54.49326,66687484.0,3617900300.0
2021-10-13,54.9531,56.174694,54.432007,55.906853,108218740.0,5991710000.0
2021-10-14,55.796467,56.325928,55.188747,55.9928,102721944.0,5734553600.0
2021-10-15,55.584488,56.754375,55.312054,56.551266,69205160.0,3878987300.0
2021-10-18,56.495033,57.098778,55.91216,56.733078,68417960.0,3869703400.0
2021-10-19,56.47553,57.05247,55.43243,56.15163,79017930.0,4446972000.0
2021-10-20,55.857338,56.50001,55.08876,56.19797,89210730.0,4987862500.0
2021-10-21,54.825443,55.874817,53.34631,54.48711,171648880.0,9377765000.0
2021-10-22,54.195038,54.8482,53.098503,54.439777,116762504.0,6322150400.0
2021-10-25,54.870167,55.676094,54.22793,55.17708,167061440.0,9186344000.0
2021-10-26,54.92592,59.08106,54.659424,57.913586,291064740.0,16487360000.0
2021-10-27,57.971363,58.488064,56.70692,57.76763,122849660.0,7092541000.0
2021-10-28,57.161087,58.91889,56.71574,58.63781,146988020.0,8504489000.0
2021-10-29,58.33049,58.840996,56.1574,56.83605,159216660.0,9161523000.0
2021-11-01,56.964676,58.269848,56.592617,57.602654,113606950.0,6516205600.0
2021-11-02,57.48516,58.293713,56.69281,58.064297,93289200.0,5376629000.0
2021-11-03,57.96742,59.511696,57.366024,58.725544,130334790.0,7610596400.0
2021-11-04,58.773155,59.74778,58.10669,58.957054,130137990.0,7664630000.0
2021-11-05,59.031418,59.862045,58.19823,59.027946,78217170.0,4617152000.0
2021-11-08,58.798172,59.551838,57.73341,58.98339,66266750.0,3894278400.0
2021-11-09,58.115364,58.850533,56.671825,57.785248,101690460.0,5883377000.0
2021-11-10,57.717228,58.6381,57.08862,57.73495,56046812.0,3239210200.0
2021-11-11,57.76686,59.16054,57.01431,58.888126,75869170.0,4416151600.0
2021-11-12,58.667164,59.43856,57.8628,58.79862,79764410.0,4681515500.0
2021-11-15,58.371273,59.125767,57.759876,58.57048,64142692.0,3749579500.0
2021-11-16,58.3232,59.045082,57.731453,58.638206,66483910.0,3884953300.0
2021-11-17,58.407513,59.84833,57.984154,59.34778,120820620.0,7115965400.0
2021-11-18,59.09071,60.001747,58.381927,58.986553,114285560.0,6756017700.0
2021-11-19,58.83737,59.549843,57.303093,57.94705,103807740.0,6063341600.0
2021-11-22,57.58464,58.290127,56.50617,57.74109,92352720.0,5313099000.0
2021-11-23,57.316917,58.126972,56.607327,57.87496,61211070.0,3518507000.0
2021-11-24,56.873665,57.454487,55.615143,56.315605,103386990.0,5848057000.0
2021-11-26,56.73636,58.146053,56.41932,57.64148,110600670.0,6330318300.0
2021-11-29,57.133705,58.02781,55.520645,56.202526,142739890.0,8096374000.0
2021-11-30,56.736355,58.008137,55.2503,55.86744,115432420.0,6517956000.0
2021-12-01,55.652847,57.179054,54.976814,56.625732,99057430.0,5557975000.0
2021-12-02,56.61066,57.39188,55.010723,56.243706,139896500.0,7878165000.0
2021-12-03,56.358307,57.17428,54.951523,56.700592,103889176.0,5848563000.0
2021-12-06,57.365383,58.636314,56.94237,58.33026,109392730.0,6324932000.0
2021-12-07,58.15339,58.978916,57.404453,58.693462,82349930.0,4801623000.0
2021-12-08,58.151215,59.259903,57.682438,58.476406,78956860.0,4610488000.0
2021-12-09,58.588177,59.211227,57.521297,58.620193,82987816.0,4853561300.0
2021-12-10,58.226265,58.81078,57.05607,57.75871,91850550.0,5323929600.0
2021-12-13,56.723743,57.42368,55.3691,56.99844,130450170.0,7387229000.0
2021-12-14,56.503498,58.314365,55.550636,58.0021,123406140.0,7045584000.0
2021-12-15,57.98554,58.694332,56.30698,57.211536,114176980.0,6570838500.0
2021-12-16,56.14535,57.16713,55.40243,56.1342,171065260.0,9615968000.0
2021-12-17,55.160347,56.348385,54.626484,56.08746,92264500.0,5125816000.0
2021-12-20,55.96943,57.180843,55.08974,56.826347,97571260.0,5490002000.0
2021-12-21,56.36895,58.226536,56.095455,57.991806,89312520.0,5106058000.0
2021-12-22,57.72136,58.919487,57.422478,58.190437,89522900.0,5198007300.0
2021-12-23,58.019226,58.95943,57.703808,58.582554,54207770.0,3161194000.0
2021-12-27,58.40535,58.94155,57.266632,58.099545,61753960.0,3592738600.0
2021-12-28,57.778294,58.591,57.107048,58.086864,60356020.0,3494058500.0
2021-12-29,57.797802,58.5445,57.243107,57.906853,53230560.0,3080615400.0
2021-12-30,57.54406,58.305428,56.79514,57.372738,61536812.0,3538633700.0
2021-12-31,57.152027,57.96859,56.34855,57.427994,97198024.0,5562088000.0
2022-01-03,57.286385,58.220577,56.349926,57.193516,96363330.0,5518014500.0
2022-01-04,56.901836,57.43143,53.9862,54.569687,185322980.0,10326620000.0
2022-01-05,53.977745,55.619255,53.54333,54.558792,126724580.0,6896957400.0
2022-01-06,54.42967,55.026463,53.232796,54.269463,100977910.0,5477001700.0
2022-01-07,53.22106,55.173912,52.212574,54.923977,150679680.0,8119055400.0
2022-01-10,54.375103,55.72896,53.59588,55.3464,97483040.0,5338326000.0
2022-01-11,55.61344,56.679653,55.165016,56.017548,88586410.0,4949226000.0
2022-01-12,55.767113,56.77585,54.2689,54.89131,106664696.0,5911975400.0
2022-01-13,54.00946,55.938015,53.715855,55.2452,100645390.0,5508034000.0
2022-01-14,53.65329,54.50302,53.1042,53.865864,118323304.0,6363615700.0
2022-01-18,53.790592,54.832104,52.93833,53.516712,97204824.0,5226648600.0
2022-01-19,53.68284,54.699562,52.134155,52.80021,101480090.0,5411851300.0
2022-01-20,52.242165,53.602386,51.00572,51.6294,188831420.0,9841878000.0
2022-01-21,49.63564,52.14673,48.815304,51.808628,259984210.0,13155611000.0
2022-01-24,50.72388,51.42973,49.599686,50.2762,159338800.0,8047784400.0
2022-01-25,51.66121,52.860947,49.851208,51.18639,166701780.0,8566794000.0
2022-01-26,51.7341,52.72283,50.553246,51.096085,108408750.0,5585931000.0
2022-01-27,51.085964,53.00264,50.377785,52.817436,116592850.0,6041953300.0
2022-01-28,52.86016,53.84385,51.83813,53.590782,135675500.0,7195310600.0
2022-01-31,54.21257,54.765926,52.68465,54.5178,232914260.0,12587906000.0
2022-02-01,59.59288,60.232273,57.058044,58.6196,418026800.0,24611620000.0
2022-02-02,57.40832,59.488434,55.937824,56.67484,242665970.0,13923531000.0
2022-02-03,56.517487,57.580673,55.09464,56.75525,196791570.0,11116167000.0
2022-02-04,56.834854,57.332268,54.46141,55.1345,186530910.0,10434681000.0
2022-02-07,54.776775,55.643093,53.72192,55.21291,184189730.0,10100721000.0
2022-02-08,55.539967,56.64647,54.96603,56.081516,136211620.0,7601765400.0
2022-02-09,55.043526,56.23312,54.09167,54.904373,133449640.0,7348827600.0
2022-02-10,54.608753,55.30786,52.30492,53.186394,135580460.0,7301276700.0
2022-02-11,52.50339,54.172543,52.248653,53.678913,116389256.0,6186191000.0
2022-02-14,54.203117,54.89133,53.254368,54.10767,90527240.0,4898802000.0
2022-02-15,53.839054,54.88238,52.90246,54.555035,84901530.0,4588480500.0
2022-02-16,53.680073,54.495857,51.9436,52.495823,132160280.0,7024826400.0
2022-02-17,52.586323,53.286224,51.04885,51.6498,154792100.0,8071292400.0
2022-02-18,51.156498,52.535244,50.27526,51.41632,152654430.0,7838169000.0
2022-02-22,51.86983,52.483765,50.002357,50.53484,111245360.0,5698287600.0
2022-02-23,49.231995,52.86096,48.993126,52.556034,184773260.0,9406904000.0
2022-02-24,52.619816,53.763756,51.658546,53.25649,123528296.0,6525339000.0
2022-02-25,52.422035,53.95454,51.988308,53.493156,131868456.0,6984347600.0
2022-02-28,53.142464,54.154854,52.233757,53.098854,89902910.0,4779012000.0
2022-03-01,53.04377,53.76018,52.176117,53.300858,79805120.0,4235276300.0
2022-03-02,53.58827,54.227974,52.15807,53.034687,83483224.0,4445669400.0
2022-03-03,52.373768,53.199383,51.104137,52.245308,103251260.0,5392880600.0
2022-03-04,51.806602,52.358177,49.51911,50.055786,153068400.0,7796527000.0
2022-03-07,49.742817,52.165413,49.27582,50.34334,137175230.0,6911141400.0
2022-03-08,51.712822,53.153275,50.93279,52.844765,125632010.0,6553080000.0
2022-03-09,51.719135,52.969063,51.329594,52.45246,91959110.0,4792684500.0
2022-03-10,52.59479,53.177116,50.827312,51.438885,106970100.0,5563464000.0
2022-03-11,51.318825,51.831158,49.119183,49.886463,131692020.0,6655570400.0
2022-03-14,50.02886,51.610775,49.293854,51.172527,104913870.0,5300931000.0
2022-03-15,51.509132,52.9933,50.47562,52.789524,120712024.0,6270011400.0
2022-03-16,52.461037,53.290398,51.828526,53.01073,95901870.0,5049010000.0
2022-03-17,52.569588,54.150288,51.85735,53.916367,151215760.0,8033095000.0
2022-03-18,53.64876,54.470634,52.576443,53.90686,91042980.0,4884517400.0
2022-03-21,53.624325,56.060425,53.364143,55.398678,120440600.0,6577489000.0
2022-03-22,54.64913,55.479557,54.043842,54.767933,85349400.0,4671609300.0
2022-03-23,54.845142,56.28658,54.010704,56.0736,89563610.0,4953227000.0
2022-03-24,55.915253,56.451916,54.789787,56.1136,81861336.0,4569306600.0
2022-03-25,55.51514,56.439,54.818798,56.02746,118927290.0,6624261000.0
2022-03-28,56.203472,57.15084,55.691994,56.44334,116443544.0,6564203000.0
2022-03-29,56.129593,56.724373,55.52006,56.218765,67467900.0,3788201200.0
2022-03-30,55.96923,56.48093,54.51023,55.081623,127321750.0,7067694600.0
2022-03-31,54.96334,55.830296,54.22909,55.51057,88023160.0,4853010000.0
2022-04-01,55.3016,57.118446,55.01446,56.627914,88023144.0,4930669600.0
2022-04-04,56.290737,56.831676,55.04269,55.685047,72672880.0,4066958600.0
2022-04-05,54.667835,55.388927,53.134964,54.0837,110166376.0,5984111600.0
2022-04-06,53.588264,54.516125,52.62936,53.822483,89013944.0,4774624000.0
2022-04-07,53.420235,53.922146,52.134552,52.792294,85308690.0,4527102500.0
2022-04-08,51.938793,52.500267,50.449745,51.0242,125150170.0,6442511400.0
2022-04-11,51.850723,52.304516,49.7128,50.58494,110987496.0,5672931300.0
2022-04-12,50.432312,51.801342,50.086067,51.448193,94761810.0,4827354000.0
2022-04-13,51.40925,51.859177,49.639088,50.195007,107214380.0,5443878000.0
2022-04-14,50.03831,50.95815,49.4748,50.569893,70603100.0,3548532000.0
2022-04-18,50.31076,51.80094,49.79533,51.49374,89882570.0,4570546000.0
2022-04-19,51.57177,52.224632,49.991577,50.713863,107546904.0,5498385000.0
2022-04-20,50.92482,51.707745,48.825695,49.436317,123664010.0,6210857500.0
2022-04-21,49.25031,49.841118,46.629402,47.385025,193011680.0,9317921000.0
2022-04-22,46.92609,48.996735,46.467075,48.746944,156515760.0,7478982000.0
2022-04-25,48.184338,48.691692,46.467075,46.994694,247877700.0,11795124000.0
2022-04-26,45.101265,46.59792,44.202946,45.269573,311552160.0,14111109000.0
2022-04-27,45.8678,47.554787,44.743446,46.944195,165867070.0,7675923500.0
2022-04-28,45.993683,46.867393,44.62562,45.1963,144802860.0,6613255000.0
2022-04-29,44.681847,46.400585,44.14942,46.176,120569540.0,5468065000.0
2022-05-02,45.8739,47.07486,45.49606,46.473454,84718296.0,3916490200.0
2022-05-03,46.110703,48.828613,45.135925,48.424934,169368740.0,7981509600.0
2022-05-04,47.360676,48.107044,45.0926,46.145306,155538560.0,7259981300.0
2022-05-05,45.38298,46.72888,44.704433,45.84468,134739000.0,6152890000.0
2022-05-06,44.620777,45.73744,43.914364,44.563168,138444260.0,6189695500.0
2022-05-09,45.510242,46.20365,44.26725,45.30938,135383680.0,6135944700.0
2022-05-10,44.615463,46.24916,44.398994,44.99549,127355670.0,5739254300.0
2022-05-11,43.88301,45.426632,43.061176,44.69506,182669600.0,8086139000.0
2022-05-12,45.12629,46.849514,44.543484,45.96509,118886540.0,5423734300.0
2022-05-13,45.292755,46.171856,44.65503,45.329185,88186020.0,4000312000.0
2022-05-16,46.035446,46.461994,45.039474,46.13243,78223950.0,3591835400.0
2022-05-17,45.310284,45.865818,43.739883,44.320965,119185150.0,5340595700.0
2022-05-18,43.90429,44.915913,43.12999,43.72071,115853150.0,5088006700.0
2022-05-19,44.108967,44.587414,41.481834,43.136097,166131740.0,7198252500.0
2022-05-20,43.17775,44.57311,42.63635,44.15798,126168100.0,5505509000.0
2022-05-23,41.674427,42.312008,39.94797,41.972416,260520320.0,10805524000.0
2022-05-24,41.364548,42.328506,40.72118,41.90707,136598420.0,5679806500.0
2022-05-25,41.636997,43.182823,41.25775,42.69427,128760420.0,5432783400.0
2022-05-26,43.136578,44.640877,42.792206,44.486134,128645040.0,5630014500.0
2022-05-27,44.422405,45.998966,43.944954,45.058666,169694450.0,7611857000.0
2022-05-31,45.25315,46.542076,44.40428,45.110146,124206920.0,5629978600.0
2022-06-01,44.91628,46.85924,44.285282,46.58772,128909710.0,5886292500.0
2022-06-02,45.72891,46.232067,44.50956,45.367207,88681416.0,4031407000.0
2022-06-03,45.981857,47.43455,45.546833,46.270065,113810530.0,5270375000.0
2022-06-06,45.4996,46.776375,45.110832,46.400375,107187250.0,4924910600.0
2022-06-07,46.00432,47.125935,45.71779,46.418003,88586400.0,4103012900.0
2022-06-08,45.83332,47.018024,45.002613,45.48385,87534560.0,4012098300.0
2022-06-09,44.303608,45.022823,43.27349,44.02866,140649740.0,6210690600.0
2022-06-10,42.074146,43.23926,41.608288,42.139763,160329580.0,6776388600.0
2022-06-13,41.97505,42.894672,41.483208,42.267696,114366990.0,4821158400.0
2022-06-14,42.767,44.285355,42.216225,43.47534,134698290.0,5817078000.0
2022-06-15,42.24534,43.182426,41.223644,41.99757,175367680.0,7393895400.0
2022-06-16,41.77746,43.202694,41.18757,42.437214,174322640.0,7347914000.0
2022-06-17,42.91849,44.709034,42.581062,44.180157,160886050.0,7014179300.0
2022-06-21,43.55954,45.049652,43.27997,44.157787,104418480.0,4595639000.0
2022-06-22,44.21949,44.809593,43.326233,44.456623,96234390.0,4253847300.0
2022-06-23,44.520313,46.93059,44.28764,46.72734,139672530.0,6371368000.0
2022-06-24,46.599854,47.12951,45.16082,45.87914,123575790.0,5708253700.0
2022-06-27,45.62647,46.62475,43.854572,44.36374,121444950.0,5479278000.0
2022-06-28,43.951767,44.97573,43.47209,44.242546,83863230.0,3703445500.0
2022-06-29,43.34027,44.072517,41.855694,43.15788,146479060.0,6314213000.0
2022-06-30,42.525867,43.421494,41.84805,43.06857,120372730.0,5141841000.0
2022-07-01,42.197865,45.061775,41.45635,44.86102,133490360.0,5792714000.0
2022-07-05,44.64127,45.941135,43.708717,45.379486,127009576.0,5704972000.0
2022-07-06,45.341812,47.37196,45.025166,47.047375,138898900.0,6416654000.0
2022-07-07,46.19679,47.56889,45.836002,47.273335,129744410.0,6061497000.0
2022-07-08,46.4915,46.89839,45.220028,45.81695,105850376.0,4880413700.0
2022-07-11,45.788998,46.491405,44.57681,45.16105,101656520.0,4625835500.0
2022-07-12,44.01047,45.38729,43.60109,44.10471,148352020.0,6568418000.0
2022-07-13,43.423206,44.153996,42.492054,43.714172,125557360.0,5454947300.0
2022-07-14,44.12848,44.96778,43.482876,44.272648,158694110.0,7016334000.0
2022-07-15,44.38044,45.1822,42.490883,43.18442,146460720.0,6416369000.0
2022-07-18,43.675175,45.317333,42.95747,45.07767,123952090.0,5485736400.0
2022-07-19,44.589256,45.865814,44.102375,45.11332,120794830.0,5425825300.0
2022-07-20,45.0266,45.52798,43.56521,45.28759,110872810.0,4972850000.0
2022-07-21,43.734272,44.649616,41.75767,42.73685,165925440.0,7171231000.0
2022-07-22,42.71381,43.667915,41.679256,42.582382,117708824.0,5021558000.0
2022-07-25,42.000668,42.606724,40.804893,41.596146,162837060.0,6798790000.0
2022-07-26,43.04871,45.273617,42.349728,44.780613,203104380.0,8908801000.0
2022-07-27,44.27406,45.444515,43.702442,45.240067,111349180.0,4973441500.0
2022-07-28,44.553802,46.38648,44.32979,46.071835,126301784.0,5725951500.0
2022-07-29,45.428486,46.390453,44.83166,45.493557,88336340.0,4022487000.0
2022-08-01,44.91628,46.243393,44.588566,45.600494,68662270.0,3112953900.0
2022-08-02,45.590027,47.145607,45.27865,46.76893,96699250.0,4467099000.0
2022-08-03,46.28741,47.209198,45.831493,46.812496,73300264.0,3411039000.0
2022-08-04,45.79491,46.94291,45.482536,46.52732,65009620.0,3002594000.0
2022-08-05,46.645954,47.753708,45.827576,46.459988,64937690.0,3030759200.0
2022-08-08,46.15345,46.62892,45.368828,46.19461,64761930.0,2984647400.0
2022-08-09,46.799614,48.059746,46.427475,47.410576,104949170.0,4950909400.0
2022-08-10,47.78462,48.28629,46.486286,47.069946,82430344.0,3907757600.0
2022-08-11,47.38274,48.36181,46.83917,48.194813,64795176.0,3090382000.0
2022-08-12,47.72552,48.60823,47.290073,48.353245,66147316.0,3174691800.0
2022-08-15,47.87918,48.659897,47.301834,48.202732,64608220.0,3101899500.0
2022-08-16,47.327576,48.206802,46.8078,47.351166,77521580.0,3676332000.0
2022-08-17,47.055717,48.020004,46.549026,47.596733,61033612.0,2887218000.0
2022-08-18,46.909935,47.35626,45.780525,46.424343,74001260.0,3449773800.0
2022-08-19,45.389084,45.95723,44.63954,45.24799,72803850.0,3298630100.0
2022-08-22,44.7114,45.710808,44.474857,45.097473,53849460.0,2423152000.0
2022-08-23,44.719284,45.6194,44.255295,45.030148,60174824.0,2702212600.0
2022-08-24,45.01084,46.39045,44.74148,46.202534,57535696.0,2622841000.0
2022-08-25,45.199963,45.75453,43.204487,43.70328,126377460.0,5619444700.0
2022-08-26,43.336327,44.097157,42.659477,43.338886,71903336.0,3117581800.0
2022-08-29,43.40725,43.918304,42.267387,43.14877,93354696.0,4031562500.0
2022-08-30,43.59638,44.05742,42.396782,42.8636,97133550.0,4198942000.0
2022-08-31,42.662586,43.898434,42.094868,43.465633,96230664.0,4140842000.0
2022-09-01,43.57273,44.013695,42.05566,42.717045,81979070.0,3532460300.0
2022-09-02,42.276466,42.936604,41.475365,42.305122,85058620.0,3593590000.0
2022-09-06,42.181908,43.71164,41.914513,43.350777,78607360.0,3363586300.0
2022-09-07,42.568027,43.560604,42.016457,42.926968,82242370.0,3517342700.0
2022-09-08,42.97385,44.11306,42.745743,43.82607,78711540.0,3417236200.0
2022-09-09,43.73034,44.363457,43.102547,43.90925,77928070.0,3411410200.0
2022-09-12,42.47347,43.04392,40.812733,41.31889,129523510.0,5428622300.0
2022-09-13,41.20084,41.843616,40.644135,41.588226,89560550.0,3700571000.0
2022-09-14,40.98808,41.83964,40.130497,40.760426,116003460.0,4747982300.0
2022-09-15,40.21583,40.989094,39.57765,40.716854,145214110.0,5862999000.0
2022-09-16,40.089756,41.068592,39.816826,40.823795,78165580.0,3161777700.0
2022-09-19,40.219772,40.687035,39.412968,40.05936,89974510.0,3607508500.0
2022-09-20,40.058235,40.889736,38.922855,39.32266,106838760.0,4252008400.0
2022-09-21,38.93533,40.23792,38.734657,39.66329,116377710.0,4584444000.0
2022-09-22,39.254463,39.60994,38.21709,39.108772,107307360.0,4190091500.0
2022-09-23,38.65164,39.69738,38.34648,38.883007,91859704.0,3572849000.0
2022-09-26,39.175663,39.74507,37.98184,38.617634,102039270.0,3967292200.0
2022-09-27,38.474342,40.02329,38.07594,39.627636,110160590.0,4301804500.0
2022-09-28,38.864407,39.204544,37.62504,38.585953,105345470.0,4063173000.0
2022-09-29,38.23794,39.30788,37.468197,37.88489,111772984.0,4272491800.0
2022-09-30,38.12368,39.462887,37.844604,39.069164,94945020.0,3667259600.0
2022-10-03,39.57361,40.476383,39.358074,40.2574,97892930.0,3907530000.0
2022-10-04,39.333267,40.512154,38.73857,40.17422,75247890.0,2986555000.0
2022-10-05,39.668167,40.909603,39.44041,40.17026,75747010.0,3033449000.0
2022-10-06,39.341145,39.955723,38.542526,39.085007,93319070.0,3661010000.0
2022-10-07,39.006245,39.38737,38.03673,38.760227,61839132.0,2399212500.0
2022-10-10,38.38766,39.446987,37.762264,38.49089,89940580.0,3464686300.0
2022-10-11,38.336445,39.248264,37.930866,38.641403,74228264.0,2860701200.0
2022-10-12,37.489338,39.65764,37.00553,39.23552,117313864.0,4498636000.0
2022-10-13,39.396305,40.019314,37.78579,38.24532,86220420.0,3350670600.0
2022-10-14,38.951084,40.1147,38.75033,39.595947,96428480.0,3794751500.0
2022-10-17,40.63347,41.124226,39.197315,39.912807,81639770.0,3283302700.0
2022-10-18,39.404186,40.15047,38.78562,39.46128,80792856.0,3187309600.0
2022-10-19,39.400246,40.66716,38.969902,39.595947,85923520.0,3407582000.0
2022-10-20,38.553143,40.265736,38.315117,40.0554,110134800.0,4328005600.0
2022-10-21,40.109447,40.838062,39.201237,40.605946,92211576.0,3705860600.0
2022-10-24,40.542854,41.66079,40.27557,41.382263,137797520.0,5644926500.0
2022-10-25,37.99366,39.073383,37.127083,37.599716,298977760.0,11345747000.0
2022-10-26,37.24111,37.928722,35.99394,36.52634,205996640.0,7605916700.0
2022-10-27,36.35461,38.373875,36.12333,38.138386,148268210.0,5522627600.0
2022-10-28,37.59572,38.1672,36.8487,37.43337,107475640.0,4031545000.0
2022-10-31,37.607536,38.1672,35.43325,35.833206,160022160.0,5882462700.0
2022-11-01,35.83059,36.239563,34.064854,34.446938,193535220.0,6801889000.0
2022-11-02,34.010292,34.387436,32.676846,33.044815,207954780.0,6972692000.0
2022-11-03,33.647808,34.43513,32.82192,34.292458,173470640.0,5863191600.0
2022-11-04,34.388535,35.333374,34.05309,35.04897,115632264.0,4013132300.0
2022-11-07,35.026825,35.897755,34.34324,35.21137,103247870.0,3626044200.0
2022-11-08,34.849514,35.547993,34.221684,34.585556,107794940.0,3751391700.0
2022-11-09,36.346725,37.515373,35.919437,37.207596,175150880.0,6436319000.0
2022-11-10,37.308098,38.524906,36.825172,38.185917,112278536.0,4234138600.0
2022-11-11,37.46569,38.469257,37.0565,37.904694,102401310.0,3862990800.0
2022-11-14,38.714684,39.800716,37.9191,38.98995,141290370.0,5489994000.0
2022-11-15,38.57284,39.60199,38.283745,39.15234,98756136.0,3841883100.0
2022-11-16,38.20642,39.45891,37.950474,38.958267,88398424.0,3416025900.0
2022-11-17,38.915623,39.30788,37.785793,38.58991,96167550.0,3716856600.0
2022-11-18,38.332504,39.109158,37.389782,37.86509,73451250.0,2803937800.0
2022-11-21,37.804535,38.640163,36.876144,38.439404,79528590.0,3017320000.0
2022-11-22,38.2537,39.252235,38.068096,38.99787,64020880.0,2473957400.0
2022-11-23,38.706802,39.20454,38.189648,38.60179,32917578.0,1273110300.0
2022-11-25,38.234,38.783245,37.487804,38.043324,89025810.0,3395185400.0
2022-11-28,37.71786,38.20297,36.89967,37.702698,68070850.0,2561560300.0
2022-11-29,37.359318,40.15843,37.021217,39.99995,148099230.0,5721773600.0
2022-11-30,39.80213,40.639343,39.307106,39.99995,97337480.0,3887380000.0
2022-12-01,39.025948,40.051113,38.777782,39.78211,72885624.0,2872366800.0
2022-12-02,39.16385,40.293556,38.816994,39.401875,82808330.0,3264227000.0
2022-12-05,39.124443,39.65763,37.80539,38.41167,84523890.0,3275282200.0
2022-12-06,37.98578,38.505024,37.13884,37.603676,105339380.0,3982705700.0
2022-12-07,37.579952,37.988342,36.640884,37.116497,109302150.0,4080404700.0
2022-12-08,36.94561,37.46371,36.366425,36.767952,95770900.0,3532598000.0
2022-12-09,36.52797,37.18549,35.91944,36.95807,99824264.0,3658334000.0
2022-12-12,38.517677,39.558266,37.260384,37.876965,137737490.0,5275803000.0
2022-12-13,37.509033,38.501057,36.6997,37.655167,97495260.0,3664968000.0
2022-12-14,36.69345,37.21729,35.2921,35.98768,136086050.0,4939601000.0
2022-12-15,35.759666,36.29918,35.099968,35.75003,196838380.0,7032486400.0
2022-12-16,35.562664,35.99314,34.58633,35.029167,100071960.0,3531822000.0
2022-12-19,34.715557,35.44466,34.284424,35.258892,79580504.0,2779419400.0
2022-12-20,35.097744,35.85801,34.629463,35.480698,83963670.0,2961103000.0
2022-12-21,34.735264,35.190292,33.84528,34.75984,93846680.0,3250161000.0
2022-12-22,34.321552,35.591713,34.139343,35.342068,78050910.0,2719970600.0
2022-12-23,34.98742,35.34927,34.11582,34.61328,68191650.0,2370781400.0
2022-12-27,34.270336,34.99156,33.696285,34.070656,66243684.0,2269323800.0
2022-12-28,34.128494,35.3135,33.958984,35.033127,79172310.0,2740037000.0
2022-12-29,34.27034,35.094906,33.943302,34.945995,81387310.0,2813041400.0
2022-12-30,35.298683,36.187893,34.70788,35.298504,95451260.0,3376420400.0
2023-01-03,35.598125,36.02891,34.217766,34.88658,118264940.0,4160897300.0
2023-01-04,34.463394,34.80476,33.6806,34.14195,92272640.0,3162430500.0
2023-01-05,34.19547,34.85245,33.27282,34.59347,140410560.0,4806050300.0
2023-01-06,34.814064,35.790447,34.449104,34.862816,98412400.0,3442378000.0
2023-01-09,33.87633,35.241955,33.653152,35.021244,103379540.0,3561235700.0
2023-01-10,35.137142,36.40649,34.900005,36.24909,91144776.0,3251424000.0
2023-01-11,36.043346,36.513798,35.190147,36.094616,102668010.0,3691990500.0
2023-01-12,35.79512,36.640984,35.33914,36.486732,89336950.0,3221981400.0
2023-01-13,36.27187,36.664833,35.30778,36.157993,110622380.0,3993536800.0
2023-01-17,36.30339,36.88343,35.539112,36.09066,98795144.0,3576793900.0
2023-01-18,35.743908,37.205368,35.53519,36.85509,125545130.0,4561668000.0
2023-01-19,37.469635,39.06941,37.256466,38.823593,214412140.0,8180847600.0
2023-01-20,38.59254,39.76097,38.22885,39.524654,135740320.0,5297504000.0
2023-01-23,38.651646,39.590073,38.11123,38.696854,112237820.0,4350613000.0
2023-01-24,37.654816,38.218864,36.762432,37.714577,143628880.0,5398675000.0
2023-01-25,38.02124,38.77927,37.39762,38.625557,102179064.0,3903845400.0
2023-01-26,38.340378,39.872257,38.154354,39.358303,114956700.0,4475416600.0
2023-01-27,38.407364,39.065434,37.797554,38.395832,92380536.0,3548941000.0
2023-01-30,38.167023,39.29993,37.962234,39.14838,101353520.0,3916745000.0
2023-01-31,38.89198,40.218037,38.260216,39.77814,120559704.0,4736440300.0
2023-02-01,41.685463,42.865063,41.408714,42.67348,237120980.0,9996589000.0
2023-02-02,40.554676,42.849167,40.22068,41.50109,221599340.0,9147932000.0
2023-02-03,40.34585,41.47796,39.94621,40.75646,108577050.0,4411661300.0
2023-02-06,40.668938,42.996227,40.43241,42.633873,166295260.0,6931662300.0
2023-02-07,40.20795,40.99307,38.440582,39.358303,321471800.0,12778497000.0
2023-02-08,39.400246,39.756996,36.71146,37.6314,405319780.0,15554156000.0
2023-02-09,37.607536,38.45336,36.95456,37.457127,186553630.0,7017801700.0
2023-02-10,37.327793,37.83731,36.7938,37.47297,169911970.0,6347565600.0
2023-02-13,37.205654,37.6982,36.174297,37.500694,185689780.0,6897393700.0
2023-02-14,37.229294,38.600418,36.91535,38.395832,170227180.0,6432072000.0
2023-02-15,37.57601,38.822983,37.14668,37.829437,144078800.0,5452486000.0
2023-02-16,37.37113,37.98039,36.546783,37.369987,116328530.0,4341039600.0
2023-02-17,36.642227,37.002663,35.962566,36.356026,114106744.0,4163854000.0
2023-02-21,36.13002,36.609184,35.527344,36.300575,104791740.0,3787360300.0
2023-02-22,36.21671,36.541622,35.194073,35.99956,139816400.0,5031711000.0
2023-02-23,35.239582,35.726845,34.731403,35.30246,124135990.0,4375803000.0
2023-02-24,35.409004,35.83416,35.029392,35.59556,93317370.0,3309689600.0
2023-02-27,35.196243,36.259434,35.021553,35.670815,102274060.0,3634514400.0
2023-02-28,35.452347,36.179943,35.158783,35.78964,105562630.0,3762799000.0
2023-03-01,35.32626,36.676754,35.127415,36.439205,109271950.0,3922033700.0
2023-03-02,36.43735,37.25306,36.248795,37.092735,119300856.0,4385259500.0
2023-03-03,37.04411,38.14335,36.856537,37.67893,110747590.0,4145363200.0
2023-03-06,37.42236,38.024113,36.672256,37.175915,94447940.0,3525142800.0
2023-03-07,37.083515,38.139378,36.85654,37.330383,115715050.0,4322241000.0
2023-03-08,37.055935,37.968468,36.033146,36.56595,97766370.0,3608153000.0
2023-03-09,36.31521,36.879456,35.44501,35.896576,121950510.0,4406567400.0
2023-03-10,35.49568,36.79202,35.06076,36.086697,126682490.0,4542681000.0
2023-03-13,36.46887,37.503452,36.244877,37.21948,122321040.0,4508652000.0
2023-03-14,36.728912,38.524902,36.32329,38.06709,171764580.0,6425893000.0
2023-03-15,37.903038,40.218044,37.44467,39.734577,222219260.0,8627681000.0
2023-03-16,39.502686,40.87383,39.248287,40.249477,207074290.0,8276463000.0
2023-03-17,39.447525,40.44061,39.158108,40.091045,111837120.0,4449364500.0
2023-03-20,39.892754,41.772076,39.687435,41.556538,142883410.0,5819241000.0
2023-03-21,41.08264,42.364277,40.514748,40.94262,147352420.0,6074761000.0
2023-03-22,41.393898,42.249016,40.957806,41.82587,138430000.0,5759608300.0
2023-03-23,41.366318,41.92708,40.714706,41.762497,103126750.0,4273845800.0
2023-03-24,41.220535,41.636936,39.965813,40.58218,105595560.0,4313723000.0
2023-03-27,40.36161,40.718826,39.107136,40.01579,108774860.0,4356525000.0
2023-03-28,40.298576,40.73473,39.463943,40.158382,97651336.0,3922059500.0
2023-03-29,39.758793,40.20612,39.12282,39.960342,112263950.0,4463841300.0
2023-03-30,39.912453,41.291157,39.616856,41.085205,125080280.0,5062801400.0
2023-03-31,40.34191,41.545525,39.965813,41.334732,84946990.0,3465582000.0
2023-04-03,41.10628,41.962852,40.793133,41.477325,82859224.0,3424977700.0
2023-04-04,41.67758,42.169525,40.644135,41.378304,95991784.0,3980528000.0
2023-04-05,41.472702,43.389698,40.906834,42.94281,165281780.0,6971256300.0
2023-04-06,42.150387,42.761726,41.21659,42.15858,91841710.0,3863948000.0
2023-04-10,41.980965,42.41992,41.044067,41.726852,89277910.0,3731187700.0
2023-04-11,41.99279,42.42787,40.91076,41.44564,82690250.0,3447709200.0
2023-04-12,41.70122,42.72198,41.498894,42.550697,84296190.0,3550403800.0
2023-04-13,42.11492,43.298283,41.89098,43.121044,90181150.0,3842285800.0
2023-04-14,41.236298,42.19337,40.981327,41.972416,127481910.0,5302719000.0
2023-04-17,41.957325,42.344406,40.804893,41.390186,90243576.0,3756317000.0
2023-04-18,40.810776,41.72438,40.4128,41.26344,70934616.0,2912068000.0
2023-04-19,40.940796,42.22914,40.72647,41.703083,94398060.0,3908067800.0
2023-04-20,41.55544,42.129776,41.083275,41.750614,87541680.0,3644340500.0
2023-04-21,41.563316,42.38017,41.051903,41.972416,79882500.0,3334451200.0
2023-04-24,41.697285,42.404026,40.71471,41.132736,158334780.0,6568865300.0
2023-04-25,41.33874,42.26889,40.240284,41.077286,181012380.0,7463376000.0
2023-04-26,41.153557,43.07174,40.597084,42.614067,169956420.0,7114224600.0
2023-04-27,42.17403,42.66634,41.204826,42.51505,122625040.0,5167426600.0
2023-04-28,42.095226,42.920708,41.883144,42.4596,90533010.0,3833137400.0
2023-05-01,42.21343,42.60672,40.663742,41.71497,105175816.0,4396318700.0
2023-05-02,41.57908,42.721977,41.15385,41.750614,73953430.0,3091355600.0
2023-05-03,41.56332,41.9708,40.765682,41.46544,79464120.0,3293097200.0
2023-05-04,41.299335,42.08208,40.82057,41.813984,90389150.0,3751510800.0
2023-05-05,41.44118,42.908783,41.232273,42.68536,89955170.0,3784135000.0
2023-05-08,42.705933,43.779205,42.028217,42.519012,123372536.0,5275174000.0
2023-05-09,42.540447,44.88809,42.318363,44.261753,214284220.0,9321827000.0
2023-05-10,45.467888,46.867393,44.85911,46.170853,267713600.0,12272343000.0
2023-05-11,45.972206,46.91111,45.525665,46.543163,139463180.0,6448504000.0
2023-05-12,45.747627,47.089966,45.486454,46.147087,123055976.0,5675069000.0
2023-05-15,45.89735,47.99218,45.651134,47.335323,152809170.0,7139091500.0
2023-05-16,47.126637,48.35783,46.615677,47.862103,113069480.0,5369733000.0
2023-05-17,47.6546,49.009655,47.376335,48.650303,119552280.0,5759159000.0
2023-05-18,48.67901,50.066875,47.893898,48.622578,140315180.0,6849568000.0
2023-05-19,48.43867,50.249702,48.125233,49.529602,119616060.0,5871450000.0
2023-05-22,48.91935,49.534286,47.91742,48.543358,115521650.0,5629209000.0
2023-05-23,47.72158,48.45322,46.996006,47.885868,115984130.0,5539885600.0
2023-05-24,49.061184,49.808525,47.819393,48.907753,143584750.0,7021182000.0
2023-05-25,48.529285,49.784683,48.01152,49.35532,120915280.0,5915199500.0
2023-05-26,49.502464,49.943657,47.835075,48.983,119017890.0,5839737300.0
2023-05-30,48.363808,49.307743,48.031128,48.66615,126649230.0,6154166000.0
2023-05-31,48.391384,49.450825,48.07818,49.00281,104414080.0,5088181000.0
2023-06-01,48.85237,50.138416,48.525166,49.37909,91545496.0,4506213400.0
2023-06-02,48.860245,50.64715,48.556522,49.90983,109614990.0,5425222700.0
2023-06-05,49.648254,50.988956,49.152504,50.424732,90385750.0,4524133000.0
2023-06-06,50.026497,51.287045,47.882133,48.519596,178268770.0,8811614000.0
2023-06-07,48.158924,48.97786,47.53709,48.377007,99719760.0,4812747000.0
2023-06-08,48.1668,49.188507,47.799793,48.412655,80681560.0,3904337400.0
2023-06-09,48.379566,49.30377,47.70177,48.971127,96045736.0,4666772000.0
2023-06-12,49.242428,49.744934,48.29774,49.046375,75591950.0,3710270000.0
2023-06-13,48.501698,49.30376,47.619423,48.983,103801976.0,5044980700.0
2023-06-14,48.517464,49.86417,47.991917,49.545437,119593336.0,5857651000.0
2023-06-15,49.61673,50.122513,48.336956,48.927555,154505710.0,7609551400.0
2023-06-16,48.434723,49.51044,47.889973,48.75724,88550776.0,4307826700.0
2023-06-20,48.22591,48.751316,47.09011,47.74725,102831540.0,4931147300.0
2023-06-21,47.280296,48.98183,46.59215,48.777046,91450830.0,4381210600.0
2023-06-22,47.82402,48.80298,47.466515,48.456223,118464460.0,5702575000.0
2023-06-23,47.57974,48.48899,46.372578,46.871906,115262424.0,5455174700.0
2023-06-26,46.12981,47.328438,45.521744,46.86795,134148270.0,6232795000.0
2023-06-27,46.133747,47.849094,45.81581,47.600693,91923150.0,4306584600.0
2023-06-28,46.98085,47.71793,46.38434,47.172924,81742240.0,3847117600.0
2023-06-29,47.34728,48.123337,46.92935,47.410576,100204970.0,4754990000.0
2023-06-30,46.980854,47.769608,46.58823,47.48979,49090670.0,2317429200.0
2023-07-03,46.98085,48.731434,46.748985,48.222534,93597304.0,4461872600.0
2023-07-05,47.2015,47.813328,46.423553,47.572968,83962320.0,3967457800.0
2023-07-06,47.319695,48.111416,46.815643,47.32344,73661960.0,3491028000.0
2023-07-07,46.610497,47.0224,45.53743,46.12332,119827120.0,5550801000.0
2023-07-10,45.818554,46.78393,45.22768,46.39662,78308090.0,3606612000.0
2023-07-11,46.807495,47.82525,46.427475,47.105595,103164410.0,4853003300.0
2023-07-12,47.646717,49.613777,47.227337,49.327595,150306100.0,7282910000.0
2023-07-13,49.17151,50.388805,48.419292,49.67614,112932056.0,5580418000.0
2023-07-14,49.620674,50.51599,48.69768,49.371166,87256990.0,4323704300.0
2023-07-17,49.09271,49.55416,48.211487,49.018658,88876850.0,4352233000.0
2023-07-18,49.0927,49.75288,47.756657,48.33343,126303840.0,6155281000.0
2023-07-19,47.839783,49.319664,46.352978,47.212536,128620610.0,6132790300.0
2023-07-20,47.52458,48.087566,46.552944,47.53732,247483780.0,11737068000.0
2023-07-21,47.93434,48.88644,47.435146,48.1354,100727170.0,4844758500.0
2023-07-24,47.81614,48.94606,47.45083,48.404728,178169020.0,8579629000.0
2023-07-25,51.247902,52.058098,50.313095,51.201046,209292000.0,10716804000.0
2023-07-26,51.878304,52.956337,50.49737,51.25253,152525860.0,7877371400.0
2023-07-27,51.52764,53.155064,51.195297,52.512062,124156696.0,6468256000.0
2023-07-28,52.295948,53.0716,51.66973,52.567516,95194420.0,4988302000.0
2023-07-31,51.527645,52.713898,51.238426,52.104107,78606690.0,4079374600.0
2023-08-01,51.00362,51.70437,50.015106,50.84854,89147270.0,4536964000.0
2023-08-02,50.420494,51.426147,49.96021,50.876255,68165180.0,3453982700.0
2023-08-03,50.936638,52.268745,50.152336,50.741592,88719416.0,4526893000.0
2023-08-04,50.88935,52.308483,50.58755,52.096172,77179910.0,3972480300.0
2023-08-07,51.4646,52.268745,50.79144,52.044685,79856700.0,4123989000.0
2023-08-08,51.874363,52.479393,50.579712,51.355515,84531340.0,4359471000.0
2023-08-09,51.74041,52.483376,50.756157,51.3674,70772080.0,3650908000.0
2023-08-10,50.692364,51.640774,50.25428,51.31591,66474068.0,3388571000.0
2023-08-11,50.97998,52.213104,50.564037,52.016968,83794024.0,4310659600.0
2023-08-14,51.653725,52.232975,50.689495,51.40304,67083470.0,3454450700.0
2023-08-15,50.70812,51.779884,50.136654,50.97528,85560120.0,4355009000.0
2023-08-16,51.14153,52.459534,50.693428,51.458504,113485784.0,5837509600.0
2023-08-17,50.63326,51.37051,49.552437,50.484146,103505070.0,5228050400.0
2023-08-18,50.10923,51.163826,49.623005,50.844566,85670744.0,4320817700.0
2023-08-21,50.63326,51.779884,50.3131,51.125793,74833930.0,3813762000.0
2023-08-22,51.29124,53.023907,50.920834,52.428886,94394330.0,4900596000.0
2023-08-23,52.776627,53.35776,50.803207,51.40304,96705016.0,5036896000.0
2023-08-24,51.03908,51.97066,49.89356,51.442657,90808520.0,4639088600.0
2023-08-25,51.736465,52.67812,51.0267,51.89022,69704960.0,3613008600.0
2023-08-28,52.102886,54.27985,51.85009,53.30026,146158750.0,7729352700.0
2023-08-29,53.103657,54.16459,52.56762,53.819126,96077630.0,5131866600.0
2023-08-30,53.588272,54.8482,53.24201,53.933983,101974800.0,5496759300.0
2023-08-31,54.159584,54.633583,52.87345,53.731987,73099390.0,3936377000.0
2023-09-01,53.363697,54.220234,52.767586,53.77556,65836172.0,3524326700.0
2023-09-05,53.592216,54.263947,52.410774,53.25669,63397910.0,3384237800.0
2023-09-06,52.63479,53.88637,52.12847,53.57355,63940124.0,3392394000.0
2023-09-07,53.15488,54.315628,52.873455,54.01717,79935070.0,4283743000.0
2023-09-08,53.797096,54.64153,53.242012,54.231045,70451770.0,3802839800.0
2023-09-11,53.686768,54.399075,53.006752,53.605232,62451250.0,3352036600.0
2023-09-12,53.225796,54.411007,52.598984,54.147873,70404610.0,3773399300.0
2023-09-13,54.214752,55.126427,53.418465,54.69843,83981980.0,4565640000.0
2023-09-14,54.364456,55.054874,53.51255,54.421154,132057130.0,7175755000.0
2023-09-15,53.824677,55.309246,53.563522,54.741985,74177030.0,4032253000.0
2023-09-18,54.143818,55.011158,53.567444,54.67465,69061630.0,3753449000.0
2023-09-19,54.403862,54.879997,52.39117,52.971516,101546260.0,5449138000.0
2023-09-20,51.787693,52.554916,50.99926,51.664463,106895090.0,5531989500.0
2023-09-21,51.519756,52.475418,50.81497,51.5892,89568024.0,4621695500.0
2023-09-22,51.153343,52.133614,50.564034,51.92983,68182490.0,3507661800.0
2023-09-25,51.1297,51.81168,49.881794,50.92379,87265480.0,4445018600.0
2023-09-26,50.656895,52.026295,50.411114,51.704056,77180590.0,3951614500.0
2023-09-27,51.157284,52.98019,50.88947,52.40513,76388630.0,3961363000.0
2023-09-28,52.512646,53.27827,51.112953,51.830807,104709624.0,5464132600.0
2023-09-29,51.697067,53.425327,51.43055,53.141827,75624856.0,3964534300.0
2023-10-02,52.77269,53.361736,51.693253,52.45265,78004760.0,4100716800.0
2023-10-03,52.31959,53.88241,51.9638,53.56564,90772550.0,4804850700.0
2023-10-04,53.21792,53.850605,52.32452,53.498302,67293496.0,3581550800.0
2023-10-05,52.800274,54.911804,52.544094,54.492462,93640720.0,5027304400.0
2023-10-06,53.954704,55.221813,53.17144,54.825165,65412036.0,3551434000.0
2023-10-09,54.56934,55.53182,53.84583,54.68257,94282024.0,5153209300.0
2023-10-10,54.60086,56.084274,54.33594,55.668808,87827380.0,4845653500.0
2023-10-11,55.574055,56.128002,54.21048,55.04301,84031190.0,4641789400.0
2023-10-12,54.916065,55.643105,53.567444,54.405315,79467510.0,4341547500.0
2023-10-13,54.43932,55.496048,54.104614,55.094498,96709090.0,5298073600.0
2023-10-16,54.620564,55.603355,53.787014,55.34006,79790880.0,4375552500.0
2023-10-17,54.94365,55.929276,53.86544,54.64297,79313120.0,4349954600.0
2023-10-18,54.56934,55.50797,53.865433,54.559784,88443896.0,4831303700.0
2023-10-19,54.10836,54.79653,52.963627,53.70822,89359010.0,4815931000.0
2023-10-20,53.206093,54.713074,52.520565,54.064693,89298610.0,4788736500.0
2023-10-23,54.305363,55.38874,53.881123,54.979633,152058270.0,8308268500.0
2023-10-24,50.495358,50.996906,49.0388,49.7514,286260830.0,14333257000.0
2023-10-25,48.568687,49.415054,47.548855,48.43246,193612580.0,9388518000.0
2023-10-26,48.41502,49.009647,47.133232,48.388885,151217490.0,7294231600.0
2023-10-27,48.545048,49.84033,48.12915,49.29591,98195930.0,4806947000.0
2023-10-30,49.273952,49.828407,48.105625,49.145405,89211736.0,4379256300.0
2023-10-31,48.88389,50.27355,48.50948,50.084106,102071830.0,5046202400.0
2023-11-01,50.5978,51.2632,49.76809,50.49603,92035800.0,4650687000.0
2023-11-02,50.440205,51.481804,50.13274,51.13372,89553750.0,4549072400.0
2023-11-03,50.846016,51.803726,50.45032,51.5892,64647244.0,3308149200.0
2023-11-06,51.50006,52.427727,50.92475,51.874374,100968760.0,5218240000.0
2023-11-07,51.602505,52.546967,51.277637,52.218964,89664720.0,4654632000.0
2023-11-08,51.992573,52.682102,50.99926,51.585247,80578060.0,4175136000.0
2023-11-09,51.25972,52.781456,50.74047,52.51602,91318850.0,4732546000.0
2023-11-10,51.921642,52.69799,51.461918,52.31798,62177424.0,3239436300.0
2023-11-13,52.871185,53.93406,52.27354,52.923977,109919360.0,5825801700.0
2023-11-14,53.1391,53.667763,52.371563,53.32005,80963880.0,4301175300.0
2023-11-15,53.26519,54.53819,52.665638,54.234997,95050900.0,5101952000.0
2023-11-16,53.58434,54.07715,52.402935,53.593357,126360140.0,6749457000.0
2023-11-17,52.674187,54.315617,52.391167,53.965668,94380090.0,5033919000.0
2023-11-20,53.6986,54.522297,53.308678,54.250854,76803260.0,4143160300.0
2023-11-21,54.16353,55.41259,53.90073,54.852894,60443892.0,3299175000.0
2023-11-22,54.384163,54.899876,53.320435,54.13995,42461956.0,2300848000.0
2023-11-24,53.59615,55.015125,53.324345,54.029037,79521816.0,4293475600.0
2023-11-27,53.615856,54.550117,53.09694,54.341946,63552296.0,3425546000.0
2023-11-28,54.202923,54.963463,52.869522,53.466614,81322504.0,4381301000.0
2023-11-29,53.21004,53.87446,51.473686,52.492264,132290210.0,6979977000.0
2023-11-30,51.953163,52.507217,51.234505,52.226887,106686090.0,5545590000.0
2023-12-01,51.173042,51.68052,50.148415,51.201046,124423730.0,6351926000.0
2023-12-04,50.806618,52.519142,50.28565,51.8823,92918680.0,4773551000.0
2023-12-05,51.78768,52.399902,50.924755,51.4981,79995820.0,4131993000.0
2023-12-06,53.20609,55.07077,52.81463,54.234997,192615040.0,10368780000.0
2023-12-07,52.87513,54.21228,52.55193,53.466614,109460936.0,5831694300.0
2023-12-08,52.158047,52.99608,51.505047,52.793274,105653576.0,5532350000.0
2023-12-11,51.93346,52.860943,51.46583,52.488297,98510480.0,5140979700.0
2023-12-12,52.55205,53.059673,51.58739,52.508102,102147850.0,5355285000.0
2023-12-13,52.55205,53.147114,50.850258,52.258575,131388010.0,6858716700.0
2023-12-14,51.858604,53.06365,51.43447,52.51999,172528020.0,9009271000.0
2023-12-15,52.25655,54.51037,51.924583,53.787437,109453816.0,5814158000.0
2023-12-18,53.91529,54.637547,53.355713,54.124092,86444700.0,4668719600.0
2023-12-19,54.75452,56.318768,54.13598,54.79347,166624430.0,9164458000.0
2023-12-20,54.959415,55.91736,54.571205,55.61733,93269850.0,5154681300.0
2023-12-21,55.463737,56.434044,55.17111,56.041134,90025730.0,5021411000.0
2023-12-22,55.786804,56.708267,55.3593,56.053,56936820.0,3187143400.0
2023-12-26,55.786816,56.46981,54.84959,55.59752,66601304.0,3708089900.0
2023-12-27,55.46767,56.0962,54.794693,55.542065,54444264.0,3020304100.0
2023-12-28,55.014565,55.786186,54.41436,55.328182,63562476.0,3504569600.0
2023-12-29,54.589043,55.424503,53.51255,54.72614,80453880.0,4389809700.0
2024-01-02,54.076836,55.496048,53.747807,55.023197,82153480.0,4484428000.0
2024-01-03,54.537823,55.30925,53.461586,54.021122,92080250.0,5002945000.0
2024-01-04,53.879837,54.514343,52.99107,53.75971,76391350.0,4108803600.0
2024-01-05,53.698597,55.249626,53.426292,54.991512,72625380.0,3946572300.0
2024-01-08,54.569344,56.23531,54.167343,55.82724,84011176.0,4637401000.0
2024-01-09,55.55436,56.83547,55.249527,56.354034,72341020.0,4050977800.0
2024-01-10,56.53542,57.7178,55.143654,56.27481,81463320.0,4595991600.0
2024-01-11,56.21233,56.914944,55.60632,56.50057,63740612.0,3589140700.0
2024-01-12,55.94835,57.372017,55.461243,56.437202,76922700.0,4331110000.0
2024-01-16,55.69225,56.374413,54.46141,56.0332,71148030.0,3958699300.0
2024-01-17,55.968056,57.31638,55.67298,56.82932,87359464.0,4931152400.0
2024-01-18,57.02792,58.20666,56.610073,57.977943,116287130.0,6681352700.0
2024-01-19,57.957767,58.97772,57.18252,57.823475,109258376.0,6335387600.0
2024-01-22,57.481026,58.496803,57.04922,58.23936,73412904.0,4244484900.0
2024-01-23,58.52513,59.558002,58.068657,58.89685,85619150.0,5031166500.0
2024-01-24,59.12795,60.82983,58.63325,60.152405,98905096.0,5903235600.0
2024-01-25,59.53377,60.62713,59.209625,60.279156,88611860.0,5308951000.0
2024-01-26,59.912006,61.11997,59.374302,60.801975,94274220.0,5684930000.0
2024-01-29,60.203583,61.056385,59.280212,59.99003,123276520.0,7412932000.0
2024-01-30,56.586628,57.232903,54.841736,55.49057,243996050.0,13673041000.0
2024-01-31,55.995632,56.859306,55.202465,55.91042,137305870.0,7688024000.0
2024-02-01,54.868782,56.68442,53.520397,56.39363,212065840.0,11741409000.0
2024-02-02,56.271442,57.817165,55.98273,56.908535,130651704.0,7413827000.0
2024-02-05,56.99246,57.77344,56.143486,57.07489,98834170.0,5633159000.0
2024-02-06,57.0358,57.87678,56.43363,57.64524,85535680.0,4896734700.0
2024-02-07,57.457386,58.158974,56.892384,57.791794,76560664.0,4407990300.0
2024-02-08,57.792274,59.39504,57.31583,59.015667,91034510.0,5314567700.0
2024-02-09,58.47784,59.355286,57.782413,58.433426,73168616.0,4281259800.0
2024-02-12,57.098846,58.29411,56.33954,57.486816,94455390.0,5412750000.0
2024-02-13,57.555874,58.234478,56.496353,57.80366,77037064.0,4431372000.0
2024-02-14,56.39752,57.042137,55.073082,56.548107,127548056.0,7176518000.0
2024-02-15,56.33841,56.910965,54.947598,55.65692,106776350.0,5975575600.0
2024-02-16,55.026386,56.469803,54.69275,55.89457,85317860.0,4736922000.0
2024-02-20,55.731644,56.712246,55.15933,56.460964,78798410.0,4413975600.0
2024-02-21,57.10277,57.630356,55.990566,57.07092,92264170.0,5254320000.0
2024-02-22,56.60634,57.503174,56.237583,57.01944,66143924.0,3759728600.0
2024-02-23,56.003517,56.612892,53.86936,54.488503,182010640.0,10054917000.0
2024-02-26,54.380215,55.34501,53.75172,55.00735,112308090.0,6134388000.0
2024-02-27,54.332947,54.852184,53.093025,54.01717,126658730.0,6848923000.0
2024-02-28,54.08866,55.190014,53.481186,54.84101,142960430.0,7777078300.0
2024-02-29,54.541763,55.19399,53.685078,54.318184,105698010.0,5753645000.0
2024-03-01,53.450382,53.918175,51.720707,52.81705,190010140.0,10066087000.0
2024-03-04,51.96105,52.95634,51.234505,52.54771,136383970.0,7115820000.0
2024-03-05,52.449604,53.09147,51.305084,52.044685,119838664.0,6258300000.0
2024-03-06,52.319576,53.631992,51.60306,53.224995,128048570.0,6747507000.0
2024-03-07,52.87907,54.88397,52.540165,53.632965,133586730.0,7144758300.0
2024-03-08,53.63556,55.285404,53.375324,54.528103,110063890.0,5966134000.0
2024-03-11,53.990158,55.396687,53.728203,54.856846,93524690.0,5096438300.0
2024-03-12,54.76635,56.076332,54.49671,55.36779,79218790.0,4371039000.0
2024-03-13,55.629208,57.06995,55.07308,56.67881,145065500.0,8140026400.0
2024-03-14,56.14535,56.906998,54.904476,55.918335,167873740.0,9395690000.0
2024-03-15,58.552704,60.472126,57.704002,58.49284,235050860.0,13822264000.0
2024-03-18,58.37541,59.136696,57.276627,58.235397,81672670.0,4757926000.0
2024-03-19,58.31237,59.164524,57.53541,58.912697,72311510.0,4228867800.0
2024-03-20,58.891552,59.764668,57.59814,58.461166,83997610.0,4928886000.0
2024-03-21,58.753654,60.245594,58.413696,59.716736,99117816.0,5875944000.0
2024-03-22,59.076733,59.768646,57.95887,59.439476,65246456.0,3853516800.0
2024-03-25,59.18704,60.51584,58.805767,59.67711,75153576.0,4475128000.0
2024-03-26,59.565292,60.269432,58.38232,59.756336,77630840.0,4618518000.0
2024-03-27,59.43528,60.18597,58.880283,59.7801,83080790.0,4949157000.0
2024-03-28,59.37224,61.898987,59.052803,61.586227,107664980.0,6511315500.0
2024-04-01,60.479374,61.485622,59.65661,61.217857,83422150.0,5064548000.0
2024-04-02,60.518776,61.636654,59.88402,61.360447,83825930.0,5100805000.0
2024-04-03,60.47938,61.513454,58.990063,59.62167,117823510.0,7087218700.0
2024-04-04,59.112186,60.97689,58.656784,60.40194,79598830.0,4758971400.0
2024-04-05,60.195705,61.71219,59.836987,61.33274,70243430.0,4268651800.0
2024-04-08,61.499847,63.01979,60.848576,62.02587,105455070.0,6522240000.0
2024-04-09,61.547127,62.24476,60.6486,61.843666,77493090.0,4771330000.0
2024-04-10,61.822933,63.464935,61.346535,63.13885,92177630.0,5755877000.0
2024-04-11,62.236626,63.67955,61.613144,62.473423,86027016.0,5376747500.0
2024-04-12,62.591236,63.290062,60.61332,61.336693,92076180.0,5704840000.0
2024-04-15,60.751236,61.8632,60.158485,61.154484,70506410.0,4299611000.0
2024-04-16,61.314663,62.431564,60.609398,61.578297,73843830.0,4540176000.0
2024-04-17,61.204353,62.37593,60.625088,61.792187,67464504.0,4149025800.0
2024-04-18,61.543182,62.145397,59.71543,61.031708,110667176.0,6762753000.0
2024-04-19,60.798523,62.654137,60.40551,61.89912,89733940.0,5513192400.0
2024-04-22,61.842644,63.18276,61.275967,62.683365,71768950.0,4467343400.0
2024-04-23,62.05145,63.42122,61.624912,63.027943,77291200.0,4833125400.0
2024-04-24,59.624393,62.197067,59.154736,61.788216,193777500.0,11760570000.0
2024-04-25,68.70221,69.43862,66.5182,68.10567,219414200.0,14962114000.0
2024-04-26,66.610054,67.38777,64.77733,65.80841,154758160.0,10236616000.0
2024-04-29,65.25075,66.81147,63.753967,64.473625,113881440.0,7410545000.0
2024-04-30,64.734604,66.42197,63.946087,64.90139,113644940.0,7387036700.0
2024-05-01,64.927666,66.26696,64.259766,65.99457,82433064.0,5388010000.0
2024-05-02,66.01905,66.75583,63.930405,66.240135,117612130.0,7731392000.0
2024-05-03,65.97966,66.82737,65.09884,66.58077,74210960.0,4906952000.0
2024-05-06,66.38942,68.26614,66.02417,67.828415,95140800.0,6386520000.0
2024-05-07,66.58641,67.626236,66.1614,67.087746,66399428.0,4439827500.0
2024-05-08,66.74008,67.84087,65.94183,67.317474,52072504.0,3486778400.0
2024-05-09,66.20423,67.50701,65.16157,66.79861,101113304.0,6715729000.0
2024-05-10,64.71884,67.28046,64.30289,66.99268,106296904.0,6996857300.0
2024-05-13,66.8898,68.06344,66.18493,67.46798,85258136.0,5725215000.0
2024-05-14,67.22864,68.61986,66.85539,68.32746,91437950.0,6195638000.0
2024-05-15,68.276695,69.60158,67.710175,68.98893,94557864.0,6490862000.0
2024-05-16,68.62735,70.05865,68.10226,69.73355,83060104.0,5741982700.0
2024-05-17,69.4193,71.05227,69.03935,70.07417,76528776.0,5349076000.0
2024-05-20,69.699036,70.80585,68.93349,70.44253,57646308.0,4033525000.0
2024-05-21,69.596596,70.4084,68.698235,69.8603,60668180.0,4224985600.0
2024-05-22,69.766014,70.84559,67.812096,68.73939,71339070.0,4943139300.0
2024-05-23,68.94255,69.859924,68.08657,69.30975,56255148.0,3884401000.0
2024-05-24,68.733734,70.4561,68.36887,69.86822,69803016.0,4841309000.0
2024-05-28,69.11986,70.285194,68.50611,69.67018,79359610.0,5507187000.0
2024-05-29,69.02923,69.64132,67.35728,68.16904,77808300.0,5333698600.0
2024-05-30,67.713264,68.78282,66.43587,68.32351,127711620.0,8660618000.0
2024-05-31,67.981186,69.36708,67.11027,68.58889,93170776.0,6360010000.0
2024-06-03,68.27275,69.09682,67.39649,68.83445,91204500.0,6238399000.0
2024-06-04,69.02923,70.20967,68.19635,69.4761,74880080.0,5183786000.0
2024-06-05,69.30504,70.4084,68.909966,69.998924,78892380.0,5495295500.0
2024-06-06,69.75814,70.694565,68.34143,69.09982,66712610.0,4634757600.0
2024-06-07,69.01773,70.45339,67.815346,69.39722,80414184.0,5562323000.0
2024-06-10,69.5108,70.36586,68.21182,70.035645,73005080.0,5076119000.0
2024-06-11,70.31154,71.78638,69.130356,70.49957,94438640.0,6651498500.0
2024-06-12,69.46741,70.326065,68.64754,69.456696,70879060.0,4924282000.0
2024-06-13,68.72189,70.4534,68.360985,70.10305,61220884.0,4249331500.0
2024-06-14,69.21101,70.970665,68.620056,70.28149,66490736.0,4639112000.0
2024-06-17,69.873695,70.584694,68.341354,69.42894,74121150.0,5155657700.0
2024-06-18,69.175514,70.544914,68.69072,69.90875,68326310.0,4754142700.0
2024-06-20,69.818474,71.961464,69.32663,71.2292,195755970.0,13817227000.0
2024-06-21,71.06495,71.97737,70.13526,71.06662,62015316.0,4406873600.0
2024-06-24,70.851944,73.33026,70.42967,72.973946,78392536.0,5636145000.0
2024-06-25,72.03926,73.4178,71.63085,72.914474,67238040.0,4874798000.0
2024-06-26,72.65066,74.03058,72.23537,73.52117,63882412.0,4670407700.0
2024-06-27,72.70589,73.66451,71.426735,72.22847,98817110.0,7164872000.0
2024-06-28,72.197044,73.16713,71.167656,72.56156,54247636.0,3920658200.0
2024-07-01,71.81047,73.839584,71.26971,73.45375,58878624.0,4274198500.0
2024-07-02,72.91495,74.04649,72.22751,73.68375,34712376.0,2541576700.0
2024-07-03,73.31334,75.94451,72.93408,75.57917,71062744.0,5290107400.0
2024-07-05,74.90694,75.66995,73.71131,74.95661,71294560.0,5333632000.0
2024-07-08,75.068665,76.14346,74.08031,74.93679,51249224.0,3846628600.0
2024-07-09,74.61109,76.298645,74.20199,75.80915,54065980.0,4067395300.0
2024-07-10,74.88722,75.94451,72.65145,73.58461,86850584.0,6450128400.0
2024-07-11,73.00567,74.452354,72.41985,73.386345,77606920.0,5689833500.0
2024-07-12,72.942566,74.902,72.58865,73.96529,55833430.0,4109319700.0
2024-07-15,73.90502,75.077065,71.9802,72.93033,61990576.0,4554643000.0
2024-07-16,72.17337,73.03581,70.618095,71.78039,70271704.0,5052670000.0
2024-07-17,71.763145,72.61802,69.27169,70.45994,85799580.0,6094190000.0
2024-07-18,70.56005,71.73863,69.530754,70.44804,63994256.0,4516034000.0
2024-07-19,71.234566,72.697586,70.74763,72.038124,81680380.0,5854807000.0
2024-07-22,71.81048,73.05969,71.261856,72.08572,123206030.0,8877541000.0
2024-07-23,68.477325,70.10721,67.44636,68.45347,168053460.0,11532010000.0
2024-07-24,68.051315,69.00501,65.6289,66.33202,152011740.0,10223446000.0
2024-07-25,65.93309,66.88416,64.40024,66.220985,140098430.0,9226830000.0
2024-07-26,66.59579,67.81527,65.94293,67.22422,68779450.0,4600971000.0
2024-07-29,67.15196,68.1336,66.119576,67.52559,64257936.0,4320233500.0
2024-07-30,68.33533,69.33527,66.735855,68.02125,87200696.0,5938971000.0
2024-07-31,67.1559,69.25569,66.29229,67.71195,83141464.0,5620692000.0
2024-08-01,65.65304,67.05129,64.639694,66.086174,98727304.0,6501938700.0
2024-08-02,61.337704,65.42783,60.81635,63.14787,181764370.0,11393434000.0
2024-08-05,62.848465,63.89192,61.397312,62.767193,166085660.0,10417926000.0
2024-08-06,63.605816,64.85087,62.205944,63.02494,85199370.0,5403505000.0
2024-08-07,63.31392,65.133385,62.88897,64.25023,86691290.0,5539281000.0
2024-08-08,63.116684,65.173164,62.437534,64.900536,96938504.0,6195047400.0
2024-08-09,64.82863,65.614845,63.5288,64.35332,53872120.0,3479137300.0
2024-08-12,64.45783,65.547195,63.97237,65.09483,62875150.0,4072301600.0
2024-08-13,64.05944,64.946365,61.907616,63.59198,137570750.0,8753125000.0
2024-08-14,63.309975,64.31767,62.65344,63.96076,106841700.0,6790907400.0
2024-08-15,63.692596,65.67851,63.250103,64.619,82047430.0,5276475400.0
2024-08-16,65.195465,66.327095,64.478745,66.09013,75972664.0,4977946000.0
2024-08-19,65.83449,67.10303,65.483665,66.29237,62162736.0,4113830000.0
2024-08-20,65.14418,66.39076,64.639694,65.764984,77619130.0,5082881500.0
2024-08-21,65.97648,66.68521,64.105835,64.95209,76233970.0,4987981000.0
2024-08-22,64.97457,66.12416,64.30996,65.673775,47298456.0,3087199200.0
2024-08-23,65.629364,66.6693,64.55726,65.8879,48093900.0,3159094000.0
2024-08-26,65.41636,66.22762,64.55727,65.30103,40066612.0,2619377700.0
2024-08-27,65.1008,65.89339,63.407116,64.575386,55607720.0,3600275700.0
2024-08-28,64.81284,66.04061,62.904667,64.15109,66766270.0,4304909300.0
2024-08-29,64.146225,65.12145,63.469933,64.78555,74981650.0,4827377700.0
2024-08-30,63.791203,64.40123,61.424778,62.39841,131992856.0,8316065000.0
2024-09-03,61.795273,63.2672,61.220673,62.037575,65593612.0,4072063000.0
2024-09-04,61.653263,63.446255,61.22851,62.350834,63339468.0,3937796600.0
2024-09-05,62.047726,62.80165,59.097023,59.84475,128491120.0,7831250000.0
2024-09-06,60.238102,61.119907,57.86654,59.046654,132884780.0,7915654700.0
2024-09-09,59.42445,60.271248,58.30677,59.026802,105327620.0,6241432000.0
2024-09-10,59.215115,60.36289,57.984463,60.01945,100213010.0,5952199700.0
2024-09-11,60.74763,61.685696,60.000866,61.42107,100259710.0,6112214500.0
2024-09-12,61.391438,63.10412,61.007107,62.52092,100157160.0,6210334700.0
2024-09-13,62.134,63.052322,61.553463,62.759155,62210000.0,3880332300.0
2024-09-16,62.80942,63.96873,62.25312,63.25946,70115960.0,4422402000.0
2024-09-17,63.141197,63.9488,62.33959,63.45401,80140420.0,5066549000.0
2024-09-18,64.66187,65.25965,63.416576,64.379166,89991224.0,5798073300.0
2024-09-19,64.57892,65.23575,63.69958,64.954895,138421800.0,8944440000.0
2024-09-20,64.91466,65.937,63.546288,64.26402,81743400.0,5285977600.0
2024-09-23,64.39328,65.03255,63.161087,64.43871,78972020.0,5074458000.0
2024-09-24,63.77711,64.86919,63.400852,64.12107,63866468.0,4090139600.0
2024-09-25,64.63421,65.37519,63.78604,64.61341,68774620.0,4442992600.0
2024-09-26,64.30639,66.02067,63.92363,65.09784,71421440.0,4630761000.0
2024-09-27,64.50781,66.19994,64.17124,65.85224,69094820.0,4503794000.0
2024-09-30,66.23388,67.399254,64.690094,66.3049,95915790.0,6345504000.0
2024-10-01,65.732254,66.74582,64.749054,65.856224,60112836.0,3953671400.0
2024-10-02,64.938354,66.395195,64.43068,65.856224,51017828.0,3336827000.0
2024-10-03,66.38002,67.0287,65.043846,66.33269,64469620.0,4267651600.0
2024-10-04,66.24573,67.12831,63.97079,64.712685,76030720.0,4981105700.0
2024-10-07,64.752716,65.634186,64.01796,65.26858,78094024.0,5069736000.0
2024-10-08,64.559166,65.67801,62.787678,64.26798,105540850.0,6788726300.0
2024-10-09,63.540123,64.97278,63.047092,64.35533,47873452.0,3062887700.0
2024-10-10,64.0378,65.30348,63.37727,64.815926,51935760.0,3343812400.0
2024-10-11,64.63422,66.231834,64.22628,65.49887,64363676.0,4193152300.0
2024-10-14,65.48341,66.80956,64.70975,65.697395,68530580.0,4500747300.0
2024-10-15,64.98575,66.06051,64.359924,65.578285,55529290.0,3623070500.0
2024-10-16,65.45971,66.287605,63.974712,64.692825,72613200.0,4727389000.0
2024-10-17,64.45648,65.62623,64.10051,64.887405,66873760.0,4331257000.0
2024-10-18,64.36168,65.54254,63.919693,65.145485,70897490.0,4590070000.0
2024-10-21,64.37353,66.04855,64.061195,65.570335,56077948.0,3645818400.0
2024-10-22,65.07659,66.06848,63.64848,64.63328,61873896.0,4012937500.0
2024-10-23,64.314285,65.07638,63.28686,64.60946,75859450.0,4879412000.0
2024-10-24,64.646065,65.97683,64.23414,65.621956,67114760.0,4370496000.0
2024-10-25,66.65255,67.235886,64.44247,66.19769,108779330.0,7193811000.0
2024-10-28,66.24968,67.885345,65.67668,67.372986,142729150.0,9533762000.0
2024-10-29,71.36464,72.523125,68.41632,69.27093,233174270.0,16414012000.0
2024-10-30,68.382545,70.451256,67.21354,67.940765,151529390.0,10379312000.0
2024-10-31,67.173935,68.65831,66.380264,68.01225,107621416.0,7270492700.0
2024-11-01,67.11862,68.02479,66.03829,67.19828,72746216.0,4880907000.0
2024-11-04,66.921135,67.94511,66.36454,67.39681,61743920.0,4146530000.0
2024-11-05,68.64719,70.49907,68.1962,70.08489,114048960.0,7910075000.0
2024-11-06,70.07307,72.1486,69.64661,71.76843,85811810.0,6084845000.0
2024-11-07,71.35278,72.076866,69.99642,70.81548,74484260.0,5292880400.0
2024-11-08,70.53519,71.93742,70.14972,71.60961,59064264.0,4196987400.0
2024-11-11,71.02496,72.71039,70.51134,72.11387,85073944.0,6090455600.0
2024-11-12,71.27775,72.100784,70.17724,71.02593,78470744.0,5582834700.0
2024-11-13,70.416695,71.24813,68.51852,69.71564,104950900.0,7343912400.0
2024-11-14,68.61955,69.38346,67.30003,68.48873,110018110.0,7530513400.0
2024-11-15,68.4971,69.90143,67.960365,69.60446,68151820.0,4701851000.0
2024-11-18,68.61559,71.26805,68.21979,70.72417,79319960.0,5529148000.0
2024-11-19,70.04541,70.79391,68.30626,69.87445,64299372.0,4485203000.0
2024-11-20,68.68669,69.37948,64.3442,66.55902,202182660.0,13595236000.0
2024-11-21,65.50712,66.32348,64.42281,65.41946,130664750.0,8547855400.0
2024-11-22,65.60191,67.18808,65.09495,66.566956,112152850.0,7414758400.0
2024-11-25,66.210175,67.66222,65.86928,67.15063,69341210.0,4626659000.0
2024-11-26,66.75129,67.52674,66.04222,67.1943,65211212.0,4361237000.0
2024-11-27,66.5538,67.50682,65.70419,67.08313,48256260.0,3219271200.0
2024-11-29,66.66045,68.562675,66.258415,68.09166,80518824.0,5426429000.0
2024-12-02,67.734795,68.801735,67.154594,68.032104,75305040.0,5115532300.0
2024-12-03,67.600494,69.69025,67.23713,69.23518,107007440.0,7323671000.0
2024-12-04,69.26336,70.148445,67.73632,68.54828,72284200.0,4982123500.0
2024-12-05,67.94808,69.75799,67.55159,69.3702,72643650.0,4987492400.0
2024-12-06,68.78914,70.308624,68.33339,69.71205,85837650.0,5947330000.0
2024-12-09,72.30452,74.337425,71.24538,73.60769,185312850.0,13504442000.0
2024-12-10,73.277275,78.027176,72.74073,77.67426,229537680.0,17313995000.0
2024-12-11,77.109,77.855644,75.44022,76.306816,117711680.0,9025887000.0
2024-12-12,75.531235,76.87837,74.625656,75.45614,85005624.0,6428367400.0
2024-12-13,76.26673,79.37942,75.79832,78.17513,151916770.0,11759102000.0
2024-12-16,77.99872,80.344734,76.727005,77.68221,147079150.0,11499849000.0
2024-12-17,77.196,78.581635,73.87798,74.89166,115509400.0,8794519000.0
2024-12-18,75.77639,76.998024,74.12982,74.93538,109082824.0,8231379000.0
2024-12-19,73.46313,76.94219,72.88633,76.08818,214556590.0,16058479000.0
2024-12-20,76.16788,77.823746,74.82634,77.36818,86802536.0,6644434000.0
2024-12-23,77.04573,78.226616,76.25479,77.9565,35171676.0,2721264600.0
2024-12-24,77.168304,78.48191,76.4909,77.75376,40727380.0,3155301400.0
2024-12-26,77.089226,77.9115,75.023094,76.624825,63868410.0,4896290300.0
2024-12-27,75.052765,76.80657,74.42103,76.02061,48226370.0,3644719400.0
2024-12-30,75.55891,76.57122,74.18098,75.24943,59052430.0,4451970600.0
2024-12-31,75.38888,76.58718,73.78354,75.30111,68869990.0,5183512000.0
2025-01-02,75.673584,77.06984,74.759445,76.239235,62870388.0,4774096000.0
2025-01-03,76.705666,79.06829,76.28234,78.25861,99949180.0,7753931000.0
2025-01-06,77.94336,80.1772,76.57748,77.710045,89548430.0,6993913300.0
2025-01-07,76.14811,78.29842,75.70388,77.09787,84063390.0,6457083400.0
2025-01-08,76.8322,78.39017,74.889305,76.338615,90150220.0,6906640400.0
2025-01-10,75.15952,76.26008,73.72843,75.92917,73781990.0,5553519000.0
2025-01-13,75.62218,76.57919,74.10227,75.39253,58065236.0,4379515000.0
2025-01-14,76.35372,78.32634,75.499245,77.73389,73620720.0,5667197400.0
2025-01-15,76.76893,77.97531,75.87308,76.68445,60230650.0,4627246000.0
2025-01-16,77.714005,78.67338,76.24298,77.912766,93767360.0,7279703000.0
2025-01-17,78.71841,80.691765,77.86425,78.72768,101327550.0,8004929000.0
2025-01-21,78.71445,79.96978,77.73046,78.85488,88579490.0,6981605000.0
2025-01-22,78.350655,79.89798,76.813576,78.699844,91117816.0,7147327500.0
2025-01-23,78.33484,80.13731,77.91541,79.58631,80725510.0,6376787500.0
2025-01-24,76.08483,78.53377,75.05457,76.247185,141077870.0,10789648000.0
2025-01-27,76.219284,77.97532,75.034904,77.634514,81673490.0,6265664000.0
2025-01-28,77.33043,78.497856,76.11705,77.67823,61592784.0,4767644000.0
2025-01-29,78.295296,80.33676,77.78555,79.84867,82338830.0,6510249000.0
2025-01-30,79.87701,81.964226,79.41075,81.10083,108189944.0,8718834000.0
2025-01-31,79.35899,81.27415,78.74178,79.99176,94116270.0,7514401000.0
2025-02-03,80.42667,82.5905,79.808205,82.03897,148270560.0,12041954000.0
2025-02-04,75.554955,76.886345,73.992096,76.05638,237921440.0,17992200000.0
2025-02-05,74.93413,76.62707,74.26362,76.16371,99049220.0,7477931500.0
2025-02-06,75.54705,76.260086,72.10718,73.67527,166725100.0,12403913000.0
2025-02-07,74.083954,75.07139,73.138176,74.124466,78115860.0,5788736000.0
2025-02-10,73.16656,74.56879,72.516426,73.66733,71806910.0,5276355600.0
2025-02-11,72.45083,73.83881,71.55232,72.98757,74623470.0,5425677300.0
2025-02-12,72.8858,74.30551,72.06782,73.99328,72357980.0,5304788500.0
2025-02-13,73.17841,74.35338,72.532166,73.63154,69132350.0,5075965000.0
2025-02-14,73.39196,74.17788,71.51691,73.05118,101142950.0,7386923500.0
2025-02-18,72.78695,73.97843,72.2449,73.647446,66092988.0,4835655700.0
2025-02-19,73.07561,73.91859,71.90254,73.365204,69109016.0,5049484300.0
2025-02-20,73.21401,73.930565,70.47017,71.4174,119002120.0,8598859000.0
2025-02-21,71.96445,73.04502,70.39539,71.25441,100931656.0,7233247700.0
2025-02-24,70.40249,71.297874,68.742645,69.73193,141701630.0,9925311000.0
2025-02-25,69.228065,70.236824,67.51882,68.66262,119786820.0,8254699000.0
2025-02-26,68.801,69.63051,66.08644,66.98114,135202340.0,9176828000.0
2025-02-27,66.70126,68.05489,65.62603,67.68871,162720850.0,10905182000.0
2025-02-28,67.986404,69.15582,65.29547,66.38883,137837700.0,9263608000.0
2025-03-03,65.73641,69.12391,65.244316,67.943115,153448620.0,10282890000.0
2025-03-04,67.428856,69.319374,66.52717,68.7779,104652920.0,7117793000.0
2025-03-05,67.43281,69.73023,67.09383,68.511566,95683944.0,6524890000.0
2025-03-06,67.72147,69.79405,67.00332,69.11181,92586440.0,6333623000.0
2025-03-07,66.61181,67.27466,64.48819,66.011604,147247660.0,9732565000.0
2025-03-10,65.28559,66.59177,63.57419,65.28332,133683890.0,8714013000.0
2025-03-11,65.946724,66.9472,64.42516,66.5051,95811610.0,6319355000.0
2025-03-12,65.73293,66.34417,63.865726,64.77391,107238470.0,6989716000.0
2025-03-13,64.63634,66.48794,63.999672,65.860374,108047930.0,7049703400.0
2025-03-14,65.3331,66.41206,64.480316,65.38281,105307190.0,6887308300.0
2025-03-17,64.79865,65.59339,61.742256,63.942154,142083650.0,9096070000.0
2025-03-18,64.03855,66.24034,63.42843,65.223625,115746296.0,7492575000.0
2025-03-19,63.963333,65.848976,63.41267,64.78983,95021750.0,6129255400.0
2025-03-20,63.820812,65.5894,63.385086,65.26342,123682770.0,7979354000.0
2025-03-21,66.14071,67.21876,65.05945,66.73194,104276560.0,6912254500.0
2025-03-24,66.89685,68.14126,66.31226,67.878105,81635250.0,5494633500.0
2025-03-25,66.90477,67.73392,64.94125,65.689255,97598680.0,6472481000.0
2025-03-26,65.17474,66.06063,63.82239,64.56697,82762820.0,5371819000.0
2025-03-27,63.53577,64.62296,60.5249,61.419006,164352830.0,10276269000.0
2025-03-28,60.614132,62.115044,59.354824,61.54238,184392210.0,11230702000.0
2025-03-31,60.816036,63.13739,60.52096,62.50946,103580230.0,6395661300.0
2025-04-01,61.421738,63.261185,60.946445,62.497513,84564070.0,5245654500.0
2025-04-02,59.822357,61.012833,59.24845,59.98233,158321970.0,9501929000.0
2025-04-03,58.595116,60.329952,57.274693,57.94472,210245970.0,12306983000.0
2025-04-04,56.03769,61.040794,55.363956,58.402386,259328300.0,14966150000.0
2025-04-07,59.86591,60.79719,56.34887,57.58654,176276430.0,10338547000.0
2025-04-08,57.173885,63.716446,56.695564,63.162136,237756800.0,14309872000.0
2025-04-09,61.972015,62.98563,59.067223,60.818073,162166940.0,9926358000.0
2025-04-10,60.53099,62.965656,60.205788,62.537308,113587100.0,6992414700.0
2025-04-11,63.341785,64.58303,62.07318,63.305397,102432424.0,6486620700.0
2025-04-14,62.99737,63.75638,61.147373,62.206997,93039490.0,5817483000.0
2025-04-15,60.61018,62.25482,59.689697,61.021046,95186870.0,5796303400.0
2025-04-16,61.081276,61.7716,58.50386,60.15744,111596056.0,6738007600.0
2025-04-17,58.939537,59.483322,57.558346,58.768517,87965990.0,5162498000.0
2025-04-21,58.943497,60.777225,58.51962,60.28082,91081870.0,5431238700.0
2025-04-22,61.60385,62.909756,60.595814,61.824947,105119780.0,6489421300.0
2025-04-23,61.817627,63.732418,61.375866,63.388973,154980820.0,9698502000.0
2025-04-24,65.34893,66.33219,63.444176,64.455536,189222910.0,12279661000.0
2025-04-25,64.30379,65.1541,62.48291,63.918274,100449490.0,6425228300.0
2025-04-28,63.468475,64.19167,62.05743,63.739193,90532120.0,5736494600.0
2025-04-29,62.542095,63.604626,61.222218,63.197945,118128730.0,7399787000.0
2025-04-30,63.519936,64.67488,62.60504,64.19288,101994100.0,6501938000.0
2025-05-01,64.691765,65.88093,63.77118,65.27934,86837750.0,5636274000.0
2025-05-02,64.52944,66.048645,64.10604,65.350975,72069770.0,4685167600.0
2025-05-05,64.20087,65.81304,63.503284,64.96096,71851620.0,4643018000.0
2025-05-06,64.95701,65.89291,58.243843,60.245,430525120.0,26836648000.0
2025-05-07,61.36236,62.27079,60.237305,61.399113,194169090.0,11905942000.0
2025-05-08,61.033775,61.91937,59.961536,60.790222,109531730.0,6673355000.0
2025-05-09,62.348118,63.53674,61.557095,63.06264,149053630.0,9334655000.0
2025-05-12,62.862766,64.12379,61.521637,63.48847,143121380.0,9016527000.0
2025-05-13,63.325954,66.691605,62.880814,65.812614,164645260.0,10648885000.0
2025-05-14,65.65376,66.37612,63.96816,65.25149,111934090.0,7310681600.0
2025-05-15,66.401985,67.63008,65.24854,66.138954,144690990.0,9600954000.0
2025-05-16,65.127235,66.54784,64.69699,66.278244,102746820.0,6746621400.0
2025-05-19,65.88733,67.290634,64.176956,65.25944,157390940.0,10333280000.0
2025-05-20,64.80261,69.14362,64.43698,67.08215,247920690.0,16453589000.0
2025-05-21,68.033035,70.59326,67.25383,68.001465,252811860.0,17310128000.0
2025-05-22,66.92852,67.87369,66.142845,67.04633,118906430.0,7966475300.0
2025-05-23,67.364,69.15561,66.97412,68.80935,128308820.0,8734721000.0
2025-05-27,68.55165,69.99424,67.72659,68.594444,117463140.0,8071683000.0
2025-05-28,68.88419,69.65479,67.22231,68.39546,99002470.0,6785549000.0
2025-05-29,67.8351,68.772224,65.96556,68.3477,177761280.0,12039798000.0
2025-05-30,66.44553,67.837746,65.94587,67.2692,130391030.0,8719846000.0
2025-06-02,66.30698,67.282646,65.11459,66.13497,152248560.0,10080347000.0
2025-06-03,66.01006,67.17882,65.540085,66.87919,90842120.0,6032102000.0
2025-06-04,67.43525,68.261055,66.02466,66.94286,122849670.0,8251315700.0
2025-06-05,67.62924,69.686745,67.30111,69.11977,120663784.0,8257532000.0
2025-06-06,69.181625,70.55878,68.77891,70.16372,97596360.0,6799613000.0
2025-06-09,69.83959,72.41401,68.99191,71.16384,208327580.0,14708415000.0
2025-06-10,71.254616,72.118126,69.71768,70.66577,106739816.0,7572021000.0
2025-06-11,69.831665,70.65874,68.9288,70.00832,70633816.0,4934258000.0
2025-06-12,68.34926,70.82267,67.99791,69.597916,93303400.0,6455843300.0
2025-06-13,69.256935,70.746704,68.88935,70.43467,92379576.0,6451042300.0
2025-06-16,69.6414,70.91463,68.86174,70.10793,84230104.0,5886119400.0
2025-06-17,69.76428,70.594765,68.31741,69.060005,96826000.0,6723027500.0
2025-06-18,68.94777,69.70713,65.26443,66.39833,255189250.0,17245542000.0
2025-06-20,65.90369,66.90829,63.89966,65.82058,194515440.0,12766643000.0
2025-06-23,66.16132,67.26015,65.52871,66.450134,136682260.0,9068879000.0
2025-06-24,66.44275,68.91546,66.08881,68.00809,119665224.0,8061101600.0
2025-06-25,68.34529,69.447235,67.031525,69.14766,107245400.0,7345551400.0
2025-06-26,68.785255,71.44241,67.73758,71.13595,364740320.0,25449865000.0
2025-06-27,71.654945,72.46199,68.86174,70.219505,213767310.0,15134629000.0
2025-06-30,69.657265,70.40684,68.44757,70.0641,121100380.0,8433908000.0
2025-07-01,69.57799,71.51438,69.055016,71.17977,98247320.0,6909910500.0
2025-07-02,70.75123,71.83824,69.83601,71.5344,73156040.0,5193345500.0
2025-07-03,70.9732,71.69031,69.29562,70.442635,115269064.0,8138047000.0
2025-07-07,70.4936,71.15053,68.163574,69.474396,136406370.0,9523964000.0
2025-07-08,69.46304,71.746284,68.147804,70.3749,145118770.0,10148592000.0
2025-07-09,69.61366,71.34245,68.78285,70.77335,98663864.0,6919107600.0
2025-07-10,70.07345,72.541954,69.61118,71.797386,115630970.0,8210492000.0
2025-07-11,71.7461,73.437584,70.87339,72.34326,109740980.0,7912333300.0
2025-07-14,72.459564,73.65749,71.63073,72.518585,112815990.0,8186672600.0
2025-07-15,72.63001,73.70148,71.80034,72.90508,111655390.0,8123960000.0
2025-07-16,72.194,73.59351,71.18894,73.14813,107906140.0,7826556000.0
2025-07-17,73.486145,74.537125,72.463,73.73785,114725704.0,8438767000.0
2025-07-18,73.82306,76.08448,73.42543,75.746056,154486850.0,11550943000.0
2025-07-21,75.903984,76.62826,73.94216,76.240135,150632020.0,11399626000.0
2025-07-22,75.903984,76.98012,74.6206,75.79786,197925060.0,15007793000.0
2025-07-23,78.09589,79.14722,75.338486,76.570854,252564510.0,19520233000.0
2025-07-24,76.09424,77.69982,75.44104,76.9733,134191740.0,10272659000.0
2025-07-25,76.756165,77.58787,75.27537,76.73422,128638696.0,9852232000.0
2025-07-28,76.2726,78.335556,75.76448,77.99732,139599440.0,10762069000.0
2025-07-29,77.52908,79.00728,76.793976,78.30811,109433370.0,8525911600.0
2025-07-30,77.572685,78.36355,75.37398,76.46327,173125540.0,13320863000.0
2025-07-31,74.92496,76.3004,74.08416,75.35956,117483680.0,8830927000.0
2025-08-01,75.42438,78.07567,74.99137,77.71442,106404550.0,8145424000.0
2025-08-04,77.17632,79.11124,76.478424,77.56699,106589710.0,8269575700.0
2025-08-05,77.09308,78.61944,76.39164,78.13279,72728360.0,5640755700.0
2025-08-06,78.10777,78.983284,76.65198,78.30413,88779400.0,6925840400.0
2025-08-07,78.17119,81.010445,77.77219,80.25655,132086760.0,10474823000.0
2025-08-08,79.645676,80.55863,78.52164,80.0892,87128730.0,6944490000.0
2025-08-11,79.81611,81.766136,79.121185,81.02158,102527460.0,8246412000.0
2025-08-12,80.91008,81.77813,77.9063,80.471725,95596260.0,7673182000.0
2025-08-13,79.86764,81.74214,79.37363,80.862206,85098280.0,6847127000.0
2025-08-14,80.799095,82.54182,79.39335,81.24471,117818264.0,9542660000.0
2025-08-15,80.93783,82.07401,79.87063,81.08534,62487384.0,5060975600.0
2025-08-18,80.474075,81.34231,78.87269,80.31632,81758480.0,6561228000.0
2025-08-19,79.56243,80.47867,77.54736,79.4198,97662470.0,7739952600.0
2025-08-20,79.173996,80.958466,78.66363,79.59113,66696700.0,5308844000.0
2025-08-21,80.35516,83.38146,79.40124,82.11733,144448910.0,11745691000.0
2025-08-22,81.82171,84.173134,80.971115,83.073616,100945600.0,8329010700.0
2025-08-25,82.24979,83.10558,81.13678,82.535706,96005060.0,7897084400.0
2025-08-26,81.53237,83.5294,81.11706,82.67118,77652720.0,6384024600.0
2025-08-27,82.146736,84.85285,81.610115,84.32875,109075510.0,9078859000.0
2025-08-28,83.43888,85.82445,82.91177,84.834785,133997816.0,11289647000.0
2025-08-29,82.618416,84.63695,81.33401,84.2132,160287790.0,13336048000.0
2025-09-02,89.66183,92.485695,88.66669,91.90734,348536860.0,31605459000.0
2025-09-03,91.02532,92.909515,89.187355,92.56081,174322900.0,15936729000.0
2025-09-04,92.03606,94.26496,91.471176,93.636635,157137220.0,14590538000.0
2025-09-05,93.41565,95.29773,92.25177,93.33752,109434310.0,10240389000.0
2025-09-08,92.89991,96.23417,92.07806,95.56687,128259220.0,12081345000.0
2025-09-09,94.77639,96.7104,93.902016,95.383415,118419640.0,11272728000.0
2025-09-10,95.165184,96.94652,93.27035,95.861984,103114530.0,9827950000.0
2025-09-11,95.35957,96.87848,93.961235,96.03348,90215820.0,8620860000.0
2025-09-12,97.0615,101.01247,96.59057,100.34461,196743650.0,19428887000.0
2025-09-15,100.005165,101.26458,98.48953,100.165146,114943990.0,11492228000.0
2025-09-16,99.66399,100.68831,97.23013,99.51508,114938264.0,11410425000.0
2025-09-17,99.84647,101.64477,98.61982,100.512115,105271896.0,10543590000.0
2025-09-18,100.46933,102.44916,99.41335,101.584915,187266340.0,18910003000.0
2025-09-19,100.937454,102.361115,98.817215,100.71152,108813590.0,10958271000.0
2025-09-22,100.38602,101.79284,98.888275,100.364555,89731910.0,9005309000.0
2025-09-23,99.83855,100.98846,97.29331,98.561935,95032660.0,9424442000.0
2025-09-24,96.95835,98.643326,95.04298,98.02354,104533570.0,10157218000.0
2025-09-25,98.0176,99.81589,97.10775,98.32264,62352696.0,6130266000.0
2025-09-26,98.32704,100.508224,95.844406,97.32961,109539110.0,10735088000.0
2025-09-29,96.32757,97.36272,94.45473,96.950745,117015090.0,11265503000.0
2025-09-30,95.51033,98.5673,94.202065,97.668594,106682840.0,10293515000.0
2025-10-01,97.2559,98.77139,95.65886,97.98366,85874460.0,8365671400.0
2025-10-02,96.994064,98.56729,95.40618,97.84806,101936104.0,9908586000.0
2025-10-03,97.10911,100.57626,96.55899,99.874016,97370310.0,9593857000.0
2025-10-06,98.49367,100.22409,96.9301,98.01157,78117100.0,7687884000.0
2025-10-07,97.18053,98.45123,96.25895,97.55693,71801370.0,6990718000.0
2025-10-08,96.98613,97.951,94.415245,96.32461,93991720.0,9062611000.0
2025-10-09,95.78009,97.68286,93.108475,94.34651,111812070.0,10647805000.0
2025-10-10,95.296104,97.84695,94.63634,97.36949,84228980.0,8110173700.0
2025-10-13,95.70075,98.89545,94.95217,97.88794,74512400.0,7217202000.0
2025-10-14,98.089005,100.89241,97.115654,100.113304,91011440.0,9014919000.0
2025-10-15,99.88218,102.83333,98.73826,100.28479,94345890.0,9475595000.0
2025-10-16,99.48149,101.73682,97.834175,101.01861,99988340.0,10000611000.0
2025-10-17,101.04061,102.98141,100.36876,102.314735,75316440.0,7657902600.0
2025-10-20,101.06044,102.00094,96.38922,99.88598,159433870.0,15916944000.0
2025-10-21,100.91365,102.593216,98.41847,100.37652,118043224.0,11872253000.0
2025-10-22,100.36221,102.064964,99.429146,100.93086,67064390.0,6753169400.0
2025-10-23,101.790405,104.722244,100.799095,103.65874,96562900.0,9921124000.0
2025-10-24,105.05938,108.10787,104.33645,107.38759,118736744.0,12612553000.0
2025-10-27,106.99141,108.34399,105.2129,106.66975,100214110.0,10703319000.0
2025-10-28,106.22177,110.188866,105.67481,109.5013,146858320.0,15845526000.0
2025-10-29,115.67957,116.691986,110.56632,112.25708,252319600.0,28713652000.0
2025-10-30,112.35506,114.45492,109.37009,112.14142,132326264.0,14831177000.0
2025-10-31,111.946434,114.26683,110.46367,113.150406,100373840.0,11287724000.0
2025-11-03,109.792244,112.562,109.0661,110.68576,101359180.0,11202878000.0
2025-11-04,110.633286,114.623,109.49247,113.385704,104499530.0,11707460000.0
2025-11-05,113.1961,115.39537,110.99271,113.56119,125268820.0,14191245000.0
2025-11-06,112.35505,113.56648,108.64366,111.20021,116190500.0,12948425000.0
2025-11-07,112.83509,116.37583,111.67174,115.69482,99603170.0,11369141000.0
2025-11-10,114.156166,116.82405,113.43253,116.17737,66864564.0,7699289600.0
2025-11-11,115.71528,116.86008,111.99943,114.34285,83672616.0,9599709000.0
2025-11-12,112.00991,113.19031,109.45299,111.096535,99389860.0,11075750000.0
2025-11-13,107.67376,111.47748,106.87103,110.2351,106645784.0,11631252000.0
2025-11-14,113.374626,117.636444,111.95205,113.66885,177489780.0,20261878000.0
2025-11-17,114.22362,115.57545,109.83201,113.37374,165656600.0,18760810000.0
2025-11-18,113.922104,121.58233,113.160126,116.77559,229818900.0,26741733000.0
2025-11-19,120.81709,122.62684,113.96551,115.43559,209014560.0,24707875000.0
2025-11-20,117.595726,121.62636,116.010544,119.50744,249831680.0,29651276000.0
2025-11-21,123.43148,127.85335,122.22857,127.05292,286992160.0,35914654000.0
2025-11-24,129.41402,131.59514,125.40666,128.99115,298675360.0,38484840000.0
2025-11-25,127.22015,129.8623,125.06715,127.599304,173119780.0,22061904000.0
2025-11-26,128.28732,130.80276,125.06715,127.691025,87678340.0,11219501000.0
2025-11-28,126.03793,128.00142,123.92224,125.58132,138779820.0,17470400000.0
2025-12-01,125.65707,127.41313,123.93013,125.94822,120824350.0,15192107000.0
2025-12-02,125.31988,128.69374,124.00515,127.47169,140988080.0,17817033000.0
2025-12-03,127.835075,129.00589,124.24203,126.670074,105276610.0,13363630000.0
2025-12-04,126.74805,129.32605,126.00675,128.12572,97225416.0,12401261000.0
2025-12-05,127.05327,128.32141,122.9485,125.19655,114194320.0,14374773000.0
2025-12-08,124.00447,127.340294,123.21713,126.53742,101682220.0,12738223000.0
2025-12-09,125.37801,128.6698,124.315384,127.786514,112576170.0,14245098000.0
2025-12-10,127.06518,128.59372,121.91347,124.68174,142631600.0,17909328000.0
2025-12-11,124.532455,126.09088,120.7125,123.428665,121033304.0,14970746000.0
2025-12-12,123.58765,124.70932,120.44386,123.001656,98172820.0,12068937000.0
2025-12-15,121.05888,124.44901,119.53919,122.34319,102998970.0,12550174000.0
2025-12-16,122.27364,123.3758,116.98319,118.41234,147941340.0,17791610000.0
2025-12-17,119.77664,121.721924,118.211815,120.703,112876220.0,13556813000.0
2025-12-18,119.78061,123.03942,118.89921,122.57864,201866530.0,24440883000.0
2025-12-19,123.01599,124.19273,120.60978,123.62421,89006130.0,10935353000.0
2025-12-22,122.91675,126.11891,122.19791,125.44797,85802840.0,10654172000.0
2025-12-23,124.957214,126.17497,123.225044,125.3442,34004308.0,4248000500.0
2025-12-24,124.8421,126.17898,123.367256,125.11275,36703800.0,4583397000.0
2025-12-26,123.60749,125.75049,122.71147,125.1327,66015316.0,8205739000.0
