timestamps,open,high,low,close,volume,amount
2020-01-02,4.227819,4.2797413,4.215837,4.276812,849595800.0,3610826500.0
2020-01-03,4.215571,4.2589726,4.2086477,4.223559,793040100.0,3351932700.0
2020-01-06,4.1825533,4.23634,4.167376,4.234476,781679400.0,3287107600.0
2020-01-07,4.242198,4.2515173,4.1889443,4.195867,812490400.0,3428410000.0
2020-01-08,4.2318125,4.2816052,4.2057185,4.2627,1042047800.0,4423972000.0
2020-01-09,4.3092966,4.319415,4.2877293,4.3159537,803135300.0,3459986200.0
2020-01-10,4.335392,4.3460426,4.2917233,4.295984,778382000.0,3360497400.0
2020-01-13,4.307167,4.3484387,4.2938533,4.34764,812205000.0,3512197600.0
2020-01-14,4.350569,4.3561606,4.306102,4.317019,881717440.0,3820008000.0
2020-01-15,4.3300667,4.3652143,4.3287354,4.3449774,804370750.0,3492777700.0
2020-01-16,4.376131,4.426456,4.3676105,4.424592,896289100.0,3942505000.0
2020-01-17,4.4578753,4.459207,4.4048877,4.449355,1290863700.0,5735089700.0
2020-01-21,4.4381714,4.4783783,4.4315147,4.4333787,1108548200.0,4927896600.0
2020-01-22,4.4573426,4.4597397,4.4115443,4.412077,906556900.0,4020739300.0
2020-01-23,4.425124,4.4413667,4.4006276,4.4392366,739132300.0,3271835000.0
2020-01-24,4.460272,4.4608045,4.3787937,4.3945036,935824260.0,4139706000.0
2020-01-27,4.2909245,4.3503027,4.265629,4.321013,1204725400.0,5188713000.0
2020-01-28,4.360954,4.413675,4.342049,4.4056873,935140740.0,4096469500.0
2020-01-29,4.4690585,4.493289,4.411811,4.474384,1305240300.0,5824158700.0
2020-01-30,4.634412,4.634412,4.547608,4.6005955,1937796100.0,8922111000.0
2020-01-31,4.5854187,4.5904775,4.5153894,4.5326967,1357375500.0,6184196600.0
2020-02-03,4.5380225,4.6463943,4.537224,4.643199,1132279800.0,5198534000.0
2020-02-04,4.716689,4.809883,4.6945887,4.796037,1368289300.0,6505257500.0
2020-02-05,4.9001484,4.904675,4.7505054,4.7901793,1471680900.0,7117604000.0
2020-02-06,4.8186703,4.894557,4.79444,4.8894978,1042231700.0,5054085000.0
2020-02-07,4.8687286,4.9427514,4.858876,4.8964205,1259219100.0,6159714300.0
2020-02-10,4.888166,5.0282235,4.8793793,5.0244956,1346168800.0,6670355500.0
2020-02-11,5.076418,5.0777493,4.886036,4.911065,1996473600.0,9958045000.0
2020-02-12,4.9414196,4.948609,4.8421016,4.9182544,1767494700.0,8682988000.0
2020-02-13,4.8748527,4.9587274,4.869261,4.891628,1325569300.0,6493456400.0
2020-02-14,4.879379,4.936893,4.863403,4.9352956,869402800.0,4263327500.0
2020-02-18,4.942219,4.997869,4.93929,4.9853544,1043764030.0,5183523300.0
2020-02-19,5.021132,5.024336,4.9786797,5.000306,1123517600.0,5624456000.0
2020-02-20,4.991495,4.999505,4.835303,4.923945,1380633500.0,6816963600.0
2020-02-21,4.8905706,4.8993816,4.7325087,4.768286,1819223900.0,8773547000.0
2020-02-24,4.4793963,4.66042,4.35818,4.5626993,2558504000.0,11552090000.0
2020-02-25,4.651075,4.668163,4.4761925,4.4874067,2549597400.0,11653468000.0
2020-02-26,4.5311937,4.625977,4.491144,4.543475,2105126900.0,9574008000.0
2020-02-27,4.3605833,4.459639,4.218007,4.223347,3489745200.0,15059627000.0
2020-02-28,4.06929,4.370996,4.0583434,4.3256063,3635766000.0,15292248000.0
2020-03-02,4.4137154,4.6168995,4.3336163,4.6134286,2660366600.0,11956791000.0
2020-03-03,4.640395,4.672435,4.3322816,4.3923554,2684569300.0,12105708000.0
2020-03-04,4.49862,4.5576262,4.421992,4.5536213,1865734000.0,8410663000.0
2020-03-05,4.433473,4.5621653,4.423861,4.4393473,1790935200.0,7996008400.0
2020-03-06,4.3416266,4.3549767,4.165142,4.3138595,2727420000.0,11711272000.0
2020-03-09,4.031644,4.211866,4.004944,4.0214977,2637463800.0,10727852000.0
2020-03-10,4.222813,4.299441,4.073829,4.296504,2447764500.0,10337268000.0
2020-03-11,4.1953125,4.210531,4.0356483,4.101864,2111325300.0,8732102000.0
2020-03-12,3.8794558,4.097592,3.7000344,3.71285,3491674400.0,13434158000.0
2020-03-13,3.9381948,4.3229365,3.7574382,4.2407017,3472985000.0,14117052000.0
2020-03-16,3.7379477,3.9875894,3.6044495,3.6156633,3292402000.0,12301772000.0
2020-03-17,3.737948,3.9381952,3.6044497,3.9133646,3035989800.0,11532174000.0
2020-03-18,3.6845486,3.8981457,3.6049838,3.7486274,3055967700.0,11411216000.0
2020-03-19,3.811906,4.0089493,3.7112484,3.8103042,3218123500.0,12343440000.0
2020-03-20,3.8981457,3.9275155,3.6274114,3.6671941,3178553600.0,12015145000.0
2020-03-23,3.658116,3.7531672,3.5382352,3.6306155,2957913600.0,10781694000.0
2020-03-24,3.8380716,3.9942646,3.7718565,3.9606228,3090556200.0,12025984000.0
2020-03-25,3.9758413,4.120553,3.856494,3.922709,2832931000.0,11243618000.0
2020-03-26,3.9622247,4.182764,3.9614236,4.168079,2418314500.0,9839210000.0
2020-03-27,4.051668,4.135505,3.9835842,3.996934,2136445700.0,8635349000.0
2020-03-30,4.0700912,4.2879605,4.0052114,4.2780814,2375325200.0,9882151000.0
2020-03-31,4.2559204,4.3995643,4.1800933,4.2107983,2918662700.0,12438156000.0
2020-04-01,4.085043,4.2118664,4.026838,4.0612803,2171187700.0,8893743000.0
2020-04-02,4.0546055,4.151258,4.014556,4.145384,1858853800.0,7605408300.0
2020-04-03,4.1411123,4.2019873,4.0634165,4.1072035,1544714500.0,6377245700.0
2020-04-06,4.280484,4.4454875,4.207327,4.4126472,2513582000.0,10900114000.0
2020-04-07,4.5279894,4.5389366,4.3589807,4.3651223,2350931700.0,10456373000.0
2020-04-08,4.423327,4.4500265,4.365389,4.4089093,1809695700.0,7984220000.0
2020-04-09,4.44175,4.4687166,4.3608503,4.4091763,1926311600.0,8514535000.0
2020-04-13,4.3880844,4.4206576,4.3333497,4.4190555,1569508700.0,6890594000.0
2020-04-14,4.512237,4.6390605,4.4855375,4.6377254,1980338400.0,9047454000.0
2020-04-15,4.5709763,4.6342545,4.5186453,4.5891323,1533384700.0,7020221400.0
2020-04-16,4.6537447,4.7333097,4.616365,4.7269015,1890648200.0,8853112000.0
2020-04-17,4.792583,4.805933,4.6956635,4.7685537,1976267300.0,9418264000.0
2020-04-20,4.7159553,4.772558,4.672168,4.6740365,1373412500.0,6466959400.0
2020-04-21,4.6323853,4.6369243,4.4350753,4.480732,2105036800.0,9570086000.0
2020-04-22,4.5760493,4.6457353,4.5608306,4.6329193,1297830800.0,5975062000.0
2020-04-23,4.648672,4.6740365,4.5632334,4.57685,1228137000.0,5668709400.0
2020-04-24,4.593938,4.660687,4.5578933,4.66042,1284860700.0,5933788000.0
2020-04-27,4.714887,4.723164,4.6270456,4.6470704,1243253200.0,5815991000.0
2020-04-28,4.6881876,4.6903234,4.52265,4.5338635,1288134000.0,5936695300.0
2020-04-29,4.6249094,4.7439895,4.589132,4.7373147,1920873200.0,8977847000.0
2020-04-30,4.8059325,4.8166122,4.705275,4.78484,2017852300.0,9641631000.0
2020-05-01,4.6937947,4.769622,4.6460023,4.6609545,1474571000.0,6919562000.0
2020-05-04,4.6588182,4.779233,4.640395,4.774961,1137577700.0,5361804000.0
2020-05-05,4.8224864,4.903386,4.8032627,4.8262243,1379764600.0,6676459500.0
2020-05-06,4.8614683,4.9180713,4.8494534,4.8737497,1203735800.0,5869037600.0
2020-05-07,4.9172707,4.9274163,4.8748183,4.902052,1060539140.0,5202357000.0
2020-05-08,4.9388967,4.9394307,4.895643,4.9308867,1157791500.0,5703529000.0
2020-05-11,4.8900366,5.006447,4.882027,4.9858885,1157046100.0,5717081000.0
2020-05-12,4.98749,4.993898,4.867342,4.8729486,1199949400.0,5916254700.0
2020-05-13,4.874017,4.9140663,4.713552,4.7992578,1674611500.0,8080374000.0
2020-05-14,4.7402515,4.8243556,4.6905904,4.8200836,1568332800.0,7479097300.0
2020-05-15,4.780835,4.994432,4.725834,4.8903036,1745264100.0,8460780000.0
2020-05-18,4.9594555,4.9714704,4.9116635,4.937028,1322363100.0,6538959400.0
2020-05-19,4.940232,4.9821506,4.8991146,4.9028525,1003725630.0,4949459000.0
2020-05-20,4.9481006,4.9759455,4.924807,4.9708586,1167599700.0,5785372000.0
2020-05-21,4.963897,4.9979,4.907404,4.9111524,1087604100.0,5378298400.0
2020-05-22,4.9047265,4.93873,4.8873234,4.9132943,777878140.0,3820173800.0
2020-05-26,4.9890647,4.9933486,4.848769,4.8613534,1347337600.0,6633123300.0
2020-05-27,4.8246727,4.872598,4.7282863,4.867779,1475951200.0,7119006000.0
2020-05-28,4.839131,4.93043,4.829492,4.8568015,1262800300.0,6142214700.0
2020-05-29,4.8924103,4.933643,4.830295,4.906333,1574166000.0,7698728000.0
2020-06-01,4.8873234,4.8996396,4.858408,4.895088,844939500.0,4127626500.0
2020-06-02,4.9331074,4.9531875,4.855463,4.950778,1150168600.0,5662434000.0
2020-06-03,4.9483685,4.9783554,4.915169,4.9628263,1020057200.0,5050486300.0
2020-06-04,4.934446,4.9756775,4.880898,4.8974977,1074244200.0,5287569400.0
2020-06-05,4.8894653,5.0262804,4.873133,5.01209,1490013400.0,7375928000.0
2020-06-08,4.9783554,5.0482354,4.9381943,5.0431485,1240442800.0,6204673500.0
2020-06-09,5.0335097,5.105799,5.0136967,5.0817027,1112419300.0,5627370500.0
2020-06-10,5.1173124,5.315172,5.1140995,5.2701917,1638616600.0,8527678500.0
2020-06-11,5.1708603,5.241276,4.981836,4.9871907,1974106400.0,10058646000.0
2020-06-12,5.1015153,5.133109,4.958007,5.026549,1618948200.0,8183451600.0
2020-06-15,4.9419427,5.1090126,4.926681,5.058677,1223956600.0,6130895000.0
2020-06-16,5.1644344,5.2364564,5.1261477,5.182641,1589479400.0,8229402000.0
2020-06-17,5.2217307,5.256269,5.1858535,5.200579,958239800.0,4998282000.0
2020-06-18,5.194154,5.260821,5.194154,5.2562695,861343500.0,4501682000.0
2020-06-19,5.317046,5.335788,5.20406,5.2249436,1659861000.0,8748230000.0
2020-06-22,5.242079,5.3751454,5.2270856,5.370059,1225775600.0,6501013500.0
2020-06-23,5.4107547,5.4605546,5.393084,5.405936,1154755200.0,6255981000.0
2020-06-24,5.3976364,5.441813,5.2626953,5.2969656,1372249700.0,7341230600.0
2020-06-25,5.2958946,5.3711295,5.233511,5.3639,1038466940.0,5520603000.0
2020-06-26,5.3475685,5.3518524,5.217715,5.256537,2042123900.0,10809815000.0
2020-06-29,5.2418113,5.3154397,5.1821055,5.3130302,997296300.0,5248867300.0
2020-06-30,5.2980366,5.472603,5.294288,5.448774,1281478900.0,6892339000.0
2020-07-01,5.4388676,5.524812,5.4021873,5.480635,1197475700.0,6540164000.0
2020-07-02,5.5068736,5.5695252,5.4886675,5.522403,1094935900.0,6046091300.0
2020-07-06,5.591212,5.652792,5.5713987,5.641279,1191365400.0,6688528400.0
2020-07-07,5.6345854,5.7475715,5.568722,5.5756826,1254975600.0,7067571000.0
2020-07-08,5.624412,5.7098207,5.587464,5.698308,1254949400.0,7096739300.0
2020-07-09,5.7920165,5.7933555,5.6618953,5.738201,1237085000.0,7108744700.0
2020-07-10,5.719459,5.7317753,5.6514535,5.720798,977725100.0,5578774000.0
2020-07-13,5.7424846,5.777827,5.5288286,5.54409,1424352600.0,8045182000.0
2020-07-14,5.5189223,5.5917478,5.4091487,5.5783606,1404041900.0,7756692000.0
2020-07-15,5.610757,5.658147,5.489471,5.5700603,1201890400.0,6709083000.0
2020-07-16,5.499377,5.507409,5.4166455,5.4597516,1118275700.0,6117858000.0
2020-07-17,5.4744773,5.489738,5.392013,5.4319067,1181568500.0,6436044000.0
2020-07-20,5.4886675,5.684118,5.435387,5.6653757,1377635700.0,7671209000.0
2020-07-21,5.72053,5.728027,5.5697923,5.58907,1423239700.0,8043943400.0
2020-07-22,5.601118,5.6841173,5.579431,5.6693916,1852757200.0,10437535000.0
2020-07-23,5.5473027,5.6471696,5.4123616,5.4228034,2519497700.0,13875906000.0
2020-07-24,5.3660426,5.431371,5.2881303,5.389604,1487525900.0,7986210300.0
2020-07-27,5.3941555,5.4610906,5.3778234,5.4578776,1126500100.0,6108713500.0
2020-07-28,5.451452,5.480635,5.4013844,5.408881,868432450.0,4720441000.0
2020-07-29,5.4217324,5.4792967,5.408613,5.4635,733271400.0,3991406000.0
2020-07-30,5.381572,5.47421,5.343285,5.459216,936715140.0,5071910400.0
2020-07-31,5.472603,5.491345,5.328291,5.488935,1914096800.0,10422819000.0
2020-08-03,5.6632338,5.8270907,5.634318,5.797639,2949990100.0,16905125000.0
2020-08-04,5.7341847,5.7502494,5.6308374,5.7106237,1840596200.0,10503315000.0
2020-08-05,5.75373,5.7564073,5.6645727,5.701253,1077859600.0,6164268500.0
2020-08-06,5.6851883,5.7930875,5.664037,5.7925525,1219721200.0,6993535500.0
2020-08-07,5.7523913,5.775149,5.647437,5.6889367,1037932800.0,5932801000.0
2020-08-10,5.6672497,5.6728725,5.524812,5.5756826,1371349800.0,7693483500.0
2020-08-11,5.5464993,5.5596185,5.4388676,5.445294,1361265300.0,7483650600.0
2020-08-12,5.496432,5.630034,5.481974,5.6008506,1047337500.0,5815155700.0
2020-08-13,5.607544,5.6586823,5.573005,5.587731,843688300.0,4730341400.0
2020-08-14,5.589338,5.61156,5.55587,5.593086,670759230.0,3747842600.0
2020-08-17,5.6118283,5.6543984,5.5936217,5.6300344,753895900.0,4238757600.0
2020-08-18,5.6367273,5.685724,5.601386,5.662431,796900350.0,4499751000.0
2020-08-19,5.676119,5.69249,5.6159997,5.628077,1029393800.0,5819339300.0
2020-08-20,5.6237826,5.7703223,5.606875,5.7590504,1005320400.0,5720280600.0
2020-08-21,5.739726,5.8038707,5.7126193,5.7171817,1350635000.0,7757169000.0
2020-08-24,5.764686,5.7842784,5.701347,5.7351637,948633600.0,5451198000.0
2020-08-25,5.719329,5.813533,5.719329,5.8097754,858599400.0,4950247400.0
2020-08-26,5.847618,5.9606085,5.8336616,5.9353805,1475510700.0,8697128000.0
2020-08-27,5.98208,6.2037673,5.8884125,6.081115,2146235900.0,12960784000.0
2020-08-28,6.1240563,6.1900797,6.081115,6.143649,979663360.0,6009966000.0
2020-08-31,6.0923867,6.1380124,6.0201907,6.0529337,1072115650.0,6514047000.0
2020-09-01,6.0523973,6.104464,6.0234113,6.099633,960970240.0,5833067000.0
2020-09-02,6.1184206,6.249662,6.1017804,6.2171865,1269837600.0,7837135400.0
2020-09-03,6.153311,6.154384,5.769249,5.8320513,2175972900.0,13006332000.0
2020-09-04,5.7730064,5.8605003,5.507035,5.750193,2223061500.0,12721877000.0
2020-09-08,5.5421934,5.636934,5.426787,5.4391327,1971939200.0,10867873000.0
2020-09-09,5.5717163,5.766028,5.547561,5.6707506,1701982100.0,9597501000.0
2020-09-10,5.7273803,5.7633443,5.478049,5.5118656,1321281900.0,7425815600.0
2020-09-11,5.5609803,5.59936,5.401022,5.4759016,1252672000.0,6901366300.0
2020-09-14,5.481538,5.614658,5.4759016,5.5129395,1131790700.0,6248910000.0
2020-09-15,5.593724,5.630224,5.553734,5.6033854,813150140.0,4549792300.0
2020-09-16,5.6527686,5.653574,5.4922733,5.5032773,980974900.0,5469399600.0
2020-09-17,5.369084,5.4839535,5.366668,5.4458423,1267248000.0,6863906000.0
2020-09-18,5.44289,5.465703,5.2670965,5.3782086,2057673500.0,11087720000.0
2020-09-21,5.292325,5.440475,5.2705855,5.4359117,1484411900.0,7956186600.0
2020-09-22,5.5035458,5.5851355,5.4235663,5.566885,1248834300.0,6893294600.0
2020-09-23,5.579767,5.5851355,5.368547,5.3835764,1147737700.0,6288749600.0
2020-09-24,5.363716,5.5172334,5.3462706,5.453357,1162593200.0,6301422600.0
2020-09-25,5.4630194,5.6103635,5.4359117,5.5776205,1096822500.0,6056356400.0
2020-09-28,5.659747,5.7051044,5.5840616,5.621099,1192490400.0,6728631000.0
2020-09-29,5.618684,5.6380076,5.5505133,5.5625906,902498700.0,5047178000.0
2020-09-30,5.575205,5.6892695,5.543267,5.6449857,1258656000.0,7065064400.0
2020-10-01,5.729796,5.7432156,5.671556,5.7021523,1011911550.0,5779715000.0
2020-10-02,5.5824513,5.662699,5.516428,5.5338736,1235335200.0,6885589000.0
2020-10-05,5.5615172,5.647133,5.5550756,5.6463275,794807230.0,4452918300.0
2020-10-06,5.6044593,5.6409597,5.4971046,5.5263586,1063922300.0,5923090400.0
2020-10-07,5.557223,5.639081,5.548098,5.631566,956868000.0,5352712000.0
2020-10-08,5.6498165,5.668067,5.59104,5.6516953,742427650.0,4187406800.0
2020-10-09,5.6691403,5.7934036,5.6691403,5.792062,985814900.0,5649642000.0
2020-10-12,5.8720407,6.0081134,5.8189006,5.94209,1507576300.0,8910207000.0
2020-10-13,5.977517,6.044346,5.916056,5.9812746,1078695700.0,6450383000.0
2020-10-14,5.985032,6.017775,5.8811665,5.927597,873801340.0,5201645600.0
2020-10-15,5.826684,5.914178,5.797429,5.895391,847026600.0,4962238500.0
2020-10-16,5.9085417,5.965976,5.8862658,5.895391,970907400.0,5741989000.0
2020-10-19,5.915788,5.966245,5.735969,5.749388,1029326700.0,6013169700.0
2020-10-20,5.7917933,5.83393,5.7190604,5.7609286,847786700.0,4897179000.0
2020-10-21,5.7198653,5.8218527,5.7198653,5.7649546,846721100.0,4874264000.0
2020-10-22,5.741605,5.7987714,5.6817546,5.76737,832808300.0,4786462000.0
2020-10-23,5.7711277,5.804676,5.720939,5.8033338,703446660.0,4062418000.0
2020-10-26,5.739458,5.8062863,5.5851355,5.638276,1382764000.0,7871091700.0
2020-10-27,5.6788025,5.7614655,5.6449857,5.723355,1367439100.0,7797345300.0
2020-10-28,5.5735946,5.6049957,5.4241033,5.439669,1907528400.0,10511608000.0
2020-10-29,5.4769754,5.5652747,5.458188,5.4944205,1171166600.0,6439911400.0
2020-10-30,5.461677,5.4828796,5.357543,5.4340334,1376880600.0,7482015000.0
2020-11-02,5.4828796,5.50945,5.370962,5.430276,1149168500.0,6261120500.0
2020-11-03,5.472144,5.585672,5.4514785,5.540314,1025086600.0,5650689500.0
2020-11-04,5.7440205,5.859427,5.7010784,5.807628,1576521500.0,9109202000.0
2020-11-05,5.9592667,6.0150914,5.9353805,5.992815,1344330800.0,8033234400.0
2020-11-06,5.9651713,6.0215325,5.8516436,6.004356,940130940.0,5603816000.0
2020-11-09,6.0236797,6.122446,5.847618,5.8613057,1654140700.0,9864902000.0
2020-11-10,5.756903,5.8105803,5.628614,5.6632357,1641103500.0,9378633000.0
2020-11-11,5.887552,5.8390956,5.6885614,5.6342072,1203697700.0,6936132000.0
2020-11-12,5.864511,5.794058,5.680603,5.662189,1037986500.0,5968775700.0
2020-11-13,5.8241243,5.8025856,5.690152,5.681019,1390959100.0,7997278000.0
2020-11-16,5.857465,5.800987,5.6784816,5.608578,1346409600.0,7723514000.0
2020-11-17,5.806219,5.749111,5.6095767,5.5346375,1577440100.0,8951794000.0
2020-11-18,5.744528,5.6919317,5.582981,5.569772,1378398000.0,7784230400.0
2020-11-19,5.7668123,5.6988783,5.5848427,5.5165443,1270006100.0,7165081600.0
2020-11-20,5.732841,5.6721587,5.535908,5.509202,1427923800.0,8014262300.0
2020-11-23,5.6958814,5.724528,5.5545244,5.6075287,1889167200.0,10665512000.0
2020-11-24,5.845896,5.752317,5.650266,5.6077924,1168252500.0,6675474400.0
2020-11-25,5.8388295,5.778501,5.692284,5.6434517,806833700.0,4629827000.0
2020-11-27,5.8184466,5.7381544,5.607181,5.613035,1838301600.0,10467665000.0
2020-11-30,5.8295894,5.806556,5.6739345,5.6691484,1718195200.0,9870701000.0
2020-12-01,5.8396454,5.7571263,5.659308,5.647123,1319009200.0,7552383500.0
2020-12-02,5.8323064,5.78144,5.681912,5.617493,1396645000.0,8000384500.0
2020-12-03,5.8217077,5.75472,5.669412,5.620639,1371354000.0,7839509000.0
2020-12-04,5.825784,5.7589955,5.66436,5.618804,1368796400.0,7825389600.0
2020-12-07,5.814914,5.79667,5.6617007,5.6639037,1294524400.0,7423188000.0
2020-12-08,5.8472548,5.750714,5.617023,5.553516,1803597400.0,10266307000.0
2020-12-09,5.7551274,5.6932683,5.5944176,5.5199537,1486289200.0,8383699000.0
2020-12-10,5.708383,5.6996803,5.561174,5.5917974,1722359400.0,9714553000.0
2020-12-11,5.791271,5.7768984,5.661435,5.6164446,1601102500.0,9144717000.0
2020-12-14,5.8475266,5.7557907,5.6444154,5.61461,1501150200.0,8579952600.0
2020-12-15,5.8361115,5.8811016,5.7103686,5.7496448,1947188000.0,11282604000.0
2020-12-16,5.9752536,5.901942,5.79547,5.753315,1807778800.0,10587248000.0
2020-12-17,5.940468,5.869879,5.7449408,5.731552,3522338300.0,20506030000.0
2020-12-18,5.9122047,5.985038,5.77845,5.8364344,2067199600.0,12151065000.0
2020-12-21,6.0518913,6.0285897,5.899987,5.8718324,1257168900.0,7496592400.0
2020-12-22,6.0633054,5.973282,5.872063,5.7952685,1039640300.0,6160887300.0
2020-12-23,6.0173774,5.9746175,5.8827004,5.84063,586581000.0,3477739500.0
2020-12-24,6.0997224,6.039278,5.9311037,5.898578,997047400.0,5974478000.0
2020-12-28,6.150269,6.0700035,5.9459953,5.8773384,967564600.0,5815935500.0
2020-12-29,6.1209197,6.0285907,5.889882,5.8125744,1127077500.0,6720753700.0
2020-12-30,6.024987,5.9583197,5.8422775,5.831978,1164316300.0,6886221300.0
2020-12-31,6.047543,5.9583187,5.712762,5.707954,2064319600.0,12089986000.0
2021-01-04,5.904324,5.8386183,5.736431,5.7134604,1324485600.0,7679644000.0
2021-01-05,5.765997,5.7843795,5.636436,5.5653143,1997636500.0,11362620000.0
2021-01-06,5.816816,5.8605275,5.683508,5.7236857,1539729300.0,8885984000.0
2021-01-07,5.9429145,5.8936596,5.771802,5.75856,1276294100.0,7455770600.0
2021-01-08,5.9372077,5.849039,5.763824,5.7027106,1280469500.0,7443620000.0
2021-01-11,5.8836703,5.800678,5.6731367,5.6355853,1292589600.0,7430150700.0
2021-01-12,5.8162737,5.7915936,5.689359,5.672557,1116780900.0,6413054000.0
2021-01-13,5.867637,5.8102975,5.6577125,5.585505,1639041700.0,9392181000.0
2021-01-14,5.8026843,5.731475,5.638829,5.575802,1765008000.0,10037949000.0
2021-01-15,5.808935,5.797471,5.654786,5.6751785,1694644500.0,9717249000.0
2021-01-19,5.9162817,6.032865,5.7787166,5.882321,2100301800.0,12397128000.0
2021-01-20,6.1065154,6.046491,5.9151454,5.8988395,1707348500.0,10230002000.0
2021-01-21,6.171196,6.1472225,6.0050364,5.9245367,1677509200.0,10169058000.0
2021-01-22,6.2266345,6.139473,5.963016,6.018405,1843155100.0,11219069000.0
2021-01-25,6.301098,6.257036,6.11886,6.091823,2733678800.0,16927498000.0
2021-01-26,6.4679613,6.424298,6.120456,6.106769,3884590600.0,24394730000.0
2021-01-27,6.40301,6.4830794,6.2520986,6.264879,2730431700.0,17340334000.0
2021-01-28,6.4133368,6.3596377,6.1526356,6.082122,2363041800.0,14773579000.0
2021-01-29,6.3880615,6.479337,6.181356,6.2837567,1852167400.0,11730013000.0
2021-02-01,6.5576425,6.4742613,6.3478384,6.2800865,1440866700.0,9243098000.0
2021-02-02,6.5106277,6.54854,6.3629975,6.371597,1509907000.0,9736545000.0
2021-02-03,6.594603,6.4991107,6.3925176,6.3456388,1406385400.0,9082391000.0
2021-02-04,6.5829163,6.500179,6.393847,6.35062,1003791400.0,6481371600.0
2021-02-05,6.6079183,6.5108657,6.404218,6.3576994,1234913500.0,7990107600.0
2021-02-08,6.573133,6.539723,6.419378,6.3917866,1310141700.0,8491035000.0
2021-02-09,6.6581936,6.5707154,6.406345,6.3668756,1233512700.0,8018489000.0
2021-02-10,6.652217,6.550144,6.439856,6.410666,875712700.0,5703710000.0
2021-02-11,6.6291156,6.5541506,6.45528,6.423775,920746400.0,5999196700.0
2021-02-12,6.65901,6.576328,6.460333,6.3899508,1486022700.0,9690956000.0
2021-02-16,6.5732913,6.542734,6.4224343,6.417809,1201101700.0,7794029600.0
2021-02-17,6.586365,6.532557,6.4203014,6.4070334,938849100.0,6089904600.0
2021-02-18,6.6394815,6.530683,6.402176,6.3329215,1401295500.0,9075232000.0
2021-02-19,6.4670587,6.371874,6.1947937,6.1631455,2021679600.0,12735000000.0
2021-02-22,6.273935,6.2888546,6.0969667,6.1305575,1676761200.0,10391859000.0
2021-02-23,6.2652187,6.2987638,6.1041646,6.1641974,1461041400.0,9070270000.0
2021-02-24,6.321604,6.282428,6.074311,6.018076,2193373200.0,13542115000.0
2021-02-25,6.3066216,6.303316,6.1185584,6.1071677,2097799800.0,13025063000.0
2021-02-26,6.425656,6.3595557,6.214786,6.2270093,1404701300.0,8859102000.0
2021-03-01,6.455891,6.3550034,6.222783,6.1463265,1265390500.0,7965633500.0
2021-03-02,6.323783,6.25538,6.057784,5.980494,1887588100.0,11616897000.0
2021-03-03,6.176147,6.226188,5.9778156,5.9586797,2481014300.0,15096245000.0
2021-03-04,6.251871,6.247077,6.0364585,6.086668,2322649900.0,14297115000.0
2021-03-05,6.302263,6.2497544,6.0543175,5.976025,1956253800.0,12022333000.0
2021-03-08,6.3433943,6.303584,6.175335,6.1439605,1834948100.0,11452955000.0
2021-03-09,6.455618,6.3469677,6.185197,6.108218,1650030700.0,10352293000.0
2021-03-10,6.4000516,6.405082,6.2457066,6.2320023,1658949900.0,10485743000.0
2021-03-11,6.374174,6.3153677,6.216918,6.1957345,1256582000.0,7885741600.0
2021-03-12,6.4000516,6.2984962,6.179067,6.1710305,1444134400.0,9043403000.0
2021-03-15,6.436007,6.428917,6.289156,6.247246,1558251000.0,9895410000.0
2021-03-16,6.432465,6.3884783,6.216918,6.2296367,1639785300.0,10358318000.0
2021-03-17,6.3346777,6.271715,6.1396165,6.0635414,1932157800.0,11983992000.0
2021-03-18,6.29273,6.2256527,6.113494,6.0538173,2575472600.0,15894333000.0
2021-03-19,6.272301,6.3442903,6.134552,6.202042,1671119700.0,10424941000.0
2021-03-22,6.4689665,6.45543,6.319277,6.2438293,1754955800.0,11182361000.0
2021-03-23,6.478772,6.3737493,6.2726293,6.1881137,1421125800.0,8993333000.0
2021-03-24,6.409312,6.345361,6.1726694,6.106116,1889385700.0,11824464000.0
2021-03-25,6.3071675,6.339203,6.1721373,6.21492,1413348900.0,8845241000.0
2021-03-26,6.444451,6.341613,6.1809335,6.1823316,1399348600.0,8798169000.0
2021-03-29,6.3610997,6.2626104,6.160142,6.093239,1375191800.0,8552692700.0
2021-03-30,6.3442116,6.403208,6.194527,6.19626,2419759600.0,15207105000.0
2021-03-31,6.4956603,6.503367,6.3453994,6.3691897,1682823700.0,10817871000.0
2021-04-01,6.612515,6.6940436,6.4693484,6.5457973,2047400400.0,13472768000.0
2021-04-05,6.744624,6.6790466,6.58077,6.5139976,1272013400.0,8432952300.0
2021-04-06,6.750071,6.7200203,6.5890326,6.56761,1260248600.0,8389076000.0
2021-04-07,6.8851757,6.8059855,6.717246,6.6556506,1310470400.0,8866661000.0
2021-04-08,6.8879,6.85553,6.7289753,6.7239823,1349387500.0,9174616000.0
2021-04-09,6.93802,6.9005213,6.787085,6.725559,1505915900.0,10297146000.0
2021-04-12,7.0074787,6.941227,6.845993,6.793363,1322246500.0,9119555000.0
2021-04-13,7.013471,6.9315853,6.8014784,6.717148,1279723900.0,8786483000.0
2021-04-14,7.025729,6.961045,6.8699846,6.8199077,1421536100.0,9835846000.0
2021-04-15,7.067676,6.989699,6.8665185,6.8524947,1379995500.0,9582822000.0
2021-04-16,7.087289,7.0025544,6.872383,6.7999334,1287400700.0,8935256000.0
2021-04-19,7.022733,6.968276,6.8462605,6.7873197,1094012900.0,7555414000.0
2021-04-20,7.0532403,6.98113,6.8571897,6.8482904,1332946400.0,9243934000.0
2021-04-21,7.0878325,7.0105877,6.814273,6.758672,1420355000.0,9825790000.0
2021-04-22,7.0243664,7.0033574,6.8577213,6.86327,1190512800.0,8258799600.0
2021-04-23,7.127329,7.028262,6.9350233,6.8737817,1096254100.0,7664020500.0
2021-04-26,7.12515,7.048349,6.933691,6.884821,1720332000.0,12038887000.0
2021-04-27,6.9753366,6.870259,6.7425694,6.690079,2601676300.0,17742290000.0
2021-04-28,6.9584494,6.858476,6.63728,6.636204,2251438000.0,15248094000.0
2021-04-29,6.802643,6.777599,6.653273,6.6275306,1716499100.0,11526740000.0
2021-04-30,6.9023356,6.8116093,6.693789,6.61912,1088671400.0,7355840500.0
2021-05-03,6.836146,6.7275186,6.5509143,6.5121565,1816954000.0,12094888000.0
2021-05-04,6.7841196,6.6817245,6.5525146,6.4774666,1214847000.0,8047093000.0
2021-05-05,6.7130256,6.691365,6.5223927,6.563142,1469439500.0,9731335000.0
2021-05-06,6.8682876,6.8102703,6.6951222,6.634889,1499492700.0,10124789000.0
2021-05-07,6.833422,6.7414446,6.5871663,6.4961257,1625241200.0,10831485000.0
2021-05-10,6.6612725,6.6040616,6.4658833,6.471159,1866071700.0,12223878000.0
2021-05-11,6.596444,6.5446086,6.3459325,6.281148,2034853200.0,13108592000.0
2021-05-12,6.5863647,6.5772796,6.435228,6.3870587,1643235700.0,10675252000.0
2021-05-13,6.6893277,6.673154,6.5437174,6.5216174,1325774500.0,8759332000.0
2021-05-14,6.7157493,6.603792,6.491205,6.443563,1385076500.0,9091057000.0
2021-05-17,6.708123,6.598973,6.4746795,6.388374,1118702300.0,7319152000.0
2021-05-18,6.5335917,6.528851,6.3747454,6.404178,1424476300.0,9202603000.0
2021-05-19,6.6605463,6.6555476,6.515279,6.4926867,1206480900.0,7939868700.0
2021-05-20,6.759106,6.665748,6.53879,6.45818,1209934200.0,7992167000.0
2021-05-21,6.765111,6.7417107,6.612796,6.605955,1184942200.0,7917064700.0
2021-05-24,6.873774,6.7843914,6.701232,6.6307178,979780350.0,6611096600.0
2021-05-25,6.864489,6.7894897,6.69936,6.6246576,983505100.0,6633249300.0
2021-05-26,6.857392,6.750301,6.659285,6.567234,1351779700.0,9068486000.0
2021-05-27,6.8527503,6.7664065,6.6675673,6.57698,1011098200.0,6790461000.0
2021-05-28,6.8590293,6.7452,6.5981016,6.5169206,1284656300.0,8581263400.0
2021-06-01,6.774394,6.6909795,6.5681787,6.514287,1073993700.0,7128053000.0
2021-06-02,6.694947,6.612332,6.4923024,6.4724045,1400563100.0,9198893000.0
2021-06-03,6.764293,6.754864,6.6127973,6.60622,1399091000.0,9352284000.0
2021-06-04,6.824902,6.8203588,6.674246,6.6857705,1277235000.0,8623021000.0
2021-06-07,6.9663253,6.871896,6.746382,6.6531067,1242691000.0,8462013400.0
2021-06-08,6.929468,6.859012,6.765085,6.6799755,992691650.0,6758627300.0
2021-06-09,6.9425726,6.910817,6.7773747,6.776122,1359383700.0,9314119000.0
2021-06-10,7.04359,6.9384656,6.855924,6.793246,1051469630.0,7263348700.0
2021-06-11,7.0411315,6.9776545,6.860999,6.8459277,1059815360.0,7346033700.0
2021-06-14,7.092187,6.9787283,6.8845115,6.805625,998297700.0,6928448500.0
2021-06-15,7.0820847,6.994565,6.7974124,6.7798104,1506392600.0,10414396000.0
2021-06-16,6.991171,7.0259714,6.839894,6.8725333,1525513000.0,10575455000.0
2021-06-17,7.088366,7.0407352,6.9131,6.8338118,2058821000.0,14347930000.0
2021-06-18,7.0935507,7.07348,6.8909225,6.9181027,1477399600.0,10332953000.0
2021-06-21,7.172728,7.134415,7.0106177,6.993969,1366605600.0,9672742000.0
2021-06-22,7.2620044,7.16233,7.064853,6.987646,1080191900.0,7690111000.0
2021-06-23,7.2666454,7.189709,7.092639,7.025051,1186901100.0,8478641000.0
2021-06-24,7.268556,7.1736026,7.073669,6.9810596,1417354000.0,10097544000.0
2021-06-25,7.267465,7.217894,7.1043954,7.0785255,1084137700.0,7770091000.0
2021-06-28,7.340633,7.2917094,7.1596994,7.14912,1103385600.0,7983315500.0
2021-06-29,7.390322,7.2839246,7.202981,7.1359487,1198500900.0,8693079000.0
2021-06-30,7.360836,7.2968097,7.2029815,7.154389,925601300.0,6714084400.0
2021-07-01,7.4484744,7.4621572,7.2804604,7.313754,1464222600.0,10800415000.0
2021-07-02,7.5907164,7.498931,7.3285513,7.314018,1746884400.0,12984686000.0
2021-07-06,7.6281223,7.534365,7.404698,7.3738155,1287240400.0,9635317000.0
2021-07-07,7.5598674,7.4817543,7.3437824,7.3076982,1362427300.0,10113673000.0
2021-07-08,7.527649,7.4634986,7.355803,7.321393,1323583600.0,9817133000.0
2021-07-09,7.621568,7.509668,7.389467,7.3050623,1047706600.0,7812162600.0
2021-07-12,7.5767927,7.592343,7.411109,7.4014726,1445522700.0,10834813000.0
2021-07-13,7.708661,7.614085,7.495535,7.441776,1279144300.0,9676745000.0
2021-07-14,7.6991067,7.583218,7.4763,7.402791,1250947600.0,9432587000.0
2021-07-15,7.701018,7.625897,7.466414,7.395415,1449213700.0,10937485000.0
2021-07-16,7.61529,7.5257754,7.3325615,7.296898,1822701600.0,13565696000.0
2021-07-19,7.590718,7.54188,7.380919,7.3577466,1453248100.0,10852590000.0
2021-07-20,7.614472,7.5566444,7.408439,7.412538,1348353900.0,10109990000.0
2021-07-21,7.74934,7.68817,7.572214,7.5373955,1294108700.0,9882823000.0
2021-07-22,7.845717,7.7839975,7.6545043,7.630383,1260018200.0,9738240000.0
2021-07-23,7.8902187,7.775945,7.658245,7.6140504,1282597400.0,9920396000.0
2021-07-26,7.9019575,7.772991,7.559657,7.547932,1859697700.0,14311553000.0
2021-07-27,7.8899455,7.7882924,7.5831685,7.5395036,1857638700.0,14304240000.0
2021-07-28,7.814866,7.7472243,7.643283,7.54688,1005458800.0,7730030600.0
2021-07-29,7.7856545,7.6946144,7.5853076,7.5049973,1159114000.0,8858695000.0
2021-07-30,7.818141,7.6975646,7.5807633,7.502625,900260540.0,6886789000.0
2021-08-02,7.7924776,7.7099123,7.5877094,7.56321,989448770.0,7582469600.0
2021-08-03,7.8143187,7.719575,7.605076,7.5471416,896049100.0,6874065400.0
2021-08-04,7.8323383,7.774334,7.6438165,7.62643,769256400.0,5938067000.0
2021-08-05,7.876842,7.7708464,7.684428,7.624851,918074700.0,7105201700.0
2021-08-06,7.9106946,7.825871,7.6895027,7.5950837,891970370.0,6917486600.0
2021-08-09,7.884757,7.7641335,7.619771,7.545298,1030268540.0,7936663000.0
2021-08-10,7.841347,7.7482967,7.6374035,7.5587325,772338940.0,5944264000.0
2021-08-11,7.8255134,7.7834606,7.650229,7.6340694,805842560.0,6223778300.0
2021-08-12,7.903325,7.86211,7.7293134,7.7141504,1009924740.0,7879660000.0
2021-08-13,8.004614,7.9136467,7.748549,7.760247,1245601700.0,9786398000.0
2021-08-16,7.9827724,7.876335,7.776869,7.720207,1110995000.0,8709140000.0
2021-08-17,7.988481,7.9287972,7.7700753,7.6729665,1204854900.0,9446158000.0
2021-08-18,7.896844,8.000064,7.7264423,7.832373,1648811600.0,12966141000.0
2021-08-19,8.198558,8.225163,7.9785995,8.032688,2254586600.0,18281884000.0
2021-08-20,8.295118,8.21333,8.080053,8.040342,1261040800.0,10286576000.0
2021-08-23,8.343535,8.220054,8.084068,7.986767,1003952060.0,8190849000.0
2021-08-24,8.323841,8.191547,8.041775,7.9706683,1105049700.0,8986218000.0
2021-08-25,8.2333,8.133458,8.002426,7.8936043,975798200.0,7870492000.0
2021-08-26,8.178591,8.091503,7.9456754,7.91023,1248640400.0,10028455000.0
2021-08-27,8.236854,8.181596,8.058906,8.012366,902997900.0,7334537700.0
2021-08-30,8.327125,8.189127,8.070684,7.9672375,1451885300.0,11816231000.0
2021-08-31,8.284724,8.207684,8.070416,7.9659166,1048582400.0,8527266000.0
2021-09-01,8.266397,8.158467,8.03535,7.9479704,899545600.0,7288161000.0
2021-09-02,8.233299,8.13803,8.037493,7.9477077,814609660.0,6589485600.0
2021-09-03,8.233845,8.097418,7.9823475,7.922369,948970560.0,7647748000.0
2021-09-07,8.2002,8.08451,7.9628077,7.923162,831119700.0,6684420600.0
2021-09-08,8.228649,8.125658,7.950227,7.845042,1100680600.0,8846604000.0
2021-09-09,8.163,8.065955,7.9068627,7.804399,1084463400.0,8659499000.0
2021-09-10,8.139199,8.028839,7.872061,7.838178,1306483300.0,10412109000.0
2021-09-13,8.194184,8.105489,7.979673,7.9120793,1207086300.0,9714458000.0
2021-09-14,8.295392,8.211179,8.079249,8.044829,1566278700.0,12777173000.0
2021-09-15,8.30907,8.210911,8.050876,8.055387,1079901000.0,8808279000.0
2021-09-16,8.320286,8.189127,8.017951,7.914189,2285236500.0,18534154000.0
2021-09-17,8.105828,8.033681,7.749998,7.7671847,2114348500.0,16733320000.0
2021-09-20,8.088324,8.001947,7.8717957,7.7803817,1235295200.0,9802824000.0
2021-09-21,8.116772,8.074023,7.883574,7.8801436,1470720600.0,11749041000.0
2021-09-22,8.174761,8.092308,7.9644127,7.9060063,1027637100.0,8256419300.0
2021-09-23,8.157803,8.062727,7.948353,7.900466,828479360.0,6642198000.0
2021-09-24,8.100633,7.9731708,7.841547,7.763755,1301998000.0,10311533000.0
2021-09-27,7.9272065,7.820145,7.568776,7.4826784,2385417500.0,18367003000.0
2021-09-28,7.7986417,7.7123003,7.575735,7.4953456,1455663700.0,11129286000.0
2021-09-29,7.815329,7.7408094,7.538528,7.440452,1786519400.0,13637896000.0
2021-09-30,7.717127,7.79863,7.5296936,7.6299458,1661836300.0,12744371000.0
2021-10-01,7.8615575,7.738658,7.5018554,7.471858,1731675900.0,13236034000.0
2021-10-04,7.769922,7.809927,7.6035757,7.6209745,1380504200.0,10631401000.0
2021-10-05,7.8172426,7.896792,7.6426563,7.7357774,1546741800.0,12023005000.0
2021-10-06,8.074372,7.9777436,7.8677807,7.7817016,1128491600.0,8943747000.0
2021-10-07,8.102821,7.9777436,7.8634977,7.7817016,976880900.0,7748073000.0
2021-10-08,8.012553,8.013513,7.836462,7.7653394,1065970370.0,8428592000.0
2021-10-11,8.078751,7.9454722,7.825755,7.7297106,992810700.0,7838163000.0
2021-10-12,8.066986,7.994954,7.8562684,7.820233,1293414400.0,10262739000.0
2021-10-13,8.184607,8.156046,7.972442,7.9901967,1505884000.0,12161252000.0
2021-10-14,8.270227,8.187783,8.044452,8.02873,1402145700.0,11403369000.0
2021-10-15,8.303872,8.288902,8.102538,8.110018,1255467500.0,10296506000.0
2021-10-18,8.434625,8.318215,8.2238,8.134827,976682200.0,8084844500.0
2021-10-19,8.45815,8.328975,8.194087,8.113186,913437250.0,7557414000.0
2021-10-20,8.402348,8.364473,8.200779,8.201599,934482050.0,7749005000.0
2021-10-21,8.4907,8.366356,8.239325,8.15937,963823360.0,8013167600.0
2021-10-22,8.462252,8.320906,8.203455,8.132187,969634100.0,8028279000.0
2021-10-25,8.507114,8.4015875,8.260741,8.184444,1552524500.0,12945683000.0
2021-10-26,8.643884,8.770031,8.458827,8.529125,2904770600.0,24982383000.0
2021-10-27,8.871742,8.736951,8.602305,8.560267,1452581400.0,12627024000.0
2021-10-28,8.866273,8.928703,8.670298,8.752137,1920322200.0,16907193000.0
2021-10-29,9.064042,8.9149885,8.736417,8.692756,1495405400.0,13237405000.0
2021-11-01,9.03532,8.967699,8.833585,8.791989,1463031900.0,13031442000.0
2021-11-02,9.133521,9.006695,8.850985,8.814951,1187571700.0,10630594000.0
2021-11-03,9.105894,9.050801,8.820469,8.879348,1325224400.0,11879482000.0
2021-11-04,9.259624,9.111312,8.951901,8.869318,1246673900.0,11279954000.0
2021-11-05,9.226525,9.080653,8.952437,8.893863,1154259100.0,10432621000.0
2021-11-08,9.221328,9.109429,8.954846,8.866416,1176927900.0,10637080000.0
2021-11-09,9.151848,8.999433,8.831443,8.7304945,1408558700.0,12576041000.0
2021-11-10,9.061033,8.976305,8.847237,8.773515,930709500.0,8296830500.0
2021-11-11,9.134068,9.069357,8.935037,8.886736,1316320600.0,11855179000.0
2021-11-12,9.23309,9.086839,8.941462,8.869582,923705600.0,8343595500.0
2021-11-15,9.182211,9.161871,8.981079,8.96037,1153695900.0,10465617000.0
2021-11-16,9.288347,9.219586,9.064285,8.966452,1050504900.0,9596014000.0
2021-11-17,9.26752,9.226591,9.040686,9.023298,1238520000.0,11319483000.0
2021-11-18,9.389743,9.29799,9.176919,9.071948,1210947100.0,11182067000.0
2021-11-19,9.444001,9.421118,9.10585,8.985222,1710892900.0,15807022000.0
2021-11-22,9.236553,9.145763,8.945216,8.928377,1677618800.0,15205900000.0
2021-11-23,9.215452,9.111006,8.954601,8.934459,1194291000.0,10812967000.0
2021-11-24,9.162563,9.10481,8.799329,8.716855,1335209900.0,11944638000.0
2021-11-26,9.17873,9.134445,8.976859,8.900615,1574842200.0,14248642000.0
2021-11-29,9.189146,9.100769,8.82266,8.740916,2364487700.0,21193785000.0
2021-11-30,9.183939,9.141183,8.833388,8.727431,1838060800.0,16490137000.0
2021-12-01,9.051576,8.985182,8.790747,8.71183,1696276500.0,15071136000.0
2021-12-02,9.097888,8.963898,8.528741,8.540497,2303492400.0,20231010000.0
2021-12-03,8.877561,8.822449,8.560923,8.624578,1655840600.0,14441211000.0
2021-12-06,9.088299,9.047422,8.852429,8.855404,1710385200.0,15326572000.0
2021-12-07,9.188871,9.039339,8.8712,8.856725,1365192100.0,12271757000.0
2021-12-08,9.164208,9.066012,8.9066,8.8072815,1224774800.0,11005858000.0
2021-12-09,9.179828,9.24141,8.978202,9.056878,2100397700.0,19143190000.0
2021-12-10,9.336031,9.262695,9.093247,8.973855,1593361800.0,14605483000.0
2021-12-13,9.131597,9.016169,8.691792,8.681425,2450117400.0,21757643000.0
2021-12-14,9.005263,9.030987,8.7022505,8.848264,1950728800.0,17355033000.0
2021-12-15,9.199831,9.073285,8.662559,8.590468,1931636000.0,17155895000.0
2021-12-16,8.793429,8.754283,8.507824,8.561385,2632702000.0,22784008000.0
2021-12-17,8.770683,8.697164,8.516406,8.458532,1561775100.0,13447972000.0
2021-12-20,8.859475,8.829993,8.576209,8.653664,1364067200.0,11908083000.0
2021-12-21,8.996767,8.988415,8.735771,8.809924,1369079200.0,12161146000.0
2021-12-22,9.118715,9.063317,8.922956,8.84932,1081623000.0,9722253000.0
2021-12-23,9.192981,9.2274,8.995364,9.054499,1099773300.0,10027251000.0
2021-12-27,9.403719,9.263234,9.126502,9.02277,863493250.0,7947641000.0
2021-12-28,9.353021,9.276435,9.109338,9.041278,829337300.0,7625771000.0
2021-12-29,9.369738,9.244913,9.086276,8.97174,881853100.0,8084976600.0
2021-12-30,9.276564,9.143337,9.006627,8.892419,992470100.0,9011367000.0
2021-12-31,9.189967,9.106695,8.843845,8.850907,1591470700.0,14319820000.0
2022-01-03,9.175715,9.031255,8.745693,8.699139,1801490400.0,16056595000.0
2022-01-04,8.929901,8.785267,8.473765,8.365198,2208384800.0,19077204000.0
2022-01-05,8.581596,8.586699,8.353356,8.299098,2185878500.0,18482014000.0
2022-01-06,8.609,8.527424,8.315812,8.3033285,1804009600.0,15223841000.0
2022-01-07,8.481295,8.479464,8.170996,8.309407,2441892000.0,20414927000.0
2022-01-10,8.587898,8.530386,8.310448,8.328181,1620234600.0,13673529000.0
2022-01-11,8.760271,8.713599,8.503264,8.41517,1895103500.0,16294243000.0
2022-01-12,8.782193,8.645433,8.152493,8.059018,2501244200.0,21034924000.0
2022-01-13,8.337696,8.374385,8.145786,8.201795,2196923000.0,18157382000.0
2022-01-14,8.332765,8.346904,8.091884,8.002171,2334032000.0,19123728000.0
2022-01-18,8.393602,8.45764,8.117629,8.020149,2532555800.0,20886634000.0
2022-01-19,8.469788,8.39675,8.075796,7.97441,1950706800.0,16052729000.0
2022-01-20,8.29495,8.193602,7.9274955,7.8271375,3196956400.0,25770017000.0
2022-01-21,8.007479,8.004999,7.4029455,7.836126,4726787600.0,36929860000.0
2022-01-24,7.9888425,7.9478793,7.6475196,7.6277742,4016492300.0,31340706000.0
2022-01-25,8.440188,8.311878,7.8583045,7.8451147,4985777700.0,40453960000.0
2022-01-26,8.2941265,8.279549,7.9897113,7.9278746,2948679400.0,23951577000.0
2022-01-27,8.227536,8.311342,7.896388,8.150503,2742607400.0,22342492000.0
2022-01-28,8.466499,8.416419,8.21605,8.222421,2560706800.0,21331577000.0
2022-01-31,8.506511,8.36927,8.182798,8.163725,2257790500.0,18752252000.0
2022-02-01,8.485132,8.490241,8.283361,8.287991,2019917800.0,16940406000.0
2022-02-02,8.481296,8.385434,8.04415,7.965155,2411043800.0,19816393000.0
2022-02-03,8.226987,8.319963,8.044419,8.089162,1935037400.0,15809512000.0
2022-02-04,8.390314,8.294097,8.042541,7.957223,1573177200.0,12854499000.0
2022-02-07,8.255488,8.23267,8.043884,8.052674,1787535200.0,14561582000.0
2022-02-08,8.491708,8.404292,8.2434025,8.228499,1724875300.0,14388867000.0
2022-02-09,8.331945,8.328586,8.063997,7.995034,2502357500.0,20469010000.0
2022-02-10,8.308654,8.198454,7.8902216,7.800964,2159937000.0,17386570000.0
2022-02-11,8.050505,7.9955716,7.8132534,7.799904,2004672600.0,15866599000.0
2022-02-14,8.221507,8.104421,7.965308,7.9445333,1491853000.0,12022758000.0
2022-02-15,8.19347,8.123069,7.892023,7.93526,1649645000.0,13256475000.0
2022-02-16,8.138273,8.013183,7.7931304,7.702898,1786069900.0,14131155000.0
2022-02-17,8.047377,7.9338055,7.693968,7.62871,1885240000.0,14753823000.0
2022-02-18,7.8263183,7.87117,7.6453285,7.623147,2296362500.0,17777270000.0
2022-02-22,7.9685664,7.8754916,7.5270896,7.4257603,2080410100.0,16017549000.0
2022-02-23,7.483334,7.968905,7.296519,7.8051677,3135630800.0,23951458000.0
2022-02-24,8.104772,8.035592,7.8374705,7.877235,1790752100.0,14261133000.0
2022-02-25,8.081979,8.076361,7.873749,7.916448,1905239800.0,15217407000.0
2022-02-28,8.139372,8.098769,7.850907,7.8147073,1717634700.0,13699748000.0
2022-03-01,8.110811,8.139266,7.892559,7.9535394,1753684700.0,14071643000.0
2022-03-02,8.317594,8.184085,7.9019656,7.840408,1502871200.0,12114664000.0
2022-03-03,8.0814295,7.982404,7.717079,7.679846,1780287400.0,14002298000.0
2022-03-04,7.923256,7.8212237,7.4848986,7.3897266,2374552600.0,18176668000.0
2022-03-07,7.628601,7.6665206,7.2556725,7.3086514,2649784300.0,19780272000.0
2022-03-08,7.7834783,7.8187914,7.54536,7.6438117,1936987500.0,14910661000.0
2022-03-09,7.771947,7.7377977,7.5399876,7.5667133,1685183400.0,12898582000.0
2022-03-10,7.9076033,7.8163643,7.509084,7.420461,1497083000.0,11472714000.0
2022-03-11,7.69835,7.705397,7.4120708,7.3242817,1686983000.0,12711460000.0
2022-03-14,7.698626,7.7707353,7.4902725,7.6080446,1884200100.0,14398904000.0
2022-03-15,7.939184,7.952978,7.6103964,7.7998714,2081240600.0,16286973000.0
2022-03-16,8.053968,7.981054,7.7761993,7.82186,1695560400.0,13408950000.0
2022-03-17,8.111087,8.126576,7.8664923,7.9598985,2387394800.0,19137390000.0
2022-03-18,8.207748,8.103357,7.924805,7.926249,1559911800.0,12542533000.0
2022-03-21,8.232739,8.234572,8.028806,8.056077,1518563100.0,12358140000.0
2022-03-22,8.252236,8.186785,8.000588,7.9349937,1414887200.0,11451603000.0
2022-03-23,8.214616,8.212974,8.016713,8.057137,1347161700.0,10946173000.0
2022-03-24,8.381852,8.248072,8.04278,8.046009,1241631400.0,10156145000.0
2022-03-25,8.357136,8.391163,8.178218,8.232003,1627422300.0,13490729000.0
2022-03-28,8.62021,8.526696,8.305058,8.356794,1672275600.0,14134390000.0
2022-03-29,8.616093,8.530208,8.373047,8.315728,1549589400.0,13107619000.0
2022-03-30,8.619937,8.50834,8.273888,8.168681,1838917200.0,15433502000.0
2022-03-31,8.495539,8.3730755,8.210735,8.198091,1491646800.0,12409547000.0
2022-04-01,8.51531,8.507528,8.322795,8.345138,1336438100.0,11256408000.0
2022-04-04,8.602634,8.501047,8.327093,8.236772,1274105000.0,10723997000.0
2022-04-05,8.3807535,8.288569,7.973448,7.93526,2206914300.0,17974230000.0
2022-04-06,8.146513,8.198124,7.9637737,7.984805,1728275700.0,13952896000.0
2022-04-07,8.250312,8.129816,7.96189,7.868225,1340416500.0,10793785000.0
2022-04-08,8.012777,7.9000583,7.6587653,7.5579696,1902037800.0,14802405000.0
2022-04-11,7.9427524,7.849571,7.5375686,7.4731855,1703819000.0,13120718000.0
2022-04-12,7.7639823,7.791253,7.5593348,7.6204967,1205356400.0,9261678000.0
2022-04-13,7.9111714,7.7839637,7.5061264,7.4141,1552781200.0,11884740000.0
2022-04-14,7.659085,7.6260247,7.479794,7.432385,1143226200.0,8630583000.0
2022-04-18,7.671991,7.7261896,7.4816747,7.55903,1226841700.0,9335924000.0
2022-04-19,7.947145,7.821492,7.6687074,7.587113,1260349800.0,9775417000.0
2022-04-20,7.924629,7.918689,7.526015,7.440068,1620621600.0,12482595000.0
2022-04-21,7.73515,7.6460032,7.3465037,7.2604313,1617936600.0,12129707000.0
2022-04-22,7.504754,7.5895753,7.276365,7.4376826,1963088900.0,14629124000.0
2022-04-25,7.6203628,7.515328,7.255672,7.159484,2559489500.0,18908770000.0
2022-04-26,7.746682,7.8557806,7.5018277,7.503919,3492607200.0,26725614000.0
2022-04-27,7.831537,7.8560514,7.5636353,7.6737533,1851269800.0,14312618000.0
2022-04-28,7.925452,7.826353,7.4303465,7.352898,2039843300.0,15571679000.0
2022-04-29,7.62613,7.69298,7.422822,7.537039,1934048900.0,14640253000.0
2022-05-02,7.7977614,7.6711125,7.528434,7.465769,1429368400.0,10885740000.0
2022-05-03,7.7601385,7.8533516,7.4365273,7.6830263,1848667400.0,14203794000.0
2022-05-04,7.84115,7.7310495,7.372302,7.348396,2380230400.0,18026019000.0
2022-05-05,7.546493,7.539357,7.2898,7.278977,2078710300.0,15410845000.0
2022-05-06,7.416056,7.353338,7.076163,7.010053,2625932300.0,18943220000.0
2022-05-09,7.460816,7.3908653,7.1231894,7.140408,2164328400.0,15753757000.0
2022-05-10,7.2957754,7.326337,6.9681315,6.903276,2694703900.0,19195400000.0
2022-05-11,7.0763655,7.016395,6.718753,6.765504,2807931100.0,19358589000.0
2022-05-12,7.0670295,7.1017113,6.8619857,6.9183803,1921614100.0,13426850000.0
2022-05-13,7.1387005,7.176766,6.87354,6.9284472,1790983400.0,12589474000.0
2022-05-16,7.3075833,7.2445316,7.05305,7.0694003,1586189800.0,11370826000.0
2022-05-17,7.2390027,7.133405,6.8084736,6.7475333,1721230000.0,12017806000.0
2022-05-18,6.9885287,6.9729323,6.7845025,6.7225714,1794583300.0,12323644000.0
2022-05-19,7.0804615,6.9964757,6.637974,6.707169,2151773000.0,14751522000.0
2022-05-20,7.0322924,7.0765758,6.8262506,6.922011,1821102600.0,12682672000.0
2022-05-23,7.0983534,7.0719767,6.828138,6.894659,1594311200.0,11117581000.0
2022-05-24,7.1052322,7.1599245,6.9259114,6.9716716,1567084500.0,11033349000.0
2022-05-25,7.2189093,7.22839,7.041734,7.061434,1372444300.0,9795982000.0
2022-05-26,7.389839,7.396984,7.206849,7.2563605,1477218700.0,10802174000.0
2022-05-27,7.5013165,7.435684,7.243753,7.2199807,2076481200.0,15262517000.0
2022-05-31,7.574805,7.5147014,7.2736487,7.2345843,1388368800.0,10273145000.0
2022-06-01,7.278914,7.432434,7.046314,7.291946,2415749000.0,17544140000.0
2022-06-02,7.44021,7.3999624,7.2297454,7.170849,1540246900.0,11259501000.0
2022-06-03,7.4883766,7.419715,7.1976905,7.1371207,1229623300.0,8989439000.0
2022-06-06,7.339193,7.3913007,7.1632133,7.236708,1254896100.0,9138911000.0
2022-06-07,7.478744,7.387784,7.2620673,7.181206,953620300.0,6987605000.0
2022-06-08,7.3705726,7.3799367,7.1279297,7.031958,1451358300.0,10489837000.0
2022-06-09,7.172394,7.05168,6.80201,6.718588,1724896500.0,11964171000.0
2022-06-10,6.746586,6.7388496,6.5057197,6.4336333,2532539600.0,16730457000.0
2022-06-13,6.7121806,6.6500883,6.5051813,6.4928555,1572771100.0,10364681000.0
2022-06-14,6.8346653,6.9087954,6.637434,6.6859226,1817605600.0,12299199000.0
2022-06-15,6.7705326,6.6955514,6.545854,6.505603,1820761900.0,12070531000.0
2022-06-16,6.735301,6.7789006,6.5730586,6.5767746,2365060600.0,15765515000.0
2022-06-17,6.888338,6.8939114,6.7206645,6.738505,1642858800.0,11188451000.0
2022-06-21,6.9332027,6.9593997,6.7438283,6.722305,1423923100.0,9739184000.0
2022-06-22,7.034496,7.018936,6.83164,6.874476,1419613700.0,9851958000.0
2022-06-23,7.206249,7.2519355,7.0495467,7.109237,1862151400.0,13322283000.0
2022-06-24,7.382407,7.260595,7.091566,7.034613,1351200400.0,9718232000.0
2022-06-27,7.2659783,7.2229795,6.9040956,6.811271,1498336000.0,10564890000.0
2022-06-28,7.090095,7.0892963,6.889012,6.911656,1101694500.0,7706369000.0
2022-06-29,7.0752316,7.023266,6.811976,6.820565,1741809200.0,12075544000.0
2022-06-30,7.0570655,7.02976,6.858035,6.8935957,1253633400.0,8724805000.0
2022-07-01,7.0507364,7.11663,6.8615394,6.980439,1259303400.0,8818066000.0
2022-07-05,7.2596464,7.252205,7.0678616,7.0696664,1307796600.0,9366889000.0
2022-07-06,7.2973566,7.2811623,7.138434,7.127827,1145065600.0,8257291300.0
2022-07-07,7.2882733,7.2551827,7.0918355,7.108175,1079133600.0,7754510300.0
2022-07-08,7.3119435,7.2126956,7.0619364,7.024521,1067957300.0,7638857000.0
2022-07-11,7.3182745,7.1967297,6.7888107,6.7366457,1968935200.0,13802461000.0
2022-07-12,6.8864126,6.8614388,6.6829557,6.7114177,1619205100.0,10987208000.0
2022-07-13,6.8968706,6.9044647,6.6245046,6.7475333,1377972000.0,9361037000.0
2022-07-14,7.0386233,7.045997,6.862345,6.817644,1634394200.0,11344580000.0
2022-07-15,7.1495476,7.0587153,6.8227496,6.7520485,1151383900.0,7997243000.0
2022-07-18,7.0898194,7.0284076,6.8329854,6.8922687,1373020400.0,9557417000.0
2022-07-19,7.1536765,7.1677737,6.973858,6.9650335,1250921700.0,8837869000.0
2022-07-20,7.1506495,7.1683154,6.923219,7.0332847,1229864600.0,8693750000.0
2022-07-21,7.3006587,7.1802216,6.9781675,6.91431,1201133600.0,8520048600.0
2022-07-22,7.183954,7.076576,6.917293,6.873678,1155830300.0,8105693700.0
2022-07-25,7.1525755,7.0327373,6.722281,6.6896405,2159935700.0,14902062000.0
2022-07-26,7.188359,7.3079524,6.9722424,7.136856,2524755500.0,18055416000.0
2022-07-27,7.424795,7.5187607,7.215199,7.3405457,1836686600.0,13545243000.0
2022-07-28,7.643618,7.6313376,7.4511547,7.4555373,1764968400.0,13317414000.0
2022-07-29,7.6469183,7.6118507,7.429873,7.383035,1182376800.0,8889014000.0
2022-08-01,7.5968246,7.5201144,7.336678,7.298321,1249049900.0,9290413000.0
2022-08-02,7.6177416,7.6719265,7.4506125,7.5014772,1291027100.0,9760731000.0
2022-08-03,7.756468,7.680047,7.546506,7.5328164,993494700.0,7579330600.0
2022-08-04,7.683528,7.675988,7.5063715,7.513165,920810700.0,6993339000.0
2022-08-05,7.818399,7.7374187,7.523611,7.444383,1028653760.0,7849608700.0
2022-08-08,7.697015,7.6605625,7.4775496,7.4969645,1284785400.0,9742557000.0
2022-08-09,7.9318013,7.842687,7.7288585,7.6791444,1355191200.0,10564559000.0
2022-08-10,8.005568,7.8805733,7.717277,7.622313,1101480400.0,8598633000.0
2022-08-11,7.9403324,7.8995147,7.728857,7.752174,1241667000.0,9722525000.0
2022-08-12,8.009696,7.960945,7.8142433,7.7936034,992781100.0,7837632000.0
2022-08-15,8.036945,7.9571576,7.8225946,7.773421,993725250.0,7847974000.0
2022-08-16,7.9919424,7.955335,7.8135552,7.7529287,999864400.0,7877371400.0
2022-08-17,8.004355,7.9162846,7.8030286,7.7223244,941406400.0,7400865000.0
2022-08-18,7.968774,7.8441486,7.708015,7.6153398,1126760300.0,8770780000.0
2022-08-19,7.7806573,7.660012,7.4828978,7.391791,1372768600.0,10403993000.0
2022-08-22,7.625087,7.5623817,7.433769,7.356926,960096300.0,7195481600.0
2022-08-23,7.5966763,7.518179,7.425941,7.3396277,993488300.0,7421463000.0
2022-08-24,7.6496344,7.56672,7.4100146,7.4210625,908387100.0,6823675000.0
2022-08-25,7.697907,7.602519,7.233485,7.134707,1509064600.0,11192965000.0
2022-08-26,7.33298,7.251598,7.122003,7.058592,1114079900.0,8011675000.0
2022-08-29,7.355601,7.2421083,7.0358987,6.9984484,1247110700.0,8926836000.0
2022-08-30,7.3202934,7.2437344,7.0539827,6.9585276,1358017500.0,9701860000.0
2022-08-31,7.1404505,7.0750556,6.8941865,6.9300513,1274296600.0,8932737000.0
2022-09-01,7.2185116,7.1794624,6.8688135,6.8145504,1251947600.0,8789091000.0
2022-09-02,7.066804,6.99207,6.800522,6.7397676,1168292400.0,8060972500.0
2022-09-06,7.025429,7.0191894,6.8350725,6.868575,1321585400.0,9167926000.0
2022-09-07,7.1029387,7.062581,6.877452,6.880019,1113060600.0,7769996000.0
2022-09-08,7.1854124,7.1927524,7.025912,7.0381017,1209730800.0,8601845000.0
2022-09-09,7.3310504,7.2529554,7.1573644,7.096383,1026940600.0,7403665000.0
2022-09-12,7.139623,7.0617666,6.7910748,6.706236,1826989800.0,12651311000.0
2022-09-13,6.993156,6.8944426,6.744377,6.712356,1309879700.0,8954446000.0
2022-09-14,6.8894444,6.8176966,6.5867405,6.530323,1727164400.0,11582453000.0
2022-09-15,6.737461,6.6522713,6.5338354,6.513291,2179670800.0,14405913000.0
2022-09-16,6.688087,6.6479316,6.501174,6.5074353,1469494000.0,9678318000.0
2022-09-19,6.677054,6.6037283,6.468513,6.4523463,1460368100.0,9566011000.0
2022-09-20,6.7377367,6.716272,6.448538,6.3592005,1568021100.0,10294743000.0
2022-09-21,6.561204,6.6132197,6.412638,6.4132247,1701435800.0,11059454000.0
2022-09-22,6.607269,6.539186,6.348666,6.3317895,1872054700.0,12087347000.0
2022-09-23,6.5385866,6.5478635,6.394553,6.319281,1517002000.0,9784771000.0
2022-09-26,6.6194053,6.5573554,6.329771,6.2916036,1480000100.0,9545310000.0
2022-09-27,6.5319667,6.571728,6.335979,6.415621,1590156400.0,10278491000.0
2022-09-28,6.5893383,6.507184,6.3273406,6.3206105,1505499000.0,9689569000.0
2022-09-29,6.5727897,6.5231853,6.2819943,6.1981916,1955249800.0,12501945000.0
2022-09-30,6.4933496,6.5522017,6.3340893,6.4068375,1581978400.0,10198412000.0
2022-10-03,6.760355,6.789493,6.6126537,6.623469,1911077800.0,12797518000.0
2022-10-04,6.7851796,6.795459,6.5888996,6.631984,1114550800.0,7467915000.0
2022-10-05,6.8386908,6.78895,6.642345,6.567847,1108678700.0,7438633000.0
2022-10-06,6.644782,6.5443387,6.2938714,6.233854,2068900700.0,13301401000.0
2022-10-07,6.428254,6.3610144,6.1200385,6.1010537,1629261600.0,10187105000.0
2022-10-10,6.278477,6.2118597,6.0493174,5.998859,1669270800.0,10240355000.0
2022-10-11,6.217242,6.1793165,6.045268,6.007907,1199827500.0,7333865500.0
2022-10-12,6.064157,6.4027777,5.914895,6.233854,2330854700.0,14343895000.0
2022-10-13,6.4969354,6.433692,6.1634955,6.08269,1654185300.0,10411779000.0
2022-10-14,6.504659,6.480337,6.347046,6.3214097,1541547500.0,9886504000.0
2022-10-17,6.7093263,6.615118,6.3532543,6.3472247,1442253400.0,9383634000.0
2022-10-18,6.5383105,6.497965,6.3241024,6.293466,1094754300.0,7021164000.0
2022-10-19,6.50328,6.5440664,6.339758,6.2846837,1194738600.0,7667768300.0
2022-10-20,6.4748693,6.5898976,6.3297706,6.443564,1440615600.0,9305692000.0
2022-10-21,6.7236695,6.7211537,6.513321,6.5800896,1364557800.0,9053239000.0
2022-10-24,6.8202105,6.807934,6.6355977,6.6708403,1904893400.0,12826877000.0
2022-10-25,6.3763976,6.4624386,6.2099233,6.1561427,4521459000.0,28490736000.0
2022-10-26,6.3728113,6.33742,6.0943947,6.0345206,2214333700.0,13750540000.0
2022-10-27,6.240413,6.416337,6.1016836,6.2772326,2226554000.0,13935817000.0
2022-10-28,6.447838,6.3707767,6.2393456,6.1776996,1553324500.0,9799793000.0
2022-10-31,6.4710064,6.393013,6.1362324,6.07231,1675751200.0,10503844000.0
2022-11-01,6.329231,6.2726064,5.9394574,5.857544,2103815700.0,12832665000.0
2022-11-02,6.070775,5.9772806,5.7758813,5.701856,2006691100.0,11802250000.0
2022-11-03,6.0007143,6.0092807,5.7610354,5.891874,2015192400.0,11921327000.0
2022-11-04,6.1231847,6.194233,5.9729285,6.0643277,1834916000.0,11172194000.0
2022-11-07,6.3082666,6.2820973,6.096014,6.09094,1544297300.0,9565886000.0
2022-11-08,6.271581,6.2001987,6.0552554,5.974907,1525695100.0,9345623000.0
2022-11-09,6.493901,6.5988464,6.3432665,6.4664507,2534417200.0,16411911000.0
2022-11-10,6.7024307,6.7252216,6.530326,6.5763636,1896386600.0,12579841000.0
2022-11-11,6.674847,6.614576,6.4569063,6.428395,1704837400.0,11155913000.0
2022-11-14,6.7760773,6.698373,6.4790397,6.439572,1719451900.0,11345400000.0
2022-11-15,6.7157865,6.630225,6.5078554,6.4513144,1316047100.0,8654715000.0
2022-11-16,6.5772047,6.615267,6.4323335,6.4499793,1263073900.0,8233595400.0
2022-11-17,6.735703,6.628594,6.4702306,6.437704,1508330600.0,9906803000.0
2022-11-18,6.678168,6.6538854,6.528699,6.459855,1441756300.0,9486975000.0
2022-11-21,6.737914,6.671289,6.5157046,6.5393844,1074198700.0,7106977000.0
2022-11-22,6.7799597,6.7520604,6.61207,6.60744,1065611800.0,7126686000.0
2022-11-23,6.8408136,6.763482,6.678659,6.605038,502574850.0,3378307300.0
2022-11-25,6.806791,6.7077317,6.5181417,6.452115,1353458300.0,8961511000.0
2022-11-28,6.6773386,6.6027584,6.448035,6.413952,980825900.0,6410208000.0
2022-11-29,6.6543794,6.943787,6.492697,6.8092017,2599735600.0,17483264000.0
2022-11-30,7.0222683,6.965271,6.792076,6.797192,1422463600.0,9806751000.0
2022-12-01,6.9102435,6.9636407,6.7587833,6.806,1175950000.0,8066625000.0
2022-12-02,6.97082,6.902723,6.7146606,6.677363,1280105100.0,8725698000.0
2022-12-05,6.9379044,6.84942,6.598807,6.5417876,1227033300.0,8260364000.0
2022-12-06,6.772215,6.694406,6.5563087,6.521771,1118760000.0,7424286700.0
2022-12-07,6.7724915,6.7645707,6.579317,6.6026363,1235123100.0,8250318000.0
2022-12-08,6.768618,6.7528753,6.609092,6.5497932,1125762700.0,7508944000.0
2022-12-09,6.8446865,6.8679123,6.6905694,6.7390122,1675018100.0,11365911000.0
2022-12-12,7.2385764,7.177395,6.850274,6.8567066,2304919300.0,16205284000.0
2022-12-13,7.112444,7.141226,6.88384,6.8647137,1934247700.0,13540809000.0
2022-12-14,7.0181203,6.913057,6.6951714,6.645604,1942413800.0,13243355000.0
2022-12-15,6.875114,6.7944856,6.5914984,6.530312,4703144400.0,31500966000.0
2022-12-16,6.773044,6.6685705,6.461568,6.4171534,1622105000.0,10673586000.0
2022-12-19,6.6220164,6.606022,6.4537187,6.453183,1373810700.0,8976116000.0
2022-12-20,6.685359,6.67972,6.499464,6.5233717,1294050600.0,8536824300.0
2022-12-21,6.6734653,6.5810013,6.3305554,6.3568387,1565040400.0,10150015000.0
2022-12-22,6.5310116,6.4961514,6.33245,6.3712497,1158389000.0,7451586600.0
2022-12-23,6.6026535,6.4977837,6.3836107,6.3240128,911580500.0,5881531000.0
2022-12-27,6.552588,6.519269,6.338677,6.259161,953558140.0,6119386600.0
2022-12-28,6.5182877,6.5790977,6.378738,6.432099,1079934000.0,6994792400.0
2022-12-29,6.5891004,6.5257955,6.406078,6.400341,1198345500.0,7765672400.0
2022-12-30,6.7238092,6.683257,6.4261093,6.393936,1405994400.0,9218792000.0
2023-01-03,6.425071,6.3329797,6.1164427,6.114244,2765199400.0,17274710000.0
2023-01-04,6.2845526,6.1883,6.002753,5.933031,2162282500.0,13194591000.0
2023-01-05,6.1683774,6.139621,5.937518,6.002954,2382303500.0,14441805000.0
2023-01-06,6.263808,6.288652,6.1286235,6.0614014,1495019100.0,9247622000.0
2023-01-09,6.3000436,6.2905555,6.153527,6.107572,1476671200.0,9174447000.0
2023-01-10,6.3976865,6.416742,6.255846,6.2922535,1566001700.0,9929440000.0
2023-01-11,6.5075,6.5241632,6.3221645,6.365379,1489540500.0,9577450000.0
2023-01-12,6.5556297,6.5097494,6.3589773,6.384594,1165287800.0,7518714000.0
2023-01-13,6.582461,6.55163,6.4177165,6.414485,1629473700.0,10577847000.0
2023-01-17,6.6820407,6.591608,6.3752193,6.293321,1640256100.0,10637959000.0
2023-01-18,6.466562,6.405048,6.2442064,6.1897707,1563472600.0,9891149000.0
2023-01-19,6.496436,6.547008,6.34788,6.411016,1933095000.0,12469594000.0
2023-01-20,6.6690392,6.667482,6.487012,6.473999,1744329300.0,11467889000.0
2023-01-23,6.7077656,6.634305,6.5083976,6.459588,2197721300.0,14455542000.0
2023-01-24,6.4859242,6.616627,6.250161,6.4214234,3633879300.0,23415024000.0
2023-01-25,6.739574,6.7528753,6.5506234,6.618648,1827383700.0,12180298000.0
2023-01-26,6.8872848,6.7942133,6.6813664,6.6229196,1447447900.0,9765129000.0
2023-01-27,6.7633624,6.6791763,6.5560374,6.4774685,1412953700.0,9352357000.0
2023-01-30,6.734042,6.7430854,6.576339,6.613578,1449753200.0,9665159000.0
2023-01-31,6.8599,6.939708,6.6445527,6.745418,1707507800.0,11606605000.0
2023-02-01,7.1591907,7.198336,6.963422,7.0616717,2181662500.0,15480325000.0
2023-02-02,7.179107,7.1850114,6.9593625,6.8948717,1588287700.0,11204717000.0
2023-02-03,7.1210184,7.024557,6.896562,6.852703,1229999600.0,8577661000.0
2023-02-06,7.2064905,7.3092923,7.0400257,7.140668,2777107200.0,19923298000.0
2023-02-07,7.5569553,7.5265846,7.205958,7.118518,2987110100.0,21961247000.0
2023-02-08,7.573552,7.450983,7.1136546,7.0355186,2314652200.0,16881747000.0
2023-02-09,7.234152,7.1820188,7.0557265,7.02164,1410282500.0,10045985000.0
2023-02-10,7.4031606,7.4678426,7.2314024,7.2410164,2437871000.0,17883870000.0
2023-02-13,7.5422945,7.4779043,7.289058,7.263701,2023665400.0,14961443000.0
2023-02-14,7.4405594,7.3810377,7.223192,7.2056427,1575879600.0,11523789000.0
2023-02-15,7.321318,7.2722545,7.1070466,7.0138083,1612996000.0,11579064000.0
2023-02-16,7.192929,7.0909534,6.9469423,6.9043813,1634599700.0,11497449000.0
2023-02-17,7.0567737,6.9655423,6.827271,6.760173,1547274100.0,10679967000.0
2023-02-21,7.0459576,6.934188,6.7933493,6.729136,1225460900.0,8425849300.0
2023-02-22,7.0867214,7.002347,6.7971487,6.8163576,1592045800.0,11025943000.0
2023-02-23,6.9314327,6.843128,6.732564,6.6678677,1361666200.0,9250817000.0
2023-02-24,7.000758,6.892748,6.7675695,6.693017,1154568400.0,7895543000.0
2023-02-27,6.9067535,6.856488,6.74966,6.6732187,1225455400.0,8328844000.0
2023-02-28,6.9536176,6.841221,6.6698794,6.5889416,1501935900.0,10158215000.0
2023-03-01,6.8368735,6.8540344,6.6649947,6.7184353,1351711200.0,9149172000.0
2023-03-02,6.9932714,6.9690857,6.821843,6.8302703,1676009500.0,11570528000.0
2023-03-03,7.110847,7.0917716,6.9463997,6.8725433,1313658000.0,9202687000.0
2023-03-06,7.107242,7.0255213,6.8761163,6.7997694,1169999000.0,8134022000.0
2023-03-07,7.0445724,6.939642,6.8061047,6.7877307,944806300.0,6513979000.0
2023-03-08,7.0939317,7.0765038,6.8269987,6.750808,1452249900.0,10074344000.0
2023-03-09,6.9624915,6.891931,6.718997,6.651013,1543814100.0,10507365000.0
2023-03-10,6.860444,7.03152,6.668251,6.7936163,1816562600.0,12422487000.0
2023-03-13,7.119722,7.1176734,6.943145,6.977424,1831851300.0,12895301000.0
2023-03-14,7.209291,7.265169,7.034052,7.1018343,2507903000.0,17937994000.0
2023-03-15,7.354318,7.539983,7.1444964,7.3897166,2984158700.0,21954839000.0
2023-03-16,7.716197,7.724556,7.498356,7.4761343,3788303000.0,28805542000.0
2023-03-17,7.680703,7.5650663,7.322784,7.2835,2368341500.0,17674965000.0
2023-03-20,7.6224685,7.4974513,7.313827,7.324969,1882981900.0,14008780000.0
2023-03-21,7.581427,7.6621222,7.3860097,7.285104,1900123400.0,14210387000.0
2023-03-22,7.7073226,7.6626678,7.4679627,7.428778,1994799000.0,15094011000.0
2023-03-23,7.6879106,7.650944,7.470133,7.5066347,1534993200.0,11633568000.0
2023-03-24,7.7783127,7.673574,7.476647,7.3945327,1462427800.0,11086324000.0
2023-03-27,7.647704,7.5285335,7.3824835,7.363765,1192087700.0,8917556000.0
2023-03-28,7.735608,7.66485,7.555072,7.5050306,1366902100.0,10409151000.0
2023-03-29,7.881746,7.7553635,7.63838,7.599742,1365071500.0,10536724000.0
2023-03-30,7.86788,7.8865,7.679627,7.7134495,1785304000.0,13901919000.0
2023-03-31,7.9452477,7.8592377,7.7054076,7.6848235,1355803400.0,10573476000.0
2023-04-03,7.964937,7.918673,7.7520833,7.683486,1407075000.0,11017108000.0
2023-04-04,7.926669,7.828703,7.6774573,7.6075015,1202233200.0,9329430000.0
2023-04-05,7.8534627,7.9631133,7.6533074,7.8017445,1622078300.0,12681257000.0
2023-04-06,8.019841,7.8954983,7.7260303,7.742614,1258801200.0,9876549000.0
2023-04-10,7.9238954,7.796805,7.6427226,7.567101,1486205800.0,11492280000.0
2023-04-11,7.8972764,7.8248878,7.6514072,7.584761,1493114400.0,11556083000.0
2023-04-12,7.863998,7.903677,7.6842413,7.7546535,1319809500.0,10296682000.0
2023-04-13,7.9585586,7.8649635,7.6983523,7.655661,1143556700.0,8913320000.0
2023-04-14,8.039808,7.9500265,7.7653804,7.726829,1298750300.0,10221829000.0
2023-04-17,8.085284,7.9543867,7.7884445,7.7153225,1098545500.0,8662975000.0
2023-04-18,7.930551,7.8805037,7.721419,7.717465,934459300.0,7300449000.0
2023-04-19,7.9100294,7.879957,7.73607,7.654856,1266505600.0,9872700000.0
2023-04-20,7.9033766,7.8047113,7.681257,7.6454945,1181070500.0,9163583000.0
2023-04-21,7.822403,7.7687235,7.563483,7.5387406,1449939600.0,11125876000.0
2023-04-24,7.7508607,7.6773915,7.472577,7.368849,2493965600.0,18872883000.0
2023-04-25,8.227542,8.1673155,7.943667,7.902609,3519782400.0,28370444000.0
2023-04-26,8.207298,8.320809,8.012051,8.15571,2531583200.0,20693078000.0
2023-04-27,8.430247,8.4225,8.230768,8.220724,1987100300.0,16544715000.0
2023-04-28,8.512331,8.413505,8.280702,8.175242,1160240400.0,9682722000.0
2023-05-01,8.534237,8.4293165,8.247052,8.171228,1438682600.0,12006467000.0
2023-05-02,8.502625,8.413777,8.251937,8.144207,1218361100.0,10146678000.0
2023-05-03,8.492086,8.390603,8.233212,8.171228,1227030000.0,10211077000.0
2023-05-04,8.477668,8.505383,8.256821,8.311424,1536360600.0,12886723000.0
2023-05-05,8.599957,8.457127,8.30621,8.257915,1161575300.0,9763391000.0
2023-05-08,8.540892,8.452764,8.312179,8.213768,1162785000.0,9744024000.0
2023-05-09,8.558085,8.533464,8.349087,8.355839,1638843900.0,13846786000.0
2023-05-10,8.599124,8.482206,8.310822,8.296975,1726142700.0,14538060000.0
2023-05-11,8.611603,8.469394,8.320049,8.266476,1077453700.0,9068799000.0
2023-05-12,8.571396,8.448947,8.346914,8.279586,890118300.0,7487417300.0
2023-05-15,8.591639,8.552821,8.407701,8.340588,1456439700.0,12340685000.0
2023-05-16,8.678787,8.591191,8.450829,8.41942,1321948500.0,11282906000.0
2023-05-17,8.741036,8.71715,8.531871,8.540615,1482931300.0,12801655000.0
2023-05-18,8.802453,8.709225,8.603939,8.535788,1497648800.0,12973909000.0
2023-05-19,8.854146,8.814146,8.648542,8.611939,1311113200.0,11448894000.0
2023-05-22,8.893887,8.8176985,8.573482,8.453204,1674370600.0,14541186000.0
2023-05-23,8.746595,8.647749,8.501684,8.415397,1271381400.0,10905726000.0
2023-05-24,8.983094,8.931909,8.702661,8.739035,2354210600.0,20809277000.0
2023-05-25,9.00477,9.109508,8.808181,8.925924,1991518800.0,17848180000.0
2023-05-26,9.316307,9.173445,8.988761,8.8808775,1604013400.0,14580237000.0
2023-05-30,9.234602,9.178909,8.902006,8.805264,2498225000.0,22559460000.0
2023-05-31,9.057852,9.113061,8.831026,8.917612,1455633300.0,13071423000.0
2023-06-01,9.289072,9.221534,9.043969,8.993226,1406697000.0,12852919000.0
2023-06-02,9.316028,9.250495,9.101352,9.007705,1158416400.0,10621398000.0
2023-06-05,9.319085,9.163335,9.033635,8.947106,1108892900.0,10108435000.0
2023-06-06,9.216813,9.139289,8.770649,8.670927,2213692400.0,19811260000.0
2023-06-07,9.002547,8.924804,8.793766,8.721337,1265553400.0,11213580000.0
2023-06-08,9.031728,9.016336,8.822595,8.7623625,1224848300.0,10911262000.0
2023-06-09,9.131496,9.073989,8.842992,8.898038,1318974800.0,11853137000.0
2023-06-12,9.295186,9.207326,8.985227,8.963465,1247807500.0,11371021000.0
2023-06-13,9.291573,9.263611,9.05104,9.045244,1413764700.0,12954138000.0
2023-06-14,9.378835,9.558699,9.170429,9.333756,2114851700.0,19795920000.0
2023-06-15,9.763459,9.603235,9.299608,9.179042,2530922000.0,23945904000.0
2023-06-16,9.429693,9.346673,9.133987,9.064282,1433967700.0,13255109000.0
2023-06-20,9.347988,9.227818,9.030915,8.94389,1365595000.0,12478333000.0
2023-06-21,9.285458,9.293119,9.065453,9.108791,1280727300.0,11767586000.0
2023-06-22,9.292129,9.234102,9.068446,8.983037,1258441900.0,11507731000.0
2023-06-23,9.274343,9.183554,8.933554,8.810895,1170023800.0,10589402000.0
2023-06-26,9.222651,9.184647,8.955583,8.970971,1324074500.0,12027181000.0
2023-06-27,9.300467,9.23465,9.078237,9.005293,1101460700.0,10083500000.0
2023-06-28,9.301853,9.183553,9.045871,8.98384,924086660.0,8435783000.0
2023-06-29,9.386338,9.364432,9.170429,9.131046,1458835700.0,13513285000.0
2023-06-30,9.426357,9.31443,9.1532955,9.062672,680068350.0,6283280400.0
2023-07-03,9.312416,9.334924,9.103256,9.066963,987990140.0,9093846000.0
2023-07-05,9.373832,9.371535,9.124195,9.1506195,1531057700.0,14170008000.0
2023-07-06,9.42997,9.338748,9.1649885,9.042026,1153398400.0,10661938000.0
2023-07-07,9.298799,9.159511,8.909078,8.897502,1782790400.0,16163173000.0
2023-07-10,9.2004175,9.094753,8.893031,8.914662,1451517800.0,13100987000.0
2023-07-11,9.35438,9.334924,9.12882,9.041491,1630773100.0,15027417000.0
2023-07-12,9.436639,9.392028,9.219924,9.18789,1118190000.0,10409364000.0
2023-07-13,9.659801,9.602144,9.363792,9.257071,1541468800.0,14598790000.0
2023-07-14,9.60672,9.480829,9.306409,9.270209,1107136900.0,10424848000.0
2023-07-17,9.6108885,10.021553,9.3055935,9.639162,3519683600.0,33944883000.0
2023-07-18,10.053316,9.903515,9.584892,9.520912,2160183800.0,21095619000.0
2023-07-19,9.825989,9.780835,9.392618,9.300776,1836451500.0,17584122000.0
2023-07-20,9.703154,9.571268,9.241954,9.217654,3773406700.0,35596464000.0
2023-07-21,9.611446,9.478918,9.3094015,9.253586,1450424700.0,13653337000.0
2023-07-24,9.646461,9.614713,9.38446,9.41098,2263742700.0,21537595000.0
2023-07-25,9.488887,9.417439,9.059197,9.056773,3174183200.0,29378888000.0
2023-07-26,9.462208,9.32618,8.948783,8.86774,2154877200.0,19719772000.0
2023-07-27,9.272953,9.290114,9.06083,9.072862,1548656400.0,14207667000.0
2023-07-28,9.363273,9.226997,9.065996,9.007169,1383438600.0,12680403000.0
2023-07-31,9.315195,9.249949,9.075245,9.018431,995574460.0,9124146000.0
2023-08-01,9.27184,9.115792,8.875626,8.781399,1509316000.0,13600693000.0
2023-08-02,9.059797,9.013331,8.864476,8.758877,992410300.0,8856389000.0
2023-08-03,9.2232065,9.15705,8.899558,8.788907,1290769000.0,11639097000.0
2023-08-04,9.125661,9.046938,8.907173,8.851382,964563200.0,8664467000.0
2023-08-07,9.086474,8.982455,8.784247,8.742519,1213898800.0,10802393000.0
2023-08-08,9.072859,8.937646,8.731216,8.640093,1216383200.0,10759461000.0
2023-08-09,9.060354,8.96907,8.734754,8.658864,1093533800.0,9684073000.0
2023-08-10,8.900278,8.809228,8.681176,8.607381,1324150700.0,11585676000.0
2023-08-11,8.931682,8.854311,8.704836,8.688625,1024074050.0,9006591000.0
2023-08-14,8.976423,8.882452,8.727136,8.630171,922417540.0,8121005000.0
2023-08-15,8.934161,8.882916,8.715637,8.609215,1122972300.0,9865853000.0
2023-08-16,8.926921,8.813094,8.617797,8.514631,1153261700.0,10054264000.0
2023-08-17,8.7584305,8.717535,8.490796,8.503883,1343027000.0,11573752000.0
2023-08-18,8.854234,8.837737,8.640418,8.648983,1304236200.0,11405993000.0
2023-08-21,9.065054,8.928367,8.760876,8.664566,872633900.0,7726925000.0
2023-08-22,9.018268,9.013797,8.815384,8.786558,1148335500.0,10229948000.0
2023-08-23,9.269749,9.117296,8.719996,8.59766,1263080200.0,11274474000.0
2023-08-24,8.95282,8.908652,8.688382,8.678539,1176422300.0,10360867000.0
2023-08-25,9.0695095,8.930284,8.767962,8.6978855,803402000.0,7123292000.0
2023-08-28,8.964239,9.007773,8.772325,8.824445,1046242600.0,9303393000.0
2023-08-29,9.1533375,9.030498,8.896872,8.834655,825840900.0,7415093000.0
2023-08-30,9.1680975,9.0606165,8.905865,8.806978,1432869600.0,12874892000.0
2023-08-31,9.22686,9.090188,8.905865,8.8311615,810644740.0,7306761000.0
2023-09-01,9.162527,9.168497,8.957101,8.962556,1006600300.0,9122486000.0
2023-09-05,9.284511,9.15782,8.998528,8.944555,951365440.0,8653956000.0
2023-09-06,9.226304,9.120033,8.967185,8.86475,997219900.0,9019424000.0
2023-09-07,9.192882,9.204365,8.978901,8.981901,1059562050.0,9630902000.0
2023-09-08,9.392008,9.266247,9.141605,9.080516,899689860.0,8295225000.0
2023-09-11,9.352461,9.221616,9.033955,8.914726,952976960.0,8701337000.0
2023-09-12,9.226861,9.223261,9.025508,9.030002,897579260.0,8191675000.0
2023-09-13,9.445202,9.333057,9.172676,9.100939,1099540600.0,10185009000.0
2023-09-14,9.383099,9.23832,8.984083,8.87308,2044232700.0,18642678000.0
2023-09-15,9.129107,9.046652,8.894418,8.841909,913301800.0,8199643600.0
2023-09-18,9.083713,9.018998,8.843999,8.830892,895490700.0,8009626600.0
2023-09-19,9.176731,9.024474,8.734986,8.619155,1162989300.0,10337622000.0
2023-09-20,8.8912735,8.90838,8.58482,8.585837,1929249700.0,16866615000.0
2023-09-21,8.948643,8.801594,8.61616,8.518124,1163607800.0,10147975000.0
2023-09-22,8.816914,8.698093,8.58482,8.532365,967652200.0,8377979000.0
2023-09-25,8.776254,8.649083,8.449099,8.387267,1426717200.0,12220441000.0
2023-09-26,8.697438,8.605819,8.440104,8.404731,1053051500.0,8989924000.0
2023-09-27,8.660955,8.63813,8.433564,8.427571,1067889600.0,9119836000.0
2023-09-28,8.849219,8.747379,8.584274,8.484267,1310057700.0,11353335000.0
2023-09-29,8.808281,8.8136425,8.5897255,8.646832,1115979100.0,9725335000.0
2023-10-02,8.934996,8.799952,8.481529,8.420855,1141125400.0,9881384000.0
2023-10-03,8.74562,8.762987,8.557567,8.570521,1124122500.0,9733972000.0
2023-10-04,8.8865385,8.761345,8.582095,8.581268,920430500.0,8010334000.0
2023-10-05,8.815798,9.01352,8.620248,8.793542,1392863900.0,12272213000.0
2023-10-06,9.044167,9.043915,8.807753,8.862331,1079152500.0,9647128000.0
2023-10-09,9.217113,9.06582,8.93012,8.823907,1115279400.0,10047820000.0
2023-10-10,9.224074,9.112914,8.970182,8.932194,1088484000.0,9861492000.0
2023-10-11,9.206252,9.135094,8.958737,8.898337,1047788860.0,9482076000.0
2023-10-12,9.256659,9.140568,8.894418,8.806172,1143236000.0,10317081000.0
2023-10-13,9.21962,9.20382,9.009974,8.938107,1202132500.0,10930847000.0
2023-10-16,9.178959,9.130438,8.923035,8.92252,994914240.0,8992769000.0
2023-10-17,9.259723,9.18876,8.94729,8.870124,1256146600.0,11388820000.0
2023-10-18,9.250253,9.22408,9.018421,8.902636,1359145600.0,12366659000.0
2023-10-19,9.238278,9.088272,8.869617,8.77769,1357821800.0,12211523000.0
2023-10-20,9.064218,9.11045,8.840729,8.848895,1322394900.0,11856689000.0
2023-10-23,9.226581,9.086081,8.928212,8.881408,1690168800.0,15263188000.0
2023-10-24,9.608679,9.479272,9.201292,9.153873,2986820400.0,27958964000.0
2023-10-25,9.483913,9.354141,8.910226,8.8104725,2052300300.0,18757386000.0
2023-10-26,9.202353,9.219701,8.950016,8.862062,1619797400.0,14672987000.0
2023-10-27,9.285345,9.294451,9.043494,9.063589,1238487300.0,11359059000.0
2023-10-30,9.436847,9.282128,9.121439,9.085085,1099448400.0,10149421000.0
2023-10-31,9.463024,9.512674,9.256615,9.29897,1527692800.0,14334068000.0
2023-11-01,9.670504,9.551281,9.396152,9.359428,1320951800.0,12541567000.0
2023-11-02,9.737066,9.703522,9.465922,9.479809,1282410200.0,12306751000.0
2023-11-03,9.8434515,9.789771,9.629989,9.580034,1292751000.0,12553661000.0
2023-11-06,10.009158,9.924486,9.746634,9.687516,1401560000.0,13794082000.0
2023-11-07,10.072654,9.963092,9.826212,9.759259,1452227000.0,14384750000.0
2023-11-08,10.089918,9.988281,9.821032,9.6918125,1348034800.0,13342525000.0
2023-11-09,10.067361,10.133675,9.840384,9.933108,1521361300.0,15203924000.0
2023-11-10,10.254789,10.089044,9.972017,9.852766,1084322800.0,10888937000.0
2023-11-13,10.332489,10.184329,10.011534,9.949229,1501928100.0,15198603000.0
2023-11-14,10.360996,10.237375,10.0253,9.95327,1454282900.0,14752588000.0
2023-11-15,10.352068,10.325723,10.10914,10.128283,1471727500.0,15054011000.0
2023-11-16,10.426017,10.271396,10.022297,9.958116,2174215200.0,22110587000.0
2023-11-17,10.3593235,10.394861,10.131533,10.162476,2840610600.0,29150484000.0
2023-11-20,10.483504,10.322154,10.134809,10.044813,1538908200.0,15768147000.0
2023-11-21,10.548527,10.420103,10.239948,10.173514,1263981400.0,13076549000.0
2023-11-22,10.529828,10.370168,10.24459,10.162205,550990340.0,5689910300.0
2023-11-24,10.514481,10.443424,10.273538,10.193976,1200845400.0,12436382000.0
2023-11-27,10.558292,10.508173,10.327062,10.304098,1107389600.0,11543879000.0
2023-11-28,10.709265,10.543839,10.307399,10.200438,1568161700.0,16371976000.0
2023-11-29,10.562201,10.428334,10.253602,10.202055,1654302700.0,17141136000.0
2023-11-30,10.513923,10.3753805,10.1399975,10.083585,1788907400.0,18386786000.0
2023-12-01,10.30016,10.138329,9.91033,9.938998,1735999200.0,17484904000.0
2023-12-04,10.226211,10.236004,9.9846115,10.030005,1248805100.0,12636919000.0
2023-12-05,10.424065,10.266184,10.050425,9.929845,1146859600.0,11660844000.0
2023-12-06,10.275884,10.191283,10.003728,9.987734,1251723400.0,12660752000.0
2023-12-07,10.302951,10.273865,10.055886,10.076046,1091217200.0,11105521000.0
2023-12-08,10.282859,10.195397,9.997719,9.997156,1500234000.0,15179791000.0
2023-12-11,10.348995,10.272767,10.116783,10.080084,1344817000.0,13723396000.0
2023-12-12,10.493273,10.361115,10.125252,10.079817,1676019300.0,17204111000.0
2023-12-13,10.417647,10.254662,9.943922,9.8525715,2343167700.0,23706298000.0
2023-12-14,10.237372,10.217346,10.002635,9.98181,4250339600.0,42970042000.0
2023-12-15,10.309929,10.2338085,10.068175,10.033505,1180471400.0,11995188000.0
2023-12-18,10.366856,10.240941,10.099853,10.049929,1115543400.0,11366711000.0
2023-12-19,10.4648075,10.316941,10.118697,9.9788475,1424861600.0,14561834000.0
2023-12-20,10.396715,10.272493,10.105314,10.057467,958762000.0,9787040000.0
2023-12-21,10.427972,10.29362,10.178229,10.08547,926249100.0,9490647000.0
2023-12-22,10.4648075,10.341908,10.199803,10.087624,686157950.0,7049268000.0
2023-12-26,10.428251,10.290328,10.180962,10.071739,807021060.0,8266171400.0
2023-12-27,10.475132,10.328738,10.217827,10.104317,775704900.0,7975412700.0
2023-12-28,10.492713,10.347943,10.199257,10.12478,1014139260.0,10436683000.0
2023-12-29,10.432994,10.313374,10.016015,9.985579,1367573100.0,13931454000.0
2024-01-02,10.297649,10.240942,10.063533,9.97831,1249807000.0,12679427000.0
2024-01-03,10.343974,10.236552,10.026939,9.90669,1131667100.0,11462134000.0
2024-01-04,10.296533,10.208017,10.008642,9.901573,1137249300.0,11490416000.0
2024-01-05,10.305742,10.294169,10.0771885,10.088432,1252541000.0,12765126000.0
2024-01-08,10.381369,10.315844,10.136721,10.118049,1127796000.0,11546370000.0
2024-01-09,10.503038,10.540275,10.276814,10.305984,1381412000.0,14375702000.0
2024-01-10,10.771774,10.718884,10.387687,10.356063,1507922200.0,15921550000.0
2024-01-11,10.757544,10.664013,10.504296,10.4594555,1172799400.0,12427365000.0
2024-01-12,10.985538,10.810799,10.585403,10.50792,1472810400.0,15792084000.0
2024-01-16,10.827029,10.703246,10.508664,10.486379,1203818000.0,12798185000.0
2024-01-17,10.931397,10.8097,10.653674,10.604848,1266515500.0,13614921000.0
2024-01-18,11.044139,10.938103,10.745977,10.734087,1588070000.0,17255295000.0
2024-01-19,11.163019,10.991605,10.748436,10.67593,1462772400.0,15936536000.0
2024-01-22,11.0438595,10.957582,10.75772,10.740279,1111331100.0,12085571000.0
2024-01-23,11.205437,11.129061,10.935773,10.838824,1346370700.0,14846799000.0
2024-01-24,11.283016,11.166924,10.992576,10.901021,1138148000.0,12617377000.0
2024-01-25,11.28441,11.143876,10.989843,10.8757105,963921800.0,10673949000.0
2024-01-26,11.331572,11.248409,11.04173,11.031605,1327052500.0,14814325000.0
2024-01-29,11.504592,11.332641,11.0996275,11.001182,1812573000.0,20363370000.0
2024-01-30,11.3566885,11.394921,10.847293,10.704739,2591878700.0,28707416000.0
2024-01-31,11.213529,11.194085,10.97264,10.871673,1659895800.0,18363396000.0
2024-02-01,11.2687845,11.321666,11.020703,11.071993,1529898800.0,17090172000.0
2024-02-02,11.438732,11.280785,11.032446,10.922022,1372646100.0,15330392000.0
2024-02-05,11.32655,11.193262,11.002953,10.917713,995286660.0,11057754000.0
2024-02-06,11.370084,11.366936,11.125569,11.14819,1209578600.0,13611018000.0
2024-02-07,11.554543,11.401505,11.265663,11.149805,1149198600.0,13035220000.0
2024-02-08,11.588031,11.545822,11.335573,11.3232,1192918900.0,13656723000.0
2024-02-09,11.736211,11.543626,11.326287,11.180768,1147985800.0,13140676000.0
2024-02-12,11.300317,11.250878,11.01606,10.940061,1506520000.0,16762790000.0
2024-02-13,11.408723,11.265362,11.068716,11.045801,1102540700.0,12345312000.0
2024-02-14,11.410679,11.245846,11.061055,10.966765,1179514000.0,13176452000.0
2024-02-15,11.405647,11.222757,11.037801,10.899329,1204968200.0,13425014000.0
2024-02-16,11.273685,11.118305,10.889239,10.865071,1313670100.0,14498420000.0
2024-02-20,11.187856,11.057834,10.867625,10.848617,1000815600.0,10999448000.0
2024-02-21,11.467994,11.347549,11.178154,11.104067,1459694100.0,16457234000.0
2024-02-22,11.6212015,11.430835,11.189096,11.068728,880678200.0,9975852000.0
2024-02-23,11.503499,11.329133,11.145047,10.9932,875144200.0,9839001000.0
2024-02-26,11.406486,11.223582,11.049018,10.991583,801770050.0,8953901000.0
2024-02-27,11.4117985,11.250521,11.089237,10.998057,712453250.0,7970502000.0
2024-02-28,11.424659,11.385207,11.105651,11.157745,1726525700.0,19455035000.0
2024-02-29,11.498186,11.431109,11.241352,11.207917,963228800.0,10927485000.0
2024-03-01,11.558855,11.471791,11.28075,11.192273,950939400.0,10817808000.0
2024-03-04,11.573394,11.386581,10.961195,10.861296,1454792300.0,16287299000.0
2024-03-05,11.266137,11.136722,10.899636,10.8461895,1207540600.0,13327831000.0
2024-03-06,11.354205,11.263714,11.004969,11.036361,1011602560.0,11294352000.0
2024-03-07,11.405646,11.281305,11.062149,10.957595,972891650.0,10873693000.0
2024-03-08,11.288225,11.151015,10.978157,10.911737,871215200.0,9655053000.0
2024-03-11,11.396142,11.422866,11.129455,11.201985,1213642000.0,13699120000.0
2024-03-12,11.689139,11.494606,11.256948,11.197129,924993340.0,10553671000.0
2024-03-13,11.748969,11.759583,11.435877,11.470112,1845960400.0,21419852000.0
2024-03-14,11.722408,11.616098,11.293609,11.232735,2436250000.0,27934560000.0
2024-03-15,11.581501,11.564698,11.320694,11.257011,1086587100.0,12420751000.0
2024-03-18,11.68159,11.590537,11.369121,11.367338,1072098200.0,12331430000.0
2024-03-19,11.798174,11.708456,11.508926,11.470381,965212100.0,11217198000.0
2024-03-20,12.017083,11.842045,11.686761,11.582055,1150909000.0,13559993000.0
2024-03-21,12.01345,11.815657,11.6569395,11.565061,953776640.0,11219062000.0
2024-03-22,11.888757,11.748313,11.534917,11.40645,976042400.0,11365632000.0
2024-03-25,11.8991,11.70928,11.527803,11.373811,903900400.0,10510100000.0
2024-03-26,11.866391,11.666952,11.463784,11.367878,902787100.0,10464432000.0
2024-03-27,11.769098,11.596034,11.466793,11.348725,1181983600.0,13646193000.0
2024-03-28,11.852692,11.761507,11.551606,11.452578,881764400.0,10276608000.0
2024-04-01,11.745335,11.610053,11.431773,11.368148,968016900.0,11169781000.0
2024-04-02,11.734711,11.634242,11.465972,11.341443,891832600.0,10295397000.0
2024-04-03,11.881767,11.782947,11.424386,11.272118,1046860160.0,12133428000.0
2024-04-04,11.7425375,11.723575,11.444905,11.478202,894669900.0,10375760000.0
2024-04-05,11.886801,11.74474,11.581154,11.453116,771322300.0,8998595000.0
2024-04-08,11.922307,11.757384,11.535192,11.498704,675369000.0,7887227000.0
2024-04-09,11.803486,11.655406,11.482661,11.41724,876392600.0,10157126000.0
2024-04-10,11.904972,11.802188,11.555436,11.543211,970956900.0,11361606000.0
2024-04-11,11.855488,11.687017,11.484576,11.380556,1040531650.0,12072154000.0
2024-04-12,11.92678,11.732096,11.311118,11.157745,1095639300.0,12634841000.0
2024-04-15,11.590447,11.500652,11.319326,11.183101,906062200.0,10327642000.0
2024-04-16,11.665376,11.513847,11.226305,11.109192,856877630.0,9750136000.0
2024-04-17,11.480294,11.321712,11.051753,10.904994,1136517400.0,12717275000.0
2024-04-18,11.295773,11.145518,10.882673,10.766075,1651865300.0,18207703000.0
2024-04-19,11.18534,11.073228,10.827409,10.815709,1096363400.0,12033050000.0
2024-04-22,11.301644,11.2202835,11.027404,10.994011,850338400.0,9469229000.0
2024-04-23,11.450379,11.337653,11.12918,11.034202,814173000.0,9149557000.0
2024-04-24,11.016195,10.991865,10.616195,10.763918,2193413400.0,23792052000.0
2024-04-25,11.523349,11.3522215,11.101274,10.960292,1604788600.0,18028653000.0
2024-04-26,11.329883,11.168609,10.921524,10.850507,1058274000.0,11712585000.0
2024-04-29,11.22476,11.05426,10.647385,10.501994,1555431200.0,16887472000.0
2024-04-30,10.976496,11.042167,10.678574,10.653322,1273386500.0,13800503000.0
2024-05-01,11.117682,10.992964,10.797313,10.731548,957067840.0,10441492000.0
2024-05-02,11.246846,11.1914215,10.994572,10.969463,942870800.0,10466408000.0
2024-05-03,11.428013,11.377785,11.117962,11.155048,918546050.0,10351740000.0
2024-05-06,11.592964,11.398126,11.192379,11.041755,1081842200.0,12231639000.0
2024-05-07,11.411519,11.331058,11.127265,11.074125,637290430.0,7160590300.0
2024-05-08,11.478617,11.344526,11.192654,11.12214,793874400.0,8958463000.0
2024-05-09,11.544877,11.417643,11.266523,11.187418,724299500.0,8223780000.0
2024-05-10,11.686623,11.499278,11.239711,11.159904,834433660.0,9509522000.0
2024-05-13,11.5191555,11.475639,11.259684,11.236511,816550850.0,9286427000.0
2024-05-14,11.70462,11.670371,11.436769,11.432969,1199723800.0,13870225000.0
2024-05-15,11.813852,11.714705,11.521189,11.376492,945672200.0,10976000000.0
2024-05-16,11.8345785,11.645864,11.4576,11.3554125,828184060.0,9584876000.0
2024-05-17,11.7693205,11.751881,11.511321,11.494042,877808600.0,10210354000.0
2024-05-20,11.954734,11.922608,11.6445265,11.594028,1157311700.0,13631946000.0
2024-05-21,12.0460415,11.907188,11.707019,11.634023,974997000.0,11527942000.0
2024-05-22,12.126704,11.939957,11.66015,11.5389,928495940.0,10971505000.0
2024-05-23,11.964817,11.870013,11.632467,11.624294,639541570.0,7529258000.0
2024-05-24,12.033157,11.863404,11.692492,11.628618,847917400.0,10009170000.0
2024-05-28,11.922804,11.866708,11.667549,11.597541,837079740.0,9847114000.0
2024-05-29,11.883874,11.683865,11.353723,11.205706,1531759000.0,17663926000.0
2024-05-30,11.672412,11.475962,11.087037,11.218137,2589136400.0,29421357000.0
2024-05-31,11.638242,11.46715,11.207909,11.174628,943223100.0,10726317000.0
2024-06-03,11.551416,11.467425,11.228739,11.243538,774060350.0,8803218000.0
2024-06-04,11.702099,11.677804,11.410182,11.4581,916428400.0,10595788000.0
2024-06-05,11.875751,11.711676,11.527492,11.471883,801702140.0,9337184000.0
2024-06-06,11.93709,11.738388,11.593822,11.453779,734831040.0,8583391700.0
2024-06-07,11.895078,11.787953,11.618216,11.562411,754316200.0,8837505000.0
2024-06-10,11.9169235,11.918478,11.655491,11.692392,784968200.0,9259344000.0
2024-06-11,12.192522,12.209815,11.874757,11.918845,1206558800.0,14537809000.0
2024-06-12,12.34741,12.209543,12.0425,11.932899,861004500.0,10446643000.0
2024-06-13,12.275428,12.202658,11.969866,11.959652,732689500.0,8866936000.0
2024-06-14,12.396143,12.417445,12.079501,12.116386,1121529600.0,13741394000.0
2024-06-17,12.595562,12.395416,12.193795,12.06153,923144500.0,11365364000.0
2024-06-18,12.500053,12.296007,12.094575,12.044235,1072298750.0,13118201000.0
2024-06-20,12.530303,12.407532,12.238196,12.1544895,1844244500.0,22744386000.0
2024-06-21,12.598082,12.467286,12.2354555,12.09747,858474500.0,10601794000.0
2024-06-24,12.554669,12.430662,12.244774,12.186106,885431200.0,10938664000.0
2024-06-25,12.575676,12.490693,12.284243,12.218804,890480450.0,11035148000.0
2024-06-26,12.6647415,12.561462,12.382364,12.237451,798735100.0,9953441000.0
2024-06-27,12.689669,12.539707,12.235455,12.078013,1530022100.0,18950412000.0
2024-06-28,12.566152,12.594505,12.214898,12.342299,952830900.0,11843176000.0
2024-07-01,12.69331,12.655637,12.419091,12.411209,754149100.0,9460658000.0
2024-07-02,12.833071,12.695015,12.549831,12.451473,535831140.0,6768805400.0
2024-07-03,12.872842,12.89686,12.579706,12.634961,863146240.0,11001742000.0
2024-07-05,13.067219,12.878962,12.73018,12.599291,699259400.0,8963745000.0
2024-07-08,13.079823,12.8687725,12.553121,12.418236,928253200.0,11816652000.0
2024-07-09,12.917935,12.844815,12.576691,12.599561,981600000.0,12500431000.0
2024-07-10,12.967231,12.798554,12.376335,12.287443,1246748200.0,15718242000.0
2024-07-11,12.724958,12.566693,12.351666,12.256366,880624640.0,10985723000.0
2024-07-12,12.696112,12.591478,12.373047,12.2674465,778402940.0,9716042000.0
2024-07-15,12.721879,12.509969,12.242309,12.147464,926553800.0,11494275000.0
2024-07-16,12.396143,12.249745,12.037292,11.985324,1174827800.0,14294278000.0
2024-07-17,12.445157,12.244238,11.906278,11.9002,1121788500.0,13600528000.0
2024-07-18,12.130346,12.147585,11.840499,11.812106,1129642900.0,13536098000.0
2024-07-19,12.373737,12.242862,12.029891,11.969651,852815600.0,10365151000.0
2024-07-22,12.432834,12.347226,12.144733,12.021265,707070700.0,8652081000.0
2024-07-23,12.336206,12.156947,11.719626,11.590244,1446055700.0,17281458000.0
2024-07-24,12.009909,11.835316,11.443347,11.3065,1615337200.0,18816688000.0
2024-07-25,11.713024,11.811085,11.4367695,11.49215,1272242800.0,14774882000.0
2024-07-26,12.087772,11.900027,11.640415,11.531605,815970750.0,9620259000.0
2024-07-29,11.979662,11.814664,11.439237,11.428647,1763353000.0,20570487000.0
2024-07-30,11.777443,11.614472,11.298083,11.305151,2313803300.0,26605930000.0
2024-07-31,11.785564,11.77088,11.322201,11.271641,1634358400.0,18856528000.0
2024-08-01,11.553097,11.4277725,11.082377,11.038702,1588046000.0,17905994000.0
2024-08-02,10.899946,11.043359,10.5681925,10.678212,2196083200.0,23712050000.0
2024-08-05,11.203276,11.170855,10.922312,10.798736,1345754500.0,14835321000.0
2024-08-06,11.445266,11.292291,10.89408,10.766849,1114025700.0,12365264000.0
2024-08-07,11.271614,11.1760845,10.961779,10.881967,1089863600.0,12067908000.0
2024-08-08,11.316148,11.236391,11.025368,10.971954,1039893600.0,11581779000.0
2024-08-09,11.401011,11.255941,11.079635,10.993301,904285200.0,10112144000.0
2024-08-12,11.471873,11.426396,11.225725,11.187871,1047316500.0,11863966000.0
2024-08-13,11.617797,11.502673,11.304662,11.264887,985424640.0,11256017000.0
2024-08-14,11.779029,11.616922,11.468092,11.398079,1117470800.0,12924144000.0
2024-08-15,11.8014765,11.623267,11.458207,11.328775,1226433400.0,14168901000.0
2024-08-16,11.755459,11.634577,11.435142,11.411614,820329150.0,9482346000.0
2024-08-19,11.832341,11.747958,11.577375,11.50014,882448800.0,10293284000.0
2024-08-20,11.899119,11.762855,11.579572,11.482273,865201100.0,10106375000.0
2024-08-21,11.906977,11.773614,11.384345,11.249725,1042610560.0,12072039000.0
2024-08-22,11.699903,11.5658865,11.31515,11.283294,995864770.0,11418643000.0
2024-08-23,11.682788,11.511267,11.294559,11.193957,708259460.0,8088778000.0
2024-08-26,11.584302,11.430714,11.264628,11.203433,726573300.0,8261697500.0
2024-08-27,11.640981,11.44837,11.183903,11.11572,801412100.0,9093818000.0
2024-08-28,11.642664,11.642853,11.274239,11.18394,917859650.0,10496572000.0
2024-08-29,11.661182,11.517059,11.316249,11.292769,1308967200.0,14983506000.0
2024-08-30,11.725999,11.582992,11.176214,11.084316,1093858300.0,12461650000.0
2024-09-03,11.389295,11.344645,11.103176,11.069698,815041100.0,9150224000.0
2024-09-04,11.437274,11.395955,11.151502,11.05589,764407400.0,8607346000.0
2024-09-05,11.477678,11.328368,11.00515,10.87478,1055943550.0,11796467000.0
2024-09-06,11.426612,11.273195,11.042219,10.983609,823619260.0,9209224000.0
2024-09-09,11.453549,11.48506,11.194612,11.21318,1055124900.0,11961529000.0
2024-09-10,11.658378,11.696372,11.246232,11.452495,1037494900.0,11945062000.0
2024-09-11,11.877515,11.789614,11.525479,11.559699,936733600.0,10948614000.0
2024-09-12,11.948222,11.912648,11.682263,11.656886,854824500.0,10086934000.0
2024-09-13,12.082064,11.959546,11.758049,11.677191,744978750.0,8842312000.0
2024-09-16,12.352268,12.189066,11.869253,11.780334,1016348600.0,12244694000.0
2024-09-17,12.205521,12.028512,11.818181,11.662843,1017630300.0,12139070000.0
2024-09-18,12.380326,12.17941,11.996383,11.876169,1168869400.0,14152755000.0
2024-09-19,12.267811,12.117064,11.922796,11.783583,2970669300.0,35715805000.0
2024-09-20,12.185318,12.040374,11.817632,11.735936,814669630.0,9731078000.0
2024-09-23,12.149404,11.95458,11.699838,11.618444,916276500.0,10862976000.0
2024-09-24,12.060456,11.948235,11.767658,11.698035,721377000.0,8561732600.0
2024-09-25,12.208045,12.008373,11.783034,11.676378,780373500.0,9301240000.0
2024-09-26,12.107877,11.913201,11.737454,11.587312,802133600.0,9494424000.0
2024-09-27,12.015002,11.873753,11.679793,11.649035,905049000.0,10683558000.0
2024-09-30,12.021737,11.820235,11.499669,11.388875,1028125300.0,12011207000.0
2024-10-01,11.857032,11.664096,11.442007,11.2925,892933100.0,10325797000.0
2024-10-02,11.7181425,11.573888,11.37556,11.276527,736993000.0,8465124000.0
2024-10-03,11.735257,11.579405,11.39423,11.263533,1032260860.0,11863885000.0
2024-10-04,11.672406,11.506577,11.230306,11.087024,1126501200.0,12812913000.0
2024-10-07,11.529307,11.466578,11.207517,11.226985,1035470300.0,11760454000.0
2024-10-08,11.668478,11.596786,11.3758335,11.301434,806344600.0,9261378000.0
2024-10-09,11.650801,11.513197,11.344255,11.257575,745716540.0,8532084000.0
2024-10-10,11.676334,11.507129,11.347002,11.270571,761682600.0,8721462000.0
2024-10-11,11.72207,11.697751,11.464248,11.346914,896745600.0,10364357000.0
2024-10-14,11.845809,11.6547165,11.402194,11.336085,1017748700.0,11764871000.0
2024-10-15,11.649117,11.485887,11.270944,11.265156,835132100.0,9535351000.0
2024-10-16,11.85086,11.655268,11.411254,11.2814,798035800.0,9217070000.0
2024-10-17,11.704393,11.576647,11.429651,11.320384,923249860.0,10624547000.0
2024-10-18,11.675773,11.557611,11.360731,11.337168,764978200.0,8784108000.0
2024-10-21,11.742271,11.878165,11.478526,11.573505,1372180000.0,16010757000.0
2024-10-22,12.089357,11.891959,11.601812,11.494726,1058361300.0,12456346000.0
2024-10-23,11.934194,11.751269,11.598244,11.498246,731349700.0,8553491500.0
2024-10-24,11.9743185,11.9316845,11.712744,11.590832,909992300.0,10740088000.0
2024-10-25,12.111805,11.915684,11.705329,11.548599,801395900.0,9472783000.0
2024-10-28,12.00911,11.9496155,11.6916,11.693706,950109500.0,11245503000.0
2024-10-29,12.273984,12.096651,11.864586,11.709407,1601946400.0,19201182000.0
2024-10-30,11.654448,11.48037,11.156169,11.000664,2906261200.0,32907342000.0
2024-10-31,11.476276,11.462163,11.189119,11.109493,1304772400.0,14756013000.0
2024-11-01,11.498443,11.322024,11.1361265,11.057786,1059325100.0,11921215000.0
2024-11-04,11.458319,11.445611,11.205045,11.139002,949134850.0,10736608000.0
2024-11-05,11.571956,11.598716,11.272041,11.375068,1436776800.0,16457481000.0
2024-11-06,11.820556,11.775269,11.529048,11.517195,1071683500.0,12496384000.0
2024-11-07,11.933913,11.765614,11.581219,11.438958,909577700.0,10623800000.0
2024-11-08,11.855349,11.718993,11.422512,11.316323,1319467500.0,15277183000.0
2024-11-11,11.735538,11.708785,11.4554615,11.452223,1044726900.0,12106296000.0
2024-11-12,11.830658,11.843683,11.483194,11.51097,1157862700.0,13508931000.0
2024-11-13,11.924934,11.811684,11.532344,11.556722,1628752300.0,19066860000.0
2024-11-14,11.779591,11.663544,11.357712,11.234836,1521092900.0,17506138000.0
2024-11-15,11.6407,11.542164,11.315427,11.255411,1331513500.0,15230417000.0
2024-11-18,11.591317,11.529474,11.300324,11.310368,976463000.0,11163775000.0
2024-11-19,11.696816,11.511542,11.273689,11.2481,1033445600.0,11814906000.0
2024-11-20,11.794171,11.603412,11.288277,11.199545,1116748800.0,12810618000.0
2024-11-21,11.565598,11.537624,11.309462,11.311576,1333561500.0,15244027000.0
2024-11-22,11.762684,11.639346,11.413735,11.360132,1488147300.0,17179134000.0
2024-11-25,11.796702,11.859374,11.523788,11.609692,1260704600.0,14746952000.0
2024-11-26,11.951897,11.809343,11.611004,11.474062,985201400.0,11538262000.0
2024-11-27,11.8107605,11.744385,11.494899,11.486811,874468100.0,10173749000.0
2024-11-29,11.85237,11.968836,11.59147,11.6908,1085955100.0,12788064000.0
2024-12-02,12.084879,11.954185,11.768377,11.696767,983567740.0,11680901000.0
2024-12-03,12.174566,12.153205,11.902916,11.865491,1397771100.0,16806862000.0
2024-12-04,12.312048,12.291137,12.000312,12.006546,1166061400.0,14170574000.0
2024-12-05,12.43519,12.33094,12.154384,12.032316,1011459300.0,12378449000.0
2024-12-06,12.4436245,12.392581,12.119442,12.098775,1028839200.0,12617277000.0
2024-12-09,12.493951,12.428239,12.149707,12.025805,992569340.0,12183218000.0
2024-12-10,12.484391,12.448418,12.2171135,12.179339,1031837900.0,12724950000.0
2024-12-11,12.626652,12.609015,12.356328,12.194801,1119683000.0,13936356000.0
2024-12-12,12.607815,12.47827,12.259208,12.132682,1084375200.0,13413171000.0
2024-12-13,12.57492,12.499001,12.250954,12.2498665,1268223100.0,15717958000.0
2024-12-16,12.68007,12.584967,12.368984,12.327718,1221721100.0,15259827000.0
2024-12-17,12.688787,12.511994,12.023698,11.864678,1313671700.0,16121759000.0
2024-12-18,12.416072,12.250226,12.004438,11.854911,1234092200.0,14971281000.0
2024-12-19,12.176816,12.265707,11.792865,11.843248,3453595100.0,41511035000.0
2024-12-20,12.278872,12.097368,11.908419,11.806627,1029274430.0,12374783000.0
2024-12-23,12.220111,12.151269,11.945835,11.917301,385027400.0,4642902500.0
2024-12-24,12.344661,12.188311,12.012968,11.884208,440364480.0,5331729000.0
2024-12-26,12.218706,12.030199,11.730135,11.678592,973663300.0,11600623000.0
2024-12-27,11.978605,11.818188,11.607702,11.523973,707161660.0,8296503300.0
2024-12-30,11.979731,11.795522,11.573586,11.433643,711880100.0,8325880000.0
2024-12-31,11.963705,11.777279,11.413736,11.354436,908034750.0,10557983000.0
2025-01-02,11.838593,11.720888,11.54277,11.483827,895480960.0,10429236000.0
2025-01-03,12.033148,12.0053215,11.706199,11.605894,1105645800.0,13088238000.0
2025-01-06,12.061263,11.903876,11.577437,11.457243,974813400.0,11454012000.0
2025-01-07,11.905506,11.8021555,11.597797,11.516649,809049300.0,9470347000.0
2025-01-08,11.9384,11.739685,11.418412,11.364471,1085627400.0,12609825000.0
2025-01-10,11.674402,11.56803,11.343303,11.3167305,946099500.0,10857076000.0
2025-01-13,11.746658,11.602306,11.300108,11.275499,910152100.0,10449586000.0
2025-01-14,11.783769,11.834772,11.507829,11.564119,1055355000.0,12318761000.0
2025-01-15,12.052828,11.871812,11.6762085,11.517191,822237300.0,9685553000.0
2025-01-16,12.204368,12.009745,11.780209,11.637903,1407879800.0,16765112000.0
2025-01-17,12.095002,11.910788,11.7095,11.623527,1401871500.0,16590734000.0
2025-01-21,12.301926,12.363281,11.995634,12.103658,1494204000.0,18216028000.0
2025-01-22,12.426755,12.3489065,12.146955,12.117492,988259400.0,12116087000.0
2025-01-23,12.515599,12.346144,12.144204,12.0456085,835645630.0,10247429000.0
2025-01-24,11.92097,12.029647,11.651723,11.78791,1915748400.0,22696950000.0
2025-01-27,12.218706,12.393964,11.868525,12.130784,1262467500.0,15342760000.0
2025-01-28,12.558614,12.352501,12.116691,11.998679,1267288000.0,15532670000.0
2025-01-29,11.773648,11.688548,11.367239,11.257052,2933522200.0,33798937000.0
2025-01-30,11.779552,11.628566,11.415386,11.258951,1835894700.0,21150634000.0
2025-01-31,11.572066,11.482619,11.243432,11.146651,1380020400.0,15678677000.0
2025-02-03,11.602711,11.441433,11.273145,11.185983,1103415600.0,12552253000.0
2025-02-04,11.593151,11.438944,11.291304,11.210938,876875700.0,9981988000.0
2025-02-05,11.63954,11.559738,11.390349,11.279567,876504960.0,10051144000.0
2025-02-06,11.709266,11.572177,11.228024,11.114912,1229959600.0,14029037000.0
2025-02-07,11.631387,11.484,11.305611,11.181914,1118774700.0,12754846000.0
2025-02-10,11.51696,11.401904,11.261039,11.160755,974893950.0,11050584000.0
2025-02-11,11.44864,11.353807,11.1254,11.095653,1027619300.0,11566755000.0
2025-02-12,11.442736,11.360718,11.18015,11.136341,1283963900.0,14483096000.0
2025-02-13,11.464948,11.302947,11.1669445,11.079105,1223064600.0,13763740000.0
2025-02-14,11.470851,11.349662,11.184002,11.111928,1151298800.0,12985627000.0
2025-02-18,11.467478,11.484829,11.215643,11.251085,1295921200.0,14714873000.0
2025-02-19,11.699221,11.613661,11.37294,11.310611,1260852900.0,14498684000.0
2025-02-20,11.75697,11.578762,11.244748,11.095341,1476250200.0,16857234000.0
2025-02-21,11.50822,11.338351,11.00849,10.980911,1418267000.0,15897345000.0
2025-02-24,11.29947,11.132009,10.93626,10.815109,1576148000.0,17409675000.0
2025-02-25,11.212421,11.17854,10.868719,10.864851,1052234800.0,11607343000.0
2025-02-26,11.30426,11.237812,10.8113785,10.669152,1133135400.0,12470892000.0
2025-02-27,11.061706,11.013188,10.656997,10.790376,1761628400.0,19167515000.0
2025-02-28,11.23524,11.046148,10.645693,10.559341,1233982500.0,13415370000.0
2025-03-03,10.80084,10.873318,10.503442,10.562603,1573761200.0,16815718000.0
2025-03-04,10.968178,11.125085,10.718749,10.899913,1256798100.0,13734266000.0
2025-03-05,11.107344,11.138379,10.825438,10.787659,1249906200.0,13704851000.0
2025-03-06,11.052128,10.934805,10.628601,10.6903515,1181765000.0,12794344000.0
2025-03-07,10.869578,10.70215,10.399235,10.33293,1761328000.0,18627758000.0
2025-03-10,10.676887,10.6910715,10.390689,10.340812,1629395100.0,17149164000.0
2025-03-11,10.788164,10.669468,10.446928,10.41746,1300804400.0,13763167000.0
2025-03-12,10.794079,10.672237,10.405575,10.295147,1098037800.0,11575250000.0
2025-03-13,10.69886,10.80823,10.462366,10.561245,1070137600.0,11378426000.0
2025-03-14,10.8938055,10.876918,10.629428,10.56505,1205374500.0,12947289000.0
2025-03-17,10.904228,10.729015,10.506199,10.424254,1045149800.0,11121360000.0
2025-03-18,10.860846,10.792997,10.586147,10.541132,1028984640.0,11005279000.0
2025-03-19,10.86676,10.851438,10.566297,10.514494,990636800.0,10599563000.0
2025-03-20,10.79577,10.850052,10.553064,10.634632,2127955700.0,22786955000.0
2025-03-21,11.138894,10.951424,10.746317,10.6841,1126544000.0,12257006000.0
2025-03-24,11.097202,10.978013,10.824335,10.740636,846067800.0,9230639000.0
2025-03-25,11.127626,10.948932,10.712133,10.599569,863949100.0,9371312000.0
2025-03-26,10.990433,10.863901,10.679877,10.616149,738361100.0,7965137000.0
2025-03-27,10.932681,10.777763,10.391239,10.295962,1160198900.0,12297426000.0
2025-03-28,10.494901,10.443736,10.1241045,10.203279,1887077100.0,19468040000.0
2025-03-31,10.554342,10.603826,10.289238,10.388105,1056015940.0,11044741000.0
2025-04-01,10.647871,10.66559,10.382694,10.386746,863101760.0,9080456000.0
2025-04-02,10.558286,10.455092,10.182274,10.141306,1619623200.0,16737575000.0
2025-04-03,10.257982,10.375049,9.910177,9.7806225,2639296800.0,26606640000.0
2025-04-04,9.884713,10.275616,9.505202,9.726805,2704467000.0,26633816000.0
2025-04-07,10.374329,10.349012,9.655724,9.637109,1923773000.0,19245509000.0
2025-04-08,9.959648,10.891321,9.734292,10.613702,2692383500.0,27730852000.0
2025-04-09,10.763091,10.632908,10.139544,10.365273,2039380000.0,21362921000.0
2025-04-10,10.723089,10.803245,10.445274,10.558256,1278578600.0,13594443000.0
2025-04-11,11.077481,10.930651,10.591935,10.540859,1032508400.0,11135842000.0
2025-04-14,10.944796,10.854208,10.590558,10.484324,922490050.0,9887684000.0
2025-04-15,10.723933,10.569481,10.145057,10.100535,1178209000.0,12235408000.0
2025-04-16,10.528988,10.36757,10.114457,9.996434,1132749300.0,11612789000.0
2025-04-17,10.221077,10.095031,9.805142,9.761051,1115967400.0,11126836000.0
2025-04-21,10.236854,10.186153,9.920652,9.970342,1045047900.0,10532516000.0
2025-04-22,10.594063,10.53569,10.283447,10.176097,1101926300.0,11457085000.0
2025-04-23,10.583922,10.758929,10.343271,10.526997,1192395100.0,12583680000.0
2025-04-24,10.902257,10.861686,10.602687,10.650668,1017598300.0,10943582000.0
2025-04-25,11.0419855,10.8777485,10.658926,10.631913,889210560.0,9605825000.0
2025-04-28,11.023393,10.943115,10.762032,10.710195,803107300.0,8721491000.0
2025-04-29,10.995221,10.986322,10.598276,10.743354,1955534800.0,21179994000.0
2025-04-30,12.144888,12.103345,11.713681,11.562573,3161054000.0,37556867000.0
2025-05-01,12.162637,12.171204,11.854003,11.831117,1649625600.0,19803326000.0
2025-05-02,12.194469,12.172865,11.912447,11.855308,1079968600.0,12996097000.0
2025-05-05,12.175595,12.123841,11.886534,11.777571,810090430.0,9713701000.0
2025-05-06,12.221796,12.134643,11.884879,11.778659,1249407500.0,14999130000.0
2025-05-07,12.337016,12.2883625,12.010314,11.909669,1259919600.0,15290813000.0
2025-05-08,12.39533,12.20721,12.016379,11.92489,821889800.0,9974415000.0
2025-05-09,12.562667,12.446234,12.123894,12.211099,1224017400.0,15099445000.0
2025-05-12,12.614503,12.482242,12.277724,12.207838,1266757900.0,15702194000.0
2025-05-13,12.624645,12.571703,12.354364,12.311124,1067455940.0,13306328000.0
2025-05-14,12.722047,12.658325,12.44029,12.338899,1177361700.0,14763986000.0
2025-05-15,12.758173,12.607547,12.39334,12.369942,1276803100.0,16001215000.0
2025-05-16,12.725151,12.752667,12.450509,12.4952,1142253300.0,14399110000.0
2025-05-19,12.858082,12.717983,12.547728,12.47614,826679500.0,10457482000.0
2025-05-20,12.829294,12.702444,12.478404,12.323649,1028780100.0,12945602000.0
2025-05-21,12.84002,12.770982,12.536128,12.386007,965003600.0,12191164000.0
2025-05-22,12.699752,12.588956,12.398312,12.25857,903861060.0,11285968000.0
2025-05-23,12.8832,12.790405,12.597441,12.54476,1122862800.0,14264794000.0
2025-05-27,13.016977,12.83397,12.619813,12.454083,914718000.0,11645468000.0
2025-05-28,13.026291,12.811771,12.57507,12.490027,748143300.0,9520715000.0
2025-05-29,12.974642,12.81066,12.581423,12.535773,1861444900.0,23688047000.0
2025-05-30,12.901828,12.822593,12.618709,12.579616,890102500.0,11331616000.0
2025-06-02,13.024033,12.8789215,12.7283535,12.606846,842847040.0,10796482000.0
2025-06-03,13.095436,12.92193,12.78801,12.631352,758202600.0,9749865000.0
2025-06-04,13.12253,13.031812,12.815905,12.7351,1077754100.0,13931412000.0
2025-06-05,13.267314,13.134202,12.947094,12.808622,818317250.0,10670291000.0
2025-06-06,13.256308,13.136699,12.942675,12.873158,881719000.0,11508381000.0
2025-06-09,13.298359,13.119218,12.896828,12.823327,823151500.0,10729312000.0
2025-06-10,13.265339,13.193305,12.971398,12.869618,877934000.0,11478913000.0
2025-06-11,13.406453,13.330658,13.078007,13.039808,1014523650.0,13405644000.0
2025-06-12,13.4456835,13.296249,13.057016,12.933337,900167200.0,11866969000.0
2025-06-13,13.411816,13.338149,13.118882,13.047161,836546000.0,11066668000.0
2025-06-16,13.417177,13.28404,13.0934725,13.017207,825196540.0,10895049000.0
2025-06-17,13.490558,13.346751,13.103968,13.077113,938284200.0,12436580000.0
2025-06-18,13.6099415,13.415011,13.170529,12.99978,2011648400.0,26752539000.0
2025-06-20,13.496484,13.534049,13.050112,13.23396,1331098600.0,17741748000.0
2025-06-23,13.799599,13.647816,13.444782,13.345877,1194134300.0,16191886000.0
2025-06-24,13.886807,13.723013,13.516315,13.404695,936603260.0,12768438000.0
2025-06-25,13.913337,13.819576,13.610771,13.545749,1155230200.0,15852484000.0
2025-06-26,14.0423155,13.854538,13.616848,13.504631,1849062000.0,25433078000.0
2025-06-27,14.027923,13.895051,13.68037,13.54466,1518739300.0,20938860000.0
2025-06-30,14.011835,13.819853,13.56023,13.398705,1067780400.0,14626089000.0
2025-07-01,13.82895,13.693601,13.497259,13.372563,873672640.0,11880282000.0
2025-07-02,13.936763,13.877569,13.628172,13.583599,748678660.0,10299217000.0
2025-07-03,14.037518,13.839276,13.677609,13.553101,748507400.0,10312093000.0
2025-07-07,14.0335655,13.824016,13.646675,13.523147,634209800.0,8724730000.0
2025-07-08,14.119928,14.062093,13.802169,13.710765,998939600.0,13908975000.0
2025-07-09,14.197541,13.997163,13.747208,13.655487,882907460.0,12271839000.0
2025-07-10,14.068281,14.013534,13.748589,13.705591,881162200.0,12234055000.0
2025-07-11,14.154361,13.984121,13.837797,13.697422,645570000.0,8985317000.0
2025-07-14,14.196694,14.104269,13.886406,13.773667,799130240.0,11180039000.0
2025-07-15,14.257656,14.060428,13.861549,13.768221,811293440.0,11347532000.0
2025-07-16,14.271768,14.244951,13.964567,13.933782,937031500.0,13215673000.0
2025-07-17,14.52013,14.280192,14.014557,13.888851,1135465000.0,16096275000.0
2025-07-18,14.3008375,14.2094345,13.962633,13.889124,753068600.0,10611119000.0
2025-07-21,14.421068,14.184739,13.954901,13.75869,742457900.0,10453695000.0
2025-07-22,14.301967,14.06237,13.828684,13.775028,877794800.0,12282116000.0
2025-07-23,14.358976,14.253275,14.010966,13.911453,862291100.0,12187336000.0
2025-07-24,14.463402,14.381472,14.09548,13.988516,1023897600.0,14572334000.0
2025-07-25,14.5088415,14.29018,14.088851,13.955566,765981250.0,10885252000.0
2025-07-28,14.549765,14.36288,14.128622,13.957472,881681500.0,12563683000.0
2025-07-29,14.539603,14.316542,14.07007,13.975717,1412279300.0,20090356000.0
2025-07-30,15.670214,15.412584,14.690387,14.527404,2763341000.0,41657774000.0
2025-07-31,15.099265,14.867338,14.385476,14.271711,1551320800.0,22736075000.0
2025-08-01,14.909325,14.93532,14.586264,14.585677,1357063200.0,20022309000.0
2025-08-04,15.1607895,14.908958,14.561683,14.370829,1026355000.0,15139316000.0
2025-08-05,14.983551,14.7535715,14.473028,14.2943125,1143281200.0,16721762000.0
2025-08-06,14.867837,14.653402,14.294059,14.182669,860797400.0,12481125000.0
2025-08-07,14.7493,14.558226,14.345429,14.215344,831454700.0,12028717000.0
2025-08-08,14.740833,14.639527,14.35399,14.207993,1081110700.0,15660520000.0
2025-08-11,14.781756,14.733592,14.4362955,14.411403,999341060.0,14581148000.0
2025-08-12,15.017701,14.781321,14.344325,14.175589,1050317200.0,15313346000.0
2025-08-13,14.748171,14.59402,14.365591,14.2273245,1085109800.0,15716487000.0
2025-08-14,14.754099,14.598182,14.336315,14.164423,1349798400.0,19522478000.0
2025-08-15,14.720796,14.507169,14.196565,14.080825,1272027900.0,18287104000.0
2025-08-18,14.534806,14.29462,14.04549,13.8812275,1149989000.0,16317234000.0
2025-08-19,14.390022,14.179189,13.931977,13.770944,1484155600.0,20879150000.0
2025-08-20,14.238974,14.108834,13.907298,13.753215,985744800.0,13802478000.0
2025-08-21,14.254805,14.194994,13.898722,13.834768,1300063100.0,18260455000.0
2025-08-22,14.322085,14.124398,13.946028,13.753761,1156524900.0,16233640000.0
2025-08-25,14.257914,14.035182,13.7908325,13.693211,1648085200.0,22981370000.0
2025-08-26,14.191198,14.099384,13.829285,13.821403,923457300.0,12914843000.0
2025-08-27,14.335089,14.204999,13.984203,13.900501,962885400.0,13582652000.0
2025-08-28,14.379473,14.163588,13.956263,13.820039,1120341100.0,15774223000.0
2025-08-29,14.147946,14.06353,13.743803,13.777217,968892860.0,13499704000.0
2025-09-02,14.241801,14.113281,13.896233,13.78349,873601660.0,12238025000.0
2025-09-03,14.256218,14.123286,13.919193,13.854952,828941060.0,11637017000.0
2025-09-04,14.391063,14.229458,13.620975,13.501193,1710036000.0,23830501000.0
2025-09-05,14.081231,13.930122,13.694561,13.588473,896364860.0,12390987000.0
2025-09-08,14.175085,13.959305,13.768424,13.594201,770202500.0,10685985000.0
2025-09-09,14.218903,13.986543,13.741313,13.64766,1155092600.0,16054175000.0
2025-09-10,14.198266,13.984876,13.773404,13.665117,1009170750.0,14032940000.0
2025-09-11,14.322651,14.245578,13.938559,13.907593,1262687400.0,17808431000.0
2025-09-12,14.383147,14.326735,14.0257,14.056514,916290050.0,13009508000.0
2025-09-15,14.611846,14.375651,14.0699625,13.884136,1053548100.0,14997678000.0
2025-09-16,14.43488,14.210558,13.996099,13.910865,845354750.0,11951711000.0
2025-09-17,14.459474,14.260031,14.043959,13.868044,1010886400.0,14312006000.0
2025-09-18,14.433183,14.433184,14.117268,14.126611,2804599800.0,40042844000.0
2025-09-19,14.575379,14.389827,14.178959,14.031694,1069443260.0,15286584000.0
2025-09-22,14.524776,14.3022785,14.034276,13.889318,1058235300.0,15013885000.0
2025-09-23,14.428096,14.243632,14.023487,13.914411,723339900.0,10237000000.0
2025-09-24,14.369295,14.174983,13.971478,13.829312,843746000.0,11885231000.0
2025-09-25,14.419049,14.284211,14.015187,13.950141,866546600.0,12276494000.0
2025-09-26,14.459757,14.365089,14.077708,14.035784,941624060.0,13403628000.0
2025-09-29,14.508945,14.4015,14.099287,14.127158,1054419200.0,15061559000.0
2025-09-30,14.553045,14.466815,14.155445,14.175162,1209635600.0,17343291000.0
2025-10-01,14.633332,14.497109,14.127504,14.066879,1134306800.0,16255985000.0
2025-10-02,14.618064,14.466258,14.247012,14.110791,807711800.0,11599171000.0
2025-10-03,14.660752,14.759204,14.335539,14.41682,1143163100.0,16625111000.0
2025-10-06,14.934398,14.725016,14.425169,14.291625,781143200.0,11400044000.0
2025-10-07,14.792771,14.645806,14.470817,14.315355,714237760.0,10396578000.0
2025-10-08,14.766198,14.572988,14.313408,14.248532,980416060.0,14191798000.0
2025-10-09,14.68987,14.552142,14.098457,13.936504,1289886700.0,18470201000.0
2025-10-10,14.598558,14.35286,14.155168,14.020783,763452100.0,10903503000.0
2025-10-13,14.423856,14.321455,13.998036,14.007692,784836350.0,11135069000.0
2025-10-14,14.5575695,14.37454,14.108692,14.003873,785392260.0,11200611000.0
2025-10-15,14.490289,14.365089,14.056961,13.954232,831618750.0,11822826000.0
2025-10-16,14.390216,14.327013,14.034277,14.007966,1061880450.0,15067942000.0
2025-10-17,14.547673,14.416508,14.203579,14.095517,783836900.0,11221267000.0
2025-10-20,14.629374,14.416231,14.192791,14.119247,833040450.0,11945309000.0
2025-10-21,14.732557,14.598001,14.321984,14.1978,1013505300.0,14657907000.0
2025-10-22,14.769589,14.562425,14.34688,14.198345,749518400.0,10845014000.0
2025-10-23,14.778917,14.601336,14.404976,14.281534,830165000.0,12051249000.0
2025-10-24,15.033061,14.857871,14.634588,14.497282,1001319300.0,14775168000.0
2025-10-27,15.548126,15.389838,14.959918,14.785034,1602708500.0,24314257000.0
2025-10-28,15.405084,15.182777,14.848154,14.770851,1925332400.0,28979556000.0
2025-10-29,14.996308,14.868709,14.443981,14.340177,2192574500.0,32148170000.0
2025-10-30,14.951077,14.711676,14.249779,14.123339,1817550700.0,26370785000.0
2025-10-31,14.694675,14.590497,14.235671,14.102065,1195867500.0,17227342000.0
2025-11-03,14.467108,14.328959,14.048939,14.028422,1120186100.0,15927206000.0
2025-11-04,14.510641,14.308948,14.014081,13.832858,1230587000.0,17433272000.0
2025-11-05,14.294664,14.055193,13.716139,13.558471,1464803700.0,20369732000.0
2025-11-06,14.048439,13.879538,13.645318,13.550834,1283793800.0,17692004000.0
2025-11-07,14.135791,14.087155,13.798854,13.801219,1395055000.0,19469046000.0
2025-11-10,14.270352,14.163588,13.897062,13.874316,960982660.0,13503085000.0
2025-11-11,14.3992605,14.221121,13.807707,13.941414,1420356900.0,20016202000.0
2025-11-12,14.426116,14.271982,13.867738,13.7273035,1350779300.0,19009900000.0
2025-11-13,14.084623,14.219174,13.761231,13.915229,1523553000.0,21322224000.0
2025-11-14,14.373536,14.233626,13.967882,13.841859,1020458800.0,14392781000.0
2025-11-17,14.003773,13.979594,13.466332,13.46819,1807326100.0,24813634000.0
2025-11-18,13.854794,13.7630825,13.357059,13.286264,1242398800.0,16853513000.0
2025-11-19,13.954645,13.743732,13.178901,13.073667,1429845400.0,19285377000.0
2025-11-20,13.552187,13.335794,12.978515,12.901238,1694806300.0,22357772000.0
2025-11-21,13.453059,13.279547,12.971585,12.952612,1836273000.0,24173064000.0
2025-11-24,13.42672,13.342198,12.884835,13.034317,1494785300.0,19689337000.0
2025-11-25,13.773383,13.597264,13.336882,13.266863,1371515300.0,18506674000.0
2025-11-26,13.809919,13.717557,13.487932,13.4447565,767493950.0,10449462000.0
2025-11-28,13.83371,13.640425,13.432501,13.300747,1278418700.0,17324933000.0
2025-12-01,13.784996,13.741783,13.478786,13.389831,1043620500.0,14192038000.0
2025-12-02,13.490444,13.4839325,13.170587,13.054539,1846627800.0,24559920000.0
2025-12-03,13.587873,13.402624,13.206339,13.1395235,1190619400.0,15875827000.0
2025-12-04,13.666042,13.460543,13.27258,13.20292,1206116900.0,16162595000.0
2025-12-05,13.733167,13.708367,13.425018,13.417704,1171825000.0,15902913000.0
2025-12-08,13.852403,13.703356,13.539207,13.445029,783999700.0,10689835000.0
2025-12-09,13.708809,13.484211,13.167259,13.077219,1907502600.0,25483043000.0
2025-12-10,13.499225,13.533776,13.188878,13.211391,1316039300.0,17580070000.0
2025-12-11,13.589572,13.43409,13.202182,13.0764,1133532300.0,15104954000.0
2025-12-12,13.597503,13.385917,13.096307,12.975019,1265812600.0,16789342000.0
2025-12-15,13.365543,13.307114,13.050854,13.017922,1104591200.0,14564431000.0
2025-12-16,13.507154,13.365868,13.165043,13.010544,1308464000.0,17353048000.0
2025-12-17,13.543407,13.633185,13.245142,13.2253275,1524323800.0,20443875000.0
2025-12-18,13.803122,13.5844555,13.372635,13.27834,3778926300.0,51051926000.0
2025-12-19,13.7680025,13.60896,13.378178,13.251015,904933060.0,12217989000.0
2025-12-22,13.735715,13.583898,13.434996,13.303754,783332860.0,10586422000.0
2025-12-23,13.75554,13.620934,13.4374895,13.335725,312397400.0,4229055200.0
2025-12-24,13.784712,13.591973,13.468808,13.327254,471708960.0,6388442600.0
2025-12-26,13.732316,13.598378,13.419475,13.310585,580372400.0,7843842600.0
